,-1,-2,0,3175,3176,55677,4793,85200,46536,26327,51993
0,1,0,0.0009398099678689922,0.25192342370909304,0.27723605566094767,0.00850461288741959,0.9087983363951083,0.3116577173086569,0.20625561631337522,0.5933430446445533,0.5519692210071394
1,0,0,0.03528237247874092,0.204962737252915,0.6658471544643436,0.5246483021091416,0.6987477112313342,0.3248360940581884,0.2000182538751406,0.4939053956727416,0.9033600175592369
2,0,0,0.3988329046704085,0.19149514745800628,0.8757307599231792,0.5239040684435403,0.4591838012294849,0.32970724559594045,0.034581735595513745,0.18183335234557457,0.8435560361925445
3,0,0,0.834249468765972,0.07639115528891477,0.8609184708618713,0.504135902362642,0.2559296340796089,0.46937111254217195,0.012386872593239465,0.18215096063323416,0.4258192058735639
4,0,0,0.9622066688810408,0.07659526484228317,0.7312151892940361,0.5014814731915421,0.08597132318758278,0.4890170157667662,0.013326398700162096,0.19074542690973276,0.19797657889597656
5,0,1,0.9694019810720925,0.9321527815179714,0.10346078037982064,0.5015938400245051,0.07984769315183664,0.4881842717735425,0.02518311417453685,0.19192277258542437,0.1540166612684043
6,1,0,0.018242745822253704,0.41288868111127996,0.037915642249598994,0.007741227083834368,0.8693739576941706,0.4776823058620731,0.37348288740307783,0.6112678760748413,0.14780919249130856
7,0,0,0.0027672586381364867,0.4596610712620788,0.2335202702254796,0.5445503227556827,0.8472056168873625,0.21001628584132925,0.4527468851666157,0.4944524086667689,0.8561518625231885
8,0,0,0.0028916302941954042,0.6884674521211545,0.6890097821879919,0.55393809995485,0.9454749439780251,0.1671454867877314,0.2372888249611689,0.17349929155576493,0.7374361141051182
9,0,0,0.00518951421112764,0.18989629551676915,0.3827831038542231,0.5283494507025911,0.9576715766262563,0.3011733964877741,0.03091685493343404,0.1696741201208326,0.5316994847377539
10,0,0,0.03434563854945631,0.49708039046640856,0.7055650959828925,0.5036976073225052,0.27511312019731365,0.4726101984920105,0.1285416026217429,0.18026025112855143,0.6700417339837972
11,0,1,0.41929364266319585,0.9402775802386533,0.084343189112565,0.515368811270558,0.5738569247905871,0.38794328696665176,0.028530796656191404,0.19093944715257713,0.5973306266549682
12,0,0,0.0013711760529486773,0.8074905804950107,0.1292090511690775,0.5034122477287853,0.9162282437691766,0.47472029591182463,0.3961062124338247,0.18582431266382898,0.4274271293874351
13,1,0,9.557477188193697e-05,0.38361533803152914,0.13004109409873746,0.00923045877263417,0.9592430587777662,0.19701166614280882,0.3438812824382031,0.6100285182391081,0.43139200455770066
14,0,0,0.0037509924419935003,0.35047027786039653,0.449317023571371,0.5410359009466691,0.9370483894297248,0.2279674698309876,0.342943236514203,0.4933852958571295,0.8713878803032938
15,0,0,0.01601327453074675,0.4258819963837265,0.7818076274858597,0.5409244637240591,0.8440651173773178,0.2285536269111577,0.09564443292345683,0.17494871240877796,0.7936896357654604
16,0,0,0.09423629719613467,0.12330189871788239,0.6766514815200284,0.5114371372013357,0.6995243815006836,0.41598628554428724,0.019665304727911722,0.1749948271247412,0.6258865595271764
17,0,0,0.4552861082502944,0.176257713710095,0.8064659827680309,0.5023519651076461,0.13478854068036836,0.4825677608541746,0.032822829280937674,0.1875355355502068,0.6290849677192321
18,0,1,0.951793782070891,0.9044016874872504,0.2253320625484769,0.5039255497674247,0.13922346724743698,0.47092535973850447,0.017423986550396713,0.19153606506639317,0.39706394783373905
19,0,0,0.029473353732005367,0.6654422442830561,0.08479906270587066,0.5020839073659191,0.8574412671350472,0.48455322365269193,0.24477795483863127,0.19083852496748802,0.1565958377091392
20,0,0,0.00045193387269620644,0.7995808587627771,0.10288329125119174,0.5292421840989818,0.8401875070691844,0.2956118873865015,0.39556110308015086,0.19165508370151726,0.5291765276318849
21,1,0,0.0001300715914961369,0.4379205828320962,0.17401302353303613,0.00922807416255644,0.9801632730583433,0.19731774105693134,0.37415877712536666,0.592277162935283,0.43925887785774614
22,0,0,0.0025949628116846953,0.30220053843354766,0.4024639935397858,0.5446305166658456,0.9576963921882986,0.20961878920740268,0.29524075255094123,0.4933870045100551,0.8505904837453068
23,0,0,0.0184342184556337,0.487136422145182,0.8028820056555706,0.5352523871680948,0.7844010282377899,0.2597468121004177,0.11791546073153489,0.17346632890004252,0.8161484511377318
24,0,0,0.09239516563840423,0.11033535574875648,0.6373137524764119,0.5140990224805629,0.7551079971792968,0.3969302029429469,0.017733449869088855,0.17735469633581893,0.6072180937658311
25,0,0,0.3615386768160012,0.20822827316794765,0.805583514136392,0.5021209187134156,0.13586108074257877,0.48427905636789936,0.03967430428510602,0.18637565467507233,0.634183543384129
26,0,1,0.9413050970078433,0.9047108068174727,0.20647073216228762,0.5047449285754662,0.16305655279818038,0.46487454980176757,0.017499688660564564,0.19163864716871543,0.45210203847832403
27,0,0,0.023931068611033685,0.6867350019847145,0.0987241279535321,0.5020929612265681,0.8608861545238996,0.48448615492905395,0.2626280524388582,0.19047607924132826,0.16038002151584932
28,0,0,0.0003911725175663327,0.7881957635385954,0.09633364705816021,0.5313692203974795,0.8646333155484331,0.28260014443784204,0.37904100913018896,0.19165106283318364,0.519376954600681
29,1,0,0.0001282109993816985,0.4478900820493692,0.17621417048405827,0.009156094935213972,0.9785110433403207,0.2067639318661043,0.38185827321584115,0.5908038992864468,0.45127385940028897
30,0,0,0.002409434241324919,0.2998303580163682,0.40178498316910416,0.545543892896617,0.9594722127418722,0.20512968025863063,0.2929559211327128,0.4934385801078758,0.8467818063976525
31,0,0,0.0186390744766573,0.48880633246542304,0.8025263773081504,0.5349804678746757,0.783756084226712,0.2613082234173024,0.11826904317074316,0.17309124664961498,0.8172640479841887
32,0,0,0.09155775702252437,0.11041382495194281,0.6365689568538411,0.5141412774303679,0.7557212542724807,0.3966300070396762,0.017764449850389503,0.17746845304564185,0.6064106185878275
33,0,0,0.359945572173769,0.20886804733774458,0.8051468673257101,0.5021246262632825,0.13607963200578402,0.4842515926277185,0.03981643227422351,0.18635728731772924,0.6348092412916996
34,0,1,0.9409037469456658,0.9049000040861387,0.20636810713955395,0.5047619256334235,0.16360584439912867,0.46474913412282737,0.017537265554125023,0.19163700072577972,0.4530344707961743
35,1,0,0.02382907538559934,0.2983501119244862,0.09891152553817562,0.007713181009798011,0.861087403844995,0.4844528636696104,0.2627274335587962,0.6091077083593437,0.16050896462988998
36,0,0,0.011864703579247614,0.38537686541172056,0.3330744078634593,0.5313810596376626,0.6372976681083348,0.28252867953481997,0.3788204963007005,0.494472505668916,0.8892929316186526
37,0,0,0.027553855687711605,0.5616299410236415,0.7671556559895495,0.5451835635965903,0.8585893710136936,0.20689225331257705,0.15904218197441178,0.1789796502854238,0.773020540826913
38,0,0,0.03261949284810529,0.13320273490778084,0.5338163576223943,0.5190123709258242,0.8731835977563723,0.3625858898298941,0.021128484645432273,0.1732391409292731,0.5785613623786976
39,0,0,0.13975319606854397,0.3099268105745846,0.7760635231005031,0.5025269581519515,0.1724057233674004,0.48127190170685924,0.06482260896059527,0.1842492701478983,0.6638934002149257
40,0,1,0.8586844672307039,0.9168090592387964,0.15981616428269022,0.5077522023544613,0.2708964485233024,0.4427668803102682,0.02022670176517307,0.19145839793595545,0.5788595063078689
41,1,0,0.01044704629912187,0.35168491981970185,0.13339579294591805,0.00772303473594769,0.880122579848232,0.48207053325050314,0.31022217441112176,0.6070648476216608,0.19109934214762858
42,0,0,0.007724793763449007,0.34543341186022997,0.307332252019743,0.5370348095600126,0.7455790516024854,0.2496598272179878,0.33917363083038904,0.494465444772888,0.8776291049808986
43,0,0,0.021223678135689993,0.597929623533668,0.7884110517643028,0.5404766039866027,0.8250933966257449,0.23091982474021275,0.17702115358733958,0.17661044076905436,0.7946042837493356
44,0,0,0.03238451170134769,0.11960706094087625,0.5143190131628663,0.5211591935357331,0.8905087538321892,0.34797923875624553,0.019038774718186963,0.17518025608442306,0.567018037181192
45,0,0,0.1283748318206488,0.3328672081520607,0.779293870656247,0.5022770333416426,0.17036113192864594,0.48312271724708544,0.07098903812922978,0.18332608796697225,0.6674689429770051
46,0,1,0.8431545854109199,0.9154992564908335,0.14933359435872834,0.5084895163651667,0.29877839852785465,0.43737706735630905,0.01990908157111321,0.19156932936895857,0.5807991685832241
47,1,0,0.008723074273919343,0.36434060421635195,0.13468989235983436,0.007721870368895781,0.881751280227671,0.482351844166592,0.321547766138201,0.6065605591391106,0.19784710489347435
48,0,0,0.006834866192347916,0.34397089401777,0.30105913755819025,0.5383816522261053,0.7672701148233014,0.24220989212984634,0.3377248794165555,0.494466279124628,0.874255382817866
49,0,0,0.01878910478409083,0.6066042702020327,0.7876558298287072,0.540304463132031,0.8276470199007733,0.23183375963865596,0.1816370186922259,0.1760496916342813,0.795686204834354
50,0,0,0.029827978618364732,0.11993982708126927,0.5065301421126682,0.5217102391950064,0.8964245797967569,0.3442735659663433,0.019109426706044933,0.17525156933540428,0.5646313484724639
51,0,0,0.12074037671872986,0.34201733300162074,0.7778052313438233,0.5022854831866375,0.17295016152143192,0.4830601343021629,0.07360070709674488,0.18308970524903065,0.669017428136867
52,0,1,0.8322931388387678,0.9160756259224909,0.14535987812433124,0.508801780167128,0.31126102915950277,0.43509869278383295,0.020054838684573882,0.19156557802639182,0.5836346003876344
53,0,0,0.00801503640939011,0.7512068697657351,0.13543695762513863,0.5023985525553374,0.8831612370699827,0.4822227481190126,0.3258974716887843,0.18868931869376668,0.20243471907014288
54,1,0,0.00022083963517392042,0.3754232717425237,0.08579425799798736,0.008928296803993022,0.924022544570773,0.2393891938579247,0.3368899180683729,0.6107195908669952,0.4814782834801007
55,0,0,0.0038713787810386135,0.4020750701328451,0.49564298081510966,0.5402052485313551,0.9192238737031219,0.23236163521767822,0.39437200475528955,0.4936018062372048,0.8739988598107693
56,0,0,0.013221345388322326,0.3697491601334688,0.7463211999221819,0.5470277161487425,0.8985484839347236,0.19798665506432406,0.07739957771912195,0.17529268161711184,0.767996860479825
57,0,0,0.08807556845338363,0.1465249022183564,0.7074146337846133,0.5092559792275035,0.6470369307670936,0.43178953722154295,0.023393947830331656,0.1724832751803649,0.6404470742020058
58,0,0,0.5227341782892156,0.1539983810127615,0.7989100411110547,0.5027979012431909,0.14257352253193714,0.4792660069619422,0.02827559489773777,0.18849007841139784,0.6275731724869188
59,0,1,0.9545186523889888,0.9077530933000166,0.24030579166272273,0.5033817268514813,0.12554219252475132,0.47494603695992693,0.018082721364918973,0.19133819273614983,0.35881212817364244
60,0,0,0.03316862758127127,0.6481268584048105,0.07520432291882205,0.5021626910310869,0.8577292069772262,0.48396963262803244,0.23120333499451623,0.19107937155470747,0.1552555335696235
61,0,0,0.0005023953090945763,0.8072024968805589,0.1090129399617369,0.527623902813443,0.818873599463652,0.30573608891955145,0.4070867924704808,0.19162009760750537,0.5369189683369529
62,1,0,0.00013543829632604957,0.42896377366829413,0.1730693545352889,0.009278624119715402,0.9811270064916591,0.19092239383337933,0.3670101925375498,0.5933969355803258,0.4308677035666766
63,0,0,0.0027964947338723167,0.30323490039245077,0.4048470619701916,0.5437822249752498,0.9555870779722365,0.21385094536987717,0.29622346341561434,0.4933507838071471,0.853907003516258
64,0,0,0.0186554878857698,0.48339731911983785,0.8038374391860903,0.5353693338006962,0.7830116175263315,0.25907711131636835,0.1166817604789124,0.17381525880355972,0.8156078430087841
65,0,0,0.0956110897401459,0.10990847787957704,0.6403611031493549,0.513951587276777,0.7510414738534174,0.39797823644336133,0.017650427936446344,0.1773057896169773,0.6083387709230115
66,0,0,0.3703018602736717,0.2056406436551418,0.806385721919284,0.5021109894173973,0.1350255660915322,0.48435260825972737,0.03909783454975788,0.18643975265488047,0.6321842331399029
67,0,1,0.9426279494202171,0.9043613648021487,0.2071534298435169,0.5046759885623979,0.16087118618241933,0.4653832799525227,0.01743085836675933,0.19164305660808625,0.4467864364099451
68,0,0,0.024316033954058854,0.6859467231062467,0.09740671209074324,0.5020847292250706,0.8603681394064072,0.4845471355041261,0.2619675506723077,0.19050655401737449,0.15993325699670752
69,1,0,0.0003924777350833998,0.42067606125243145,0.09648740462572013,0.008661694616565104,0.8637574589943825,0.2830753891147871,0.38059263356287226,0.6109334455713362,0.5196399682591846
70,0,0,0.0035328960986801138,0.38906313566223777,0.4799071991646884,0.545393773411218,0.9354910287838543,0.20586267014281764,0.3816768230770476,0.4937928386961891,0.8592464221434949
71,0,0,0.012834344767892452,0.3927103092846836,0.7475560232591063,0.5455223713215402,0.8973183437383597,0.20523464732313298,0.08320808597599685,0.1731528498568935,0.7748895326957713
72,0,0,0.07752101126674378,0.1450809606101257,0.6926843483067459,0.5099504239850009,0.6722422313039218,0.42674165492203653,0.023253304125452224,0.1731000772040774,0.6343756991222265
73,0,0,0.4756486201775954,0.16418306999456317,0.796836225126397,0.5027810806937536,0.144321272745267,0.47939051743476013,0.03037110533277962,0.18818576357858094,0.634940341087821
74,0,1,0.9508460050377994,0.9086126813918292,0.23704993755643933,0.5036323388440083,0.13235879661023414,0.4730927455597312,0.01826775497861184,0.19134565357583064,0.38652015248636656
75,0,0,0.03144138045963178,0.6520352146336654,0.08106982691067803,0.5021848207460035,0.8593496515816315,0.4838057141313464,0.23410960161536082,0.19096835247087743,0.1564836089135318
76,0,0,0.0004958249411774039,0.8026098154687689,0.10787453399537635,0.5279704197517903,0.8239458419330892,0.3035522401305699,0.4000278339759151,0.19161027116415585,0.5358157795820482
77,1,0,0.0001391985979512314,0.43066448900110094,0.1752089492978455,0.009247632119051745,0.9802130617700945,0.19482026542637879,0.368333527279132,0.593157243800777,0.4359496579475927
78,0,0,0.0027944297284317314,0.3009558892371299,0.4069709512066799,0.5439392787070276,0.9554708202893146,0.21306282860196576,0.29399807457055055,0.4933729905842524,0.8532766603225479
79,0,0,0.019284383974237023,0.4808870307757623,0.8049590731557109,0.5351044978313748,0.7797719307835308,0.2605952833670697,0.11559169217396133,0.1737506157272606,0.8166051783154871
80,0,0,0.09907622723768073,0.10926820014170426,0.6433573744293106,0.5138213150035481,0.7464313169010364,0.3989050333786299,0.01755345108060063,0.17741655834852169,0.6086259370382077
81,0,0,0.3801266814164132,0.20312826047742416,0.8069198975516871,0.5020993911318244,0.13412414821779703,0.4844385241403651,0.03853886715719032,0.1864964031289744,0.630212602022517
82,0,1,0.9438431209307901,0.9041264863131031,0.2078025080997392,0.5046091414846091,0.15876406446058108,0.46587663320975453,0.01738517308375746,0.1916482073166708,0.4407601765432503
83,0,0,0.02467712832837733,0.685195255668698,0.09587656436275349,0.5020792653320627,0.859939384972395,0.4845876108845312,0.26134056982540144,0.19053610717622427,0.15951754944386773
84,0,0,0.00039305542449670163,0.7905547528677268,0.09663691210168353,0.5312158398290697,0.8629287906774133,0.28352696195966115,0.38239787345917753,0.19165714527874048,0.519893269825062
85,1,0,0.0001258495676967561,0.4473786175850198,0.17508534862850222,0.009170675860561686,0.9790161406812933,0.20481776236892935,0.38150042014636704,0.5909101912190318,0.44884053665229895
86,0,0,0.002401216270557691,0.3010276204495376,0.40048268997961095,0.5455014482264738,0.9596486819799313,0.20533673281928894,0.2941263656555977,0.4934281323608826,0.8469849102346313
87,0,0,0.018289993100768984,0.4903953061721778,0.8018698950843892,0.5351197658568855,0.7855914490166805,0.26050760620773555,0.11894975805347774,0.17310866253665314,0.816746096506263
88,0,0,0.08960821506594453,0.11078604080624171,0.6347385675424543,0.5142226258474871,0.7584377676192783,0.3960522909431767,0.017821814980473236,0.17741017096011996,0.6061767688283534
89,0,0,0.3542128798405417,0.21043302299789055,0.804802109261214,0.5021314870435916,0.13663013987033454,0.4842007715245723,0.04016779846449303,0.1863219307639389,0.635915800157694
90,0,1,0.940111493557116,0.9050503657545345,0.2059047776464405,0.5048039453989283,0.16494838228449435,0.46443910296244373,0.017566990675229984,0.19163395402967234,0.4565455974546329
91,0,0,0.02360027317057049,0.6873891099192367,0.0998206202184919,0.5021010104470401,0.8613573591528256,0.48442652878791875,0.26317641877485065,0.19044999395044251,0.16078148032227046
92,0,0,0.0003900176112513894,0.7872839110198662,0.09621441404667448,0.5314345466584834,0.865361264748285,0.28220595113454,0.37775146650943603,0.19164748818501115,0.5191651303070707
93,1,0,0.00012908438263943683,0.44809567385835225,0.17664658373425038,0.009150499767419312,0.9783167831973927,0.20751518042868253,0.3819990034334588,0.5907586259509685,0.45220806586638806
94,0,0,0.0024123998661284437,0.29937244210456987,0.4022765100033514,0.5455605846153666,0.9594059805258333,0.2050482966850699,0.29250828696043735,0.49344258924435386,0.8466997320940182
95,0,0,0.018773587446623705,0.4882072646541678,0.8027748966555363,0.5349271921955686,0.7830527322034354,0.261614837897467,0.1180129977895696,0.17308439808706028,0.8174619172901685
96,0,0,0.09230743665416365,0.1102730124411967,0.6372598565462521,0.5141106786890202,0.7546884309598532,0.3968473850016273,0.017742780923616485,0.17749074748628624,0.6064961741065821
97,0,0,0.3621291226179006,0.20827962569689445,0.8052757731511233,0.5021220346931446,0.13587248063440932,0.4842707897188141,0.03968457280194383,0.18637058782167826,0.6343829471174199
98,0,1,0.9411988577888909,0.9048437206492713,0.20653737759428886,0.504746156585721,0.16310345309450305,0.4648654885731922,0.017526163956813546,0.19163815158505057,0.45169667801915164
99,1,0,0.023914771079796088,0.29816108834371996,0.09856673450078891,0.007713140360928782,0.8609860960165652,0.48446269911853096,0.26256352658481663,0.6091184712020583,0.16040757112013834
100,0,0,0.011871516775825477,0.3857852500133545,0.33317233405399804,0.5313615334347678,0.6368820875899127,0.2826465508058839,0.37922625439119223,0.49447253479672815,0.8893227746730431
101,0,0,0.02751312952578368,0.5614920800570555,0.766881883117771,0.5452316957920138,0.8590172106293263,0.20665617890927626,0.15897670586028417,0.1789878756592559,0.772808271051266
102,0,0,0.03254246659706099,0.13338089268531528,0.5337909141026892,0.5190045512606015,0.8731839098232214,0.3626395704931893,0.02115681416222491,0.1732193796758889,0.578644451289901
103,0,0,0.1396052471558305,0.30994799804069484,0.775984667388306,0.5025303462928025,0.1725192579726594,0.4812468142190497,0.06483032139959181,0.18425263934911107,0.6638997672309292
104,0,1,0.8585521955540563,0.9168400560733543,0.15980747407423346,0.5077531245451133,0.27094662608929804,0.44276013049859686,0.020234516891246692,0.19145689441525074,0.5789545648781751
105,1,0,0.010441965873186103,0.3516955838599428,0.13341521350050992,0.007723063387692492,0.8801461157440662,0.48206361166602796,0.31023147233200077,0.6070642170284742,0.19114947549833822
106,0,0,0.00772386171991587,0.3454114796862059,0.30735592216216623,0.5370359154958677,0.7456038424047884,0.24965364879454094,0.33915186705201844,0.494465424241877,0.877627310790486
107,0,0,0.02122812145972394,0.5979021278061737,0.7884246788803363,0.5404740180826314,0.8250659580144679,0.23093353560023666,0.17700391236258173,0.17660997974488912,0.7946151035869713
108,0,0,0.032397869524860165,0.11959890605398195,0.5143545961062992,0.5211571351671971,0.8904812918100211,0.34799311511291925,0.01903750223936674,0.1751813271846487,0.5670269990671748
109,0,0,0.12841567536134765,0.3328260548085474,0.7793041681808384,0.5022768811555549,0.17034591031586419,0.48312384440313105,0.0709773056213027,0.1833269713913245,0.6674629667795196
110,0,1,0.8432067483847928,0.9154952309149413,0.14935205167231,0.5084881135545162,0.29872214560260923,0.4373873086299779,0.019908076932889315,0.1915693969330963,0.5807819390931919
111,1,0,0.008726503569303443,0.3643180615654006,0.13468560590477985,0.0077218666862588,0.8817439816863641,0.4823527339757775,0.3215276337119852,0.606561518812377,0.19782544229458804
112,0,0,0.0068364379555085715,0.3439757273403438,0.30106403012172983,0.5383792585632615,0.767231550854629,0.24222300004025377,0.33772967312133806,0.4944662817634992,0.874261375877547
113,0,0,0.018792192908564334,0.6065963759164945,0.7876556869305802,0.5403050327366147,0.8276457468356071,0.23183073140247293,0.18163338244471186,0.17605068697712886,0.7956832341804353
114,0,0,0.02982991097301322,0.11994011896656626,0.5065357115356465,0.5217098051174952,0.8964204660015709,0.34427647781785264,0.019109440098645278,0.1752513333260995,0.5646331110972489
115,0,0,0.12074524712892089,0.34201071457582843,0.777805964009744,0.5022854847883672,0.17294855946678575,0.48306012243915886,0.07359880840154943,0.18308989136267753,0.6690160224378998
116,0,1,0.8323007945949814,0.9160753447247059,0.14536261168072107,0.5088015531523916,0.31125194096350206,0.43510034818914517,0.02005476669059476,0.19156557731530277,0.5836330003137862
117,1,0,0.008015517284661,0.3692128047564488,0.13543651455511896,0.007722404415809637,0.8831603061864033,0.48222281188298793,0.32589446904401653,0.606347072010865,0.2024314405166426
118,0,0,0.006503037242375828,0.34312942390233514,0.2999399370107715,0.5388984157385829,0.7754462226065933,0.23939113322822012,0.3368904129669111,0.49446589644205763,0.8729426073793438
119,0,0,0.018105728385986793,0.6083822407821828,0.7875426538067268,0.5402053073388073,0.828198856868132,0.23236132208700785,0.18247031898696273,0.17583491246699312,0.7962282079006368
120,0,0,0.02933657737490078,0.11996187760565963,0.5051784484523314,0.5218097136580454,0.8974153522953063,0.3436065806563808,0.01912003659493066,0.1752926572463873,0.5642270466641123
121,0,0,0.11950511285794367,0.3436206612960834,0.7775759453537695,0.5022867521093,0.1733907876161837,0.4830507361964194,0.07406285414580072,0.18304705877626962,0.6693456197910994
122,0,1,0.830356819203438,0.9161640735553539,0.1446942450023105,0.5088570360003636,0.3134808450466665,0.43469580621827636,0.02007738146321125,0.19156501468792855,0.5840595141060415
123,1,0,0.007897525509150946,0.37003800379724483,0.13554824638959564,0.00772248731946012,0.8834004545248859,0.4822027823503989,0.32662905400011555,0.6063091078916681,0.20326257696038957
124,0,0,0.006447933817625326,0.3430035851058293,0.2997857844800344,0.5389857396134385,0.7768077873939299,0.23891699502004118,0.3367656225288657,0.4944658370357004,0.8727181224485981
125,0,0,0.017994652997361492,0.6086407528580695,0.7875112875945921,0.5401904787937648,0.8283135453191207,0.2324402884234619,0.18258532557106164,0.17579863896000414,0.7963115499166962
126,0,0,0.029259183411057012,0.11997279864780039,0.5049853828933072,0.5218234423285203,0.8975550206313997,0.3435145761230628,0.019122978098742697,0.17529880251099497,0.564174470755193
127,0,0,0.11932580308296248,0.34384957117615705,0.7775405786691173,0.5022871039075925,0.17345832833197317,0.4830481306515689,0.07412908118415551,0.1830411736562228,0.6693961226917381
128,0,1,0.830073755738274,0.9161777519520566,0.14460080000826112,0.5088649543069204,0.3137999277304891,0.4346380784362001,0.020080860828804212,0.1915648585072319,0.5841221511209777
129,0,0,0.007880813482931735,0.7519579586377002,0.13556435986170035,0.5024016647479661,0.8834353399453286,0.48219970073852725,0.3267318249580918,0.18866159686803255,0.20338366470413194
130,0,0,0.00021891678802147171,0.7560223529376302,0.08578808217831081,0.5389979563327344,0.9245799757419985,0.23885071285593906,0.3367476276799437,0.1915140044400673,0.48092337600556484
131,1,0,0.00013105952855632452,0.4677932924907733,0.17768477920271075,0.008974344778290216,0.9743946145852744,0.23245167695538915,0.39437938002739825,0.5855067060713811,0.4821201020717179
132,0,0,0.0020680637923489067,0.2981520454383261,0.4054859419744721,0.5470285904323294,0.9611540964668875,0.19798250092866615,0.2914351870204627,0.49356881098004685,0.8385431541251237
133,0,0,0.01913237195540491,0.4855186680078927,0.7995674033478614,0.5347994727690957,0.7862539217460299,0.2623508209089575,0.1163529257738627,0.17248291745625977,0.8181589309925578
134,0,0,0.09128271168129681,0.1118106829780026,0.6402188060373528,0.5139122889799842,0.7500655656975719,0.39825774128979424,0.018024453957780854,0.1775442035795687,0.6067420261090034
135,0,0,0.36880818961096173,0.2057337699781657,0.8044339919083755,0.5021557223435685,0.136212946665853,0.48402125156386333,0.03912457325587561,0.18645684059736795,0.6348872806603976
136,0,1,0.9417464656417374,0.9052159040056243,0.20845565499573773,0.5046791862480953,0.16114832994649017,0.46535968164697566,0.017598784464853256,0.19162319205200584,0.4477767593571077
137,0,0,0.0243149595635342,0.6845448623398974,0.09737478223809336,0.5021048129364324,0.8609920912243098,0.484398361271302,0.2607106384940234,0.19050514040523053,0.16017172188668205
138,0,0,0.0003964350644064556,0.7893269897156625,0.09703831038681235,0.5311407926062065,0.8622740076366339,0.28398109794237514,0.3806302702978659,0.19164579952218866,0.5205600548641955
139,1,0,0.0001284158720205294,0.44681569412487177,0.17608754138209334,0.009162995208227453,0.9786677641421704,0.20584084502261446,0.38102696752450044,0.5909621954571133,0.45010898166132696
140,0,0,0.002430385702118064,0.29996850919342843,0.4019538308269111,0.5454452913685597,0.9592671383047926,0.20561090900311083,0.29308708349250157,0.4934336358183103,0.8471963440922643
141,0,0,0.01864816168360131,0.48850667749073706,0.8026405710974729,0.5349960781577257,0.7836321935486776,0.2612184255809104,0.11818103312375335,0.1731317069344774,0.8171946054563558
142,0,0,0.0918298242799002,0.11036327336679756,0.6367952960599639,0.5141307597885613,0.7554364176762891,0.39670472140048063,0.01775448982776239,0.1774619209775405,0.6065127483812146
143,0,0,0.3605962057850785,0.2086748519782892,0.8052274663002958,0.5021234350599905,0.13600568320047793,0.4842604164766659,0.0397731888334968,0.18636185898978433,0.634639738303943
144,0,1,0.9410130764061647,0.9048649491129728,0.20640884904733328,0.5047567541601089,0.1634392788823165,0.4647872922544996,0.017530323419238266,0.19163752971229447,0.4526393741432556
145,0,0,0.023857964327920596,0.6868107209917528,0.09881611018951297,0.5020966250981026,0.8610423125133154,0.4844590140455882,0.2626879765761317,0.19047085214311596,0.16047258075977575
146,1,0,0.00039077745212014864,0.4189700479483854,0.0963321276628581,0.008664654543632154,0.8647260940670419,0.2825570517156996,0.37893276635481243,0.6109253399141877,0.5193756841165776
147,0,0,0.0035726266143705234,0.3892502262654943,0.48139802383293334,0.5451968814788672,0.9346199701798125,0.2068269134523893,0.38186006642702464,0.493790717765256,0.8598306389937485
148,0,0,0.012960542168859675,0.39076523828493287,0.7477533650091557,0.545544105586314,0.8971056884058357,0.20512864310294354,0.08264121568875582,0.1732336729337536,0.7747753240908076
149,0,0,0.07859229913770484,0.14496831863775206,0.6942536019603941,0.5098826526209793,0.6695789666054756,0.4272336395068913,0.023230903955243316,0.17309115938231728,0.6347730235475342
150,0,0,0.48106119803018743,0.16307588095916606,0.7971056297784349,0.5027784017025212,0.14397201650885516,0.4794103483193849,0.030140892399855013,0.1882154452552808,0.6342800406750296
151,0,1,0.9513052757594945,0.9084999670358864,0.23748039081481034,0.5036048066787531,0.13158473849850374,0.47329631296831165,0.01824361307349313,0.19134684187642798,0.38328010964196996
152,1,0,0.03164536993183702,0.2660231186610885,0.0803665659895252,0.007715767761875945,0.8591590735842514,0.4838271008852442,0.23372391619142763,0.6098971938075223,0.15633133337507377
153,0,0,0.014832804926465297,0.4075619287179678,0.35925434622619745,0.5279244356549495,0.5651257666533592,0.30384154812132425,0.4008720625571151,0.494470652076752,0.8958116300749401
154,0,0,0.035701077102999294,0.5260850506737401,0.7547479819013203,0.5477981364382498,0.8732944478198843,0.19435093521352007,0.14230551089453958,0.18044035452465784,0.7600114233542749
155,0,0,0.03703939983520979,0.14167086644686794,0.5589545232790961,0.5170132554426845,0.8485223852266897,0.3764157937617231,0.022450415172680798,0.1721682757635899,0.5869027629616212
156,0,0,0.16490829978096672,0.28224560514990016,0.774650988725546,0.5026850575540983,0.17074699449866748,0.48010135560375533,0.057607308388107265,0.1851121671633632,0.6592238016609375
157,0,1,0.8790116228906962,0.9173892959921748,0.17309327330686694,0.506889433211866,0.23886845331959633,0.4490905316735306,0.020367142142139055,0.19138824937714927,0.5685667765051873
158,0,0,0.013000986237315285,0.723023137810367,0.1295323948828977,0.5024359033665878,0.8775512946449789,0.4819461511606396,0.2961985316789909,0.18952996707064407,0.18270908872708277
159,0,0,0.0002953133269671287,0.7615647526640913,0.08992967325867825,0.5353663668695786,0.9013474801642317,0.25909408798165007,0.34351659929034273,0.19149880776454753,0.5009352343169808
160,1,0,0.00014116052002701996,0.459392546997989,0.18349582554506716,0.0090031913670684,0.9737224337549111,0.22819522357008393,0.389444373366969,0.5880309321936777,0.4770908454012645
161,0,0,0.0023033877436622807,0.2921293718702878,0.40982962157586206,0.5464435175501257,0.9593639811954356,0.20077683283913322,0.2854718177232651,0.49354814124775054,0.8421064748032757
162,0,0,0.020905680173953594,0.4795697835149144,0.8050954047830132,0.5340896350284492,0.7739952369755805,0.2664650171996131,0.11413848854395432,0.1727224386892909,0.8206418206940568
163,0,0,0.1026607613868618,0.10884694523821778,0.6473859589250425,0.5136476421064016,0.7389378403127246,0.4001417011605857,0.01754169952795037,0.1778415313826538,0.6074331497182958
164,0,0,0.3945910833304982,0.19978728892938521,0.8066113143371834,0.5020979856637127,0.13324596009512904,0.4844489353983453,0.037799397407766604,0.1865719475217371,0.6284550732557482
165,0,1,0.9450747354017254,0.9042597075838715,0.20910554668964404,0.504520707823138,0.15605927123802166,0.46652940306256446,0.01741155024533446,0.19164883148132292,0.43185093794862467
166,0,0,0.025141678122415613,0.6837193709555217,0.09349175797773474,0.5020824200020573,0.8596900713102614,0.4845642417225774,0.2600848230743831,0.19057520917095064,0.15906561877890937
167,0,0,0.0003942786091409548,0.7925241370968426,0.0970289413326544,0.5310662343399761,0.861328539876546,0.28443270098561174,0.3852178900490003,0.19165574425398305,0.5205495291957734
168,1,0,0.00012409275989777398,0.4467609241185236,0.17424657914723093,0.009182942704968965,0.9794190725553578,0.20319337201988097,0.38103801582852354,0.5910138588555204,0.4467907763967479
169,0,0,0.002400201938809226,0.3019200918018003,0.3995649548204259,0.5454466018360713,0.9597274151927001,0.20560450784469078,0.29499782681903597,0.4934193427389006,0.8472256903748311
170,0,0,0.018043321106028527,0.49149274815907584,0.8014230471413994,0.5352234774093254,0.7868696159078903,0.25991253498016414,0.11943149603041683,0.17313116914643453,0.8163569371406332
171,0,0,0.08828042191833735,0.1110431864125956,0.633449751777614,0.5142801951956769,0.7603455548966422,0.39564361972223744,0.017860965715445497,0.17736678793835228,0.6060226566536218
172,0,0,0.35021198739070053,0.21154027939334327,0.8045672484604939,0.5021361694101228,0.13701621938849623,0.4841660871652984,0.04041698323265084,0.18629691245888536,0.63666449043601
173,0,1,0.9395483297796355,0.9051526779431079,0.20556030424186325,0.5048337452811478,0.16590321498298732,0.4642192491527628,0.01758726875915136,0.1916318747323218,0.4589953261640665
174,0,0,0.023437776490950687,0.6877821414218703,0.10046022484276772,0.5021034356753886,0.8615454826476732,0.48440856353003975,0.2635105470796673,0.19043682351379307,0.1609758158092262
175,0,0,0.0003894656007239064,0.7867493175412537,0.09613035307936844,0.5314743504571852,0.8657906166237226,0.28196592657004615,0.37700004864779896,0.191646411154279,0.5190131872864244
176,1,0,0.00012958584331439787,0.44823506252618533,0.17688810215857262,0.009147241019383658,0.9782034065215005,0.20795386194441873,0.38209823213912036,0.5907310398011175,0.45275369871327403
177,0,0,0.0024135524349540474,0.2991167530536396,0.40254521987184355,0.5455723538644475,0.9593742994204949,0.20499092763067142,0.2922584417982918,0.49344492425346814,0.8466445774658741
178,0,0,0.018848089464906712,0.487882156626348,0.8029090399413769,0.5348974562489578,0.7826680806295035,0.26178607448216934,0.11787322496157829,0.17307956932796406,0.8175725553014299
179,0,0,0.0927175227129749,0.11019672573860545,0.6376368687863365,0.5140939750717821,0.7541220501299742,0.3969660668327347,0.017731095474879943,0.17750319213623422,0.6065409426968615
180,0,0,0.3633256846931892,0.20795904576340848,0.8053448225150284,0.5021206371314962,0.1357599256332771,0.4842811421946793,0.03961279597464802,0.18637784877313346,0.6341498314170314
181,0,1,0.9413586330146156,0.9048135568449068,0.20662920721049968,0.5047375728054464,0.1628303719423757,0.46492882695312954,0.01752022014281494,0.19163877221361386,0.4509634945597516
182,0,0,0.023961395856562973,0.686558813991769,0.09837798393866296,0.5020954167613069,0.8609312649924199,0.4844679650394846,0.2624746342254745,0.19047933066507394,0.16035266959618197
183,1,0,0.0003910572699878093,0.4195023574465353,0.0963873379343079,0.008663777905154007,0.864450988183444,0.28271048889040556,0.37944845204418753,0.6109261632583043,0.5194729943215547
184,0,0,0.00355984333406611,0.3891838510539245,0.48094417585857135,0.5452580531606194,0.9348945594677063,0.20652698637212483,0.38179490857401205,0.4937913459191106,0.8596484532109007
185,0,0,0.012922597607304246,0.3913580638111842,0.7476978588944385,0.5455363773146643,0.8971644026174458,0.20516633153440872,0.08281341350915329,0.17320855909536523,0.7748152054367141
186,0,0,0.0782683011400476,0.1449992730882065,0.6937790957231664,0.5099032395229098,0.6703861147717672,0.4270841743980307,0.02323720229840252,0.17309433034048954,0.6346514806991189
187,0,0,0.4794266453921573,0.1634100804451356,0.7970254991545568,0.5027791549649432,0.1440757247677346,0.4794047723857067,0.030210324592933366,0.18820642847441893,0.6344806448214383
188,0,1,0.9511677517629329,0.9085334923569603,0.23735112249766527,0.5036131103788162,0.13181774080793507,0.47323491612405166,0.018250790470100423,0.1913465077567413,0.3842574998707352
189,1,0,0.031583956385018166,0.2661551782242768,0.080578263171589,0.007715794051011476,0.8592162294251181,0.4838207425898407,0.23383969398284984,0.6098915303588848,0.15637695181365627
190,0,0,0.014825733046408003,0.40730639966503074,0.35916567628303214,0.5279382395377327,0.5654353141636137,0.3037546852713407,0.4006178688255676,0.4944706332387141,0.8957927296079397
191,0,0,0.035720734067687686,0.5262079756975858,0.7549252486147918,0.5477680123683074,0.8730562005908662,0.19449215826834212,0.14235963237192495,0.1804345028189642,0.7601509549917457
192,0,0,0.037080843638664984,0.1415499428155732,0.5589394326754787,0.5170197209071663,0.848557856856013,0.37637073172391666,0.022430971578097134,0.1721805839369441,0.5868446688489708
193,0,0,0.1649763608067029,0.28226560678003654,0.7747038320361356,0.5026827321553159,0.17067576562072181,0.48011857101157407,0.05761140477158858,0.1851093713867921,0.6592249272797864
194,0,1,0.8790633946236585,0.9173686351807588,0.17308238643987187,0.5068899230488086,0.23887656854525252,0.44908693663983545,0.020361871076502613,0.19138928101227104,0.5685158026928385
195,1,0,0.013001482233425898,0.33602102314407517,0.12952404874345277,0.00772353030732249,0.8775390980507991,0.48195081947976554,0.2962098794564235,0.6076543170118514,0.18269142274271843
196,0,0,0.00890983273747546,0.34982400126711294,0.3151588814047179,0.5353677172801908,0.7167440225993533,0.25908636089635195,0.3435260101642365,0.49446508966078884,0.8815599746174557
197,0,0,0.024296199027296284,0.5870323522672107,0.7875068526909467,0.5409936960800569,0.8254599934488555,0.22818934423016413,0.17139192143404947,0.17730646556872032,0.7919879881441416
198,0,0,0.03494547709323803,0.12028080070745781,0.5231325865600289,0.5204871017452982,0.8834504218735676,0.352523448056943,0.019123394037042645,0.17496617641087986,0.5698708239866689
199,0,0,0.13694484510812321,0.3226252781148322,0.7803345752151903,0.5022871536530262,0.1681003156558868,0.4830477622190439,0.06813715817170478,0.18361471627808862,0.6656605272228291
200,0,1,0.8538086372610475,0.9150986696612545,0.15385724543428284,0.5081485242149116,0.2853549971522075,0.43986801577989953,0.019807799986165987,0.19156483642277639,0.5775799400704343
201,0,0,0.0095523162115229,0.7427326894482934,0.13372900525250908,0.5023690072477177,0.8803440079696269,0.48244154994051813,0.31663352988191845,0.1889761611826454,0.19339840691165452
202,0,0,0.00024287471933883992,0.757689466564915,0.08626642049997645,0.5377973174635813,0.9175360790884698,0.24542377729906348,0.33880030844715525,0.19152850019995377,0.4875857150948587
203,1,0,0.00013354098012499622,0.4661220253025271,0.17970752772193627,0.008983082775022438,0.9741442379331938,0.23115509125957928,0.3938082826943789,0.586341743662862,0.48061688019164306
204,0,0,0.0021214138924896264,0.2960465558033663,0.4059775016626339,0.546960890238084,0.9609572101673203,0.19830436683344307,0.28935110576958367,0.49356254985427905,0.8393095239784423
205,0,0,0.019594903583519147,0.48484387583838734,0.801279489071674,0.5345514141987092,0.7825035507600537,0.26378398913416823,0.1161004655964546,0.17251061957859887,0.8190418359833023
206,0,0,0.09396223908365119,0.11087530208961854,0.6414587490671222,0.5138821179146413,0.7480287211253945,0.3984723739009835,0.017873561517562024,0.177648062867901,0.6066548232032737
207,0,0,0.37396641595236163,0.20470485385511195,0.8049763721205928,0.5021376758482315,0.13546628773099859,0.48415492834395973,0.038892166948283215,0.18646996059655901,0.6334397431812471
208,0,1,0.9424428729972317,0.9049773797289011,0.2083988626837107,0.5046513927316887,0.1602209752815157,0.4655647975314723,0.01755195951127501,0.19163120577238218,0.44454547405057354
209,1,0,0.024452171191683397,0.2961459506315869,0.0965909130386624,0.007713234812539609,0.8607137852999975,0.4844398455916417,0.2607653731347135,0.6091831481062147,0.15994448943121084
210,0,0,0.011998476050131972,0.3881288597916302,0.33463849692892533,0.5311473135042852,0.6325163167791719,0.2839416207260128,0.3815546908252043,0.4944724671154168,0.8897305065025455
211,0,0,0.02766364627403869,0.5594962131342348,0.7654365335976004,0.5455078852714124,0.8611300855545315,0.20530532202282412,0.15799900177634568,0.17907813478708373,0.7715457616351787
212,0,0,0.03246346068710743,0.13433404330658666,0.5348027522386716,0.518887785152863,0.8721849911640631,0.3634415490710489,0.021306993386468673,0.1731060212007693,0.5793512670760704
213,0,0,0.14009755615735733,0.3087772445779087,0.7757022817055303,0.5025483073564586,0.1728045360985738,0.48111382308262696,0.0645242705276851,0.18430295517018333,0.6637273934596188
214,0,1,0.8591263840863212,0.9169525688015475,0.16036224669685467,0.5077165294336224,0.2696098518816413,0.4430279978605222,0.02026252745627484,0.19144892416774792,0.5789107969908917
215,0,0,0.010531924813778397,0.7361669112512189,0.1333480148267938,0.5024233916817127,0.880096052931357,0.4820388037425028,0.30963821184107804,0.18916603228007176,0.1908931025293501
216,1,0,0.00025990875573671913,0.37789654721344884,0.08772994825891345,0.008859730629002284,0.9124408070564438,0.25004807191661393,0.33922717660209695,0.6107026624399062,0.49228942291362243
217,0,0,0.004040687879011942,0.3996912551493059,0.5014647047198443,0.5404829661181878,0.9173705737265998,0.2308860941169583,0.39206275586300093,0.49365093680945166,0.8732206713522613
218,0,0,0.01405421790231283,0.3632231698600904,0.7476616225292058,0.5467539576484927,0.8969953817782074,0.19929057254644467,0.07534636588980174,0.17517762086522118,0.7691639213417141
219,0,0,0.09275315681512135,0.14556611975869058,0.713486587348131,0.5090104957801064,0.63592044881978,0.4335773314464898,0.023241314980084662,0.17259531579074744,0.6411939640397737
220,0,0,0.5454777681707143,0.14997173291665836,0.7998881521073469,0.5027796468289848,0.14094486743411558,0.47940113142453994,0.027453267395927815,0.18859774283137423,0.6248699083757538
221,0,1,0.9561229232464434,0.9073372278852972,0.24171901982976085,0.5032833803494876,0.12284724348833757,0.47567350346417436,0.017996090307533706,0.1913462895840652,0.34557728476770927
222,0,0,0.03391304814403813,0.6464327600318384,0.07254379688115548,0.5021523300966361,0.8570323857141878,0.48404637896710745,0.2299497263638525,0.19112295172485916,0.15473091014018497
223,0,0,0.0005049346231602793,0.8092585262516244,0.10951195385884692,0.5274744256252806,0.8166406915454887,0.30668079438850504,0.41030153620315724,0.19162469839247262,0.5373899971481592
224,1,0,0.00013371938383832188,0.428220930962178,0.17210825639820873,0.009292772367669972,0.9815300918244043,0.18916710225792713,0.3664307462576626,0.5935003178223406,0.4285585091171355
225,0,0,0.0027969800367837884,0.3042619631410493,0.40385449487870717,0.543713453388431,0.955647646922715,0.21419670409717914,0.2972262687415507,0.4933406461357524,0.8541813898075156
226,0,0,0.01837476177229622,0.4845749179910674,0.803325682741583,0.5354886677474345,0.7844670602331422,0.2583948751416301,0.11719423953281953,0.17384357106161766,0.8151571388208113
227,0,0,0.0940554223769597,0.1102011723046496,0.6389638521018598,0.5140128321530085,0.7531615314351243,0.3975427691703543,0.01769484918246855,0.17725589543736986,0.6081918250632155
228,0,0,0.365799621034897,0.20682038358115643,0.8061336540070925,0.50211630213061,0.13544543480957624,0.4843132539156966,0.03936114932466275,0.18641312416381714,0.6330671764642646
229,0,1,0.942049209157968,0.9044719710887953,0.20682761102084682,0.5047074783973667,0.16186837362092849,0.46515089766990086,0.01745245736576575,0.19164069730865949,0.44954732295436156
230,1,0,0.0241448254887162,0.29782838189283833,0.09811393386550148,0.007712870487174895,0.8605697430034478,0.4845279997032533,0.26228264274503593,0.6091448697630515,0.16013167422223545
231,0,0,0.011906303676015483,0.3863216250399669,0.33327840667501074,0.5313280715794982,0.6361081332034656,0.28284861353072216,0.37975937730636056,0.49447272818050964,0.8893557138083942
232,0,0,0.027486917853237085,0.5613318253648364,0.7665185373875298,0.5452949350854742,0.859552807193239,0.20634630518712513,0.15890580748697358,0.17900197208605415,0.7725171233230269
233,0,0,0.032439801788848935,0.13361738426562222,0.5337274899931077,0.5189960840166469,0.873203979876578,0.3626977004640304,0.021194469912783013,0.17319341872980684,0.5787287936036901
234,0,0,0.1393796707030074,0.31000930707053526,0.7758661365038679,0.502534849828019,0.1726782978153813,0.4812134679377584,0.06484955023174586,0.18425628762155538,0.6639087252679636
235,0,1,0.8583370180216767,0.9168864670998024,0.15977843683025375,0.5077554237720503,0.271054813811237,0.4427433018033254,0.02024626965468005,0.1914548959413155,0.5790924043651383
236,0,0,0.010431851201549852,0.7367606326584696,0.13344270544799125,0.5024214472843541,0.8801844847202267,0.4820532026664966,0.31026254128311354,0.1891489313830027,0.19123182097864513
237,0,0,0.00025832449348654095,0.7579868233345719,0.0876241570549822,0.5370396109717583,0.9129174746647327,0.2496330043668872,0.3391210591739606,0.1915052239272485,0.4918778333517576
238,1,0,0.00013712789623552545,0.4637545582301952,0.18147831984194743,0.008984448930821566,0.973759713454802,0.2309529450838087,0.392188839488644,0.5868684692009827,0.48034363848585343
239,0,0,0.0021914692734431476,0.29420572330692557,0.408046924331456,0.5467689054323183,0.9602421293000798,0.1992192132567523,0.2875338931421887,0.4935615709489368,0.8402874613426203
240,0,0,0.02022273195385066,0.48208731967170443,0.8029166385772043,0.5343351058158556,0.7787220457198655,0.2650377313871223,0.11504284352927135,0.1725891966539448,0.8198028102067336
241,0,0,0.09797685077780358,0.10999463890531977,0.6445093577520166,0.5137557222913152,0.7433956003790085,0.3993719497460483,0.01773043377105964,0.1777386675865736,0.607084097066884
242,0,0,0.38424240875511234,0.2021594206744897,0.8057313118169691,0.5021205579927389,0.13440989241829995,0.4842817284175707,0.03832600774325887,0.18652493193486597,0.6311372584427594
243,0,1,0.943771534708953,0.9046469681613512,0.2089049865678834,0.5045836855201303,0.15807017193543274,0.46606452382235997,0.017486987430091947,0.19163880735756436,0.4382310483078924
244,1,0,0.024817281383105703,0.29556797460469336,0.09502896386498201,0.00771299691646662,0.8602137097213399,0.48449740761892124,0.2602778491568113,0.6092293563383688,0.1594971528968628
245,0,0,0.01200037470109501,0.38998496473633826,0.3348449796634541,0.5310892311889805,0.6312243666434795,0.28429336270793176,0.3833992589942406,0.4944726375849099,0.8897966550639201
246,0,0,0.027367528786775168,0.5591902029163353,0.7641456987620301,0.5457266604341675,0.8631314149214764,0.2042398412584045,0.15786170278652545,0.17910261324067486,0.7705890491129698
247,0,0,0.032024387740988605,0.1351784175105244,0.5343762135305256,0.5188713875222191,0.87244908776864,0.3635542318701327,0.021441998955816007,0.17301626934314815,0.5796714290968973
248,0,0,0.13905795418619435,0.30922000849883297,0.7752886465020882,0.5025644536829184,0.17343352805793413,0.4809942712522396,0.06465312142551895,0.1843100219441288,0.6638055289632148
249,0,1,0.8581530589945242,0.9171143448697563,0.1601575902088654,0.5077319364018628,0.2702746330015772,0.44291521860708233,0.020303625560672542,0.19144175942860278,0.5795058023500207
250,0,0,0.010476233072633854,0.7363763788222942,0.13348440282056567,0.5024283069243949,0.8802548931772761,0.4820024048287446,0.3098569937389688,0.1891592580681199,0.19127228338926805
251,1,0,0.00025931942045250554,0.3777404023993553,0.08775627546437026,0.008860649771271507,0.9126231804337513,0.24990256869520006,0.33907433508958146,0.6106993125590843,0.4921580656380756
252,0,0,0.004043750435340095,0.3996604650490448,0.5015192823701895,0.5404648059600115,0.917304567920613,0.23098238422443687,0.39203138092079315,0.4936502782042222,0.8732687387046609
253,0,0,0.01406681308945367,0.3631449340777709,0.7477124923972607,0.5467502379941511,0.8969284390943024,0.1993083327406601,0.0753273561617937,0.17518514295473261,0.7691782586299464
254,0,0,0.09284568191978604,0.1455328221526649,0.7135591378412403,0.5090082229431986,0.6357905451527989,0.4335938919519003,0.023235541656090146,0.17259683852300167,0.6412073319467394
255,0,0,0.5457771059263492,0.14992445212638497,0.7999158933007113,0.5027789563572441,0.14091247436290666,0.4794062425546109,0.027443583715515134,0.18859873987537198,0.6248174737196049
256,0,1,0.9561475686049774,0.9073253562984113,0.24172402800223292,0.5032822222253219,0.12281421579263457,0.475682070688163,0.017993639227516577,0.19134659585181643,0.3454034162512871
257,0,0,0.03392161507499848,0.6464260837256266,0.07251114245625523,0.5021520369514005,0.8570190258956665,0.4840485503866142,0.22994529233697958,0.19112346496828203,0.15472340612013635
258,0,0,0.0005049145972987299,0.8092835646300283,0.10951230024681799,0.5274738969141403,0.8166309950007381,0.30668413870981903,0.41034104115554343,0.19162482856518068,0.5373881379430058
259,1,0,0.0001336829604962952,0.42822004082349935,0.1720932630234833,0.009292946363800136,0.9815356244923775,0.1891456092032969,0.3664303441718901,0.5935006834777755,0.42853027132433197
260,0,0,0.0027967160964431107,0.30427796547200314,0.40383452040431517,0.5437134056662986,0.955651524450829,0.21419694416505966,0.29724192827110224,0.4933405214620037,0.8541817672417559
261,0,0,0.018369750947646524,0.484599819446305,0.8033158146981088,0.5354905312010285,0.7844934560769342,0.2583842308186134,0.11720457269847587,0.17384359070938693,0.8151502279130269
262,0,0,0.09402506827498407,0.11020666844204444,0.6389361317707386,0.5140140670351604,0.7532027204542802,0.3975339904667602,0.017695706821781305,0.17725511640452654,0.6081878178422782
263,0,0,0.36571209674265165,0.20684385091889862,0.8061283208969272,0.5021164047029579,0.13545365172063475,0.4843124941047812,0.039366390444182615,0.18641258728296173,0.6330846182559502
264,0,1,0.942037588679742,0.9044743069394975,0.20682107254082255,0.5047081051828907,0.1618882486074123,0.4651462723959376,0.017452914629024506,0.19164065175797498,0.44960091483452763
265,0,0,0.024141401349078023,0.6863294944988697,0.0981276405568457,0.5020873671215904,0.860573849975559,0.484527594587809,0.2622889684616705,0.19049235647446067,0.16013565212856973
266,0,0,0.00039209099929373505,0.7886898765735525,0.09640883441216268,0.5313288251689037,0.8641785638706372,0.28284406196247563,0.37974323491872203,0.1916535471977707,0.5195042404545039
267,1,0,0.0001277831798963878,0.44776115799649235,0.17598575723810245,0.009159143232420725,0.9786131929914733,0.20635568277967378,0.38176954009065,0.5908318937925215,0.450765723248672
268,0,0,0.0024083264494255603,0.30007247423376404,0.4015340465322757,0.5455333683923571,0.9595024737983617,0.2051810064941883,0.2931925363747511,0.49343639589499977,0.8468331520347565
269,0,0,0.018569582491040574,0.489110381958577,0.8023987425867574,0.5350086285786089,0.7841212152424833,0.26114624372106554,0.11839994606480182,0.1730955649325454,0.8171591582173943
270,0,0,0.0911752468291564,0.11048648756428267,0.6362149184920329,0.5141569209592487,0.7562502695065413,0.3965188885791824,0.017775588688956793,0.1774566694347511,0.606368272334711
271,0,0,0.35882824261086016,0.20917002496746184,0.8050811900395604,0.502125958451108,0.13618606281626003,0.48424172444600877,0.039884163783255794,0.18635048775153645,0.6350261589812719
272,0,1,0.9407518454588544,0.9049286725893227,0.20628034647919785,0.5047700256272507,0.16386420542150704,0.4646893684814879,0.01754292445356485,0.191636409132533,0.4537191065954411
273,1,0,0.023785077343348216,0.2984480839221175,0.09908844067967143,0.007713201730129054,0.8611392466295095,0.4844478501780033,0.2628124393662355,0.6091021798320635,0.1605611972262895
274,0,0,0.011861106466394445,0.38516738237190556,0.3330234399267313,0.5313911863235564,0.6375129554445487,0.2824675606043213,0.3786123642249001,0.4944724908213219,0.8892773591482129
275,0,0,0.027574389067017556,0.5617016581041707,0.7672958577303909,0.5451588740415578,0.8583698367051507,0.2070134241065064,0.1590762691745083,0.17897538455569306,0.773129417594335
276,0,0,0.0326588044934062,0.1331115597215106,0.5338284129082895,0.5190164418798708,0.8731842268706156,0.36255794475801945,0.021113991199035523,0.17324927821535788,0.5785185603423215
277,0,0,0.13982791850614798,0.30991705389228175,0.7761037221694701,0.5025252247711561,0.17234794150937663,0.48128473656024134,0.06481895506081062,0.18424751614497087,0.6638902289916772
278,0,1,0.8587509818670825,0.9167932519327644,0.15982006777410077,0.5077517654508606,0.27087213303996693,0.44277007815628505,0.02022271890747385,0.19145916714415406,0.578811260320943
279,0,0,0.010449545463194734,0.7367177054869072,0.13338597170997898,0.5024186306665903,0.8801106902553353,0.4820740607312431,0.3102179979957049,0.18915053980758004,0.191074169441354
280,1,0,0.0002584601566215187,0.377847902129427,0.087599192353072,0.008862166621982628,0.9128756797600796,0.24966260245903626,0.3391846373249546,0.6107059072001976,0.4919005947152017
281,0,0,0.004031273983297515,0.3998502367173345,0.5012152627550123,0.5404779117429795,0.9174693835355555,0.23091289102752557,0.3922185949120234,0.49364919131506524,0.8732366478640988
282,0,0,0.014008325460943214,0.36350747846521925,0.7475516059577755,0.5467724330599808,0.897128992081443,0.19920237544086294,0.07543330414805538,0.17517971440418764,0.7690856707022536
283,0,0,0.09249587911231645,0.14564282722094754,0.7132064616881587,0.5090208902682186,0.6364361935970482,0.43350159624685314,0.023253805772459762,0.17258775258289044,0.6411658407906154
284,0,0,0.544379249390904,0.15015514838011004,0.7998255446314293,0.5027811406891859,0.1410390007894494,0.47939007332709554,0.027490688352384714,0.18859318304762743,0.6250144068387871
285,0,1,0.9560431470019046,0.9073639956604087,0.24166651755294927,0.5032878557254727,0.12297121180923629,0.4756403970006589,0.018001623211218638,0.19134562696415888,0.34621347757455967
286,0,0,0.0338789634479084,0.6464964390812626,0.07266786219632825,0.50215299182303,0.8570699224174986,0.48404147735252234,0.22999621329795955,0.19112096839189713,0.15475633065895744
287,0,0,0.0005048722545641782,0.8091631226822984,0.10949486313408283,0.5274799687002759,0.8167258654277889,0.3066457332984178,0.4101514539474335,0.19162440454958002,0.5373764104151091
288,1,0,0.00013381551566187392,0.42824674070017305,0.17215637001468037,0.009292111372834647,0.9815108007612624,0.18924877304260984,0.3664505853336899,0.5934964842379079,0.4286661172209814
289,0,0,0.0027972432659506244,0.3042105367694495,0.40390915983571646,0.5437158080169142,0.9556414882070668,0.21418485929309775,0.29717602065495907,0.4933411197595348,0.8541718145254368
290,0,0,0.018389447978759778,0.4845087694463721,0.8033533460056653,0.5354826883160594,0.784390342392098,0.25842903243059007,0.11716596437757137,0.17384260163525586,0.8151796018620274
291,0,0,0.09413958100338733,0.11018549944900705,0.6390403848700048,0.5140094530826682,0.7530465944617298,0.39756679111077997,0.01769244516432014,0.17725839520835504,0.6082011221289976
292,0,0,0.36604362092329135,0.2067556209693254,0.8061478416685718,0.5021160146137215,0.1354225485706785,0.48431538371494215,0.039346682647419695,0.18641459326408427,0.6330192123521853
293,0,1,0.9420811773042709,0.9044657522258273,0.20684574136687794,0.5047057483272467,0.16181351351325707,0.46516366450498914,0.017451240966595706,0.1916408249902018,0.44939778818961384
294,1,0,0.02415425699270828,0.29780812198221496,0.09807559273617299,0.007712866033456262,0.8605585704984235,0.48452907738033746,0.2622651028782314,0.6091460505521775,0.16012071646883871
295,0,0,0.011906972558721297,0.38636707127175546,0.3332888437162472,0.5313259820356112,0.6360635447622192,0.2828612342933985,0.37980453311545437,0.4944727313719166,0.889358850944514
296,0,0,0.02748211202063784,0.561317122841255,0.7664879234252799,0.5453002914219092,0.8596004617526254,0.20632007451104936,0.1588988328103432,0.17900285237394678,0.7724935123455415
297,0,0,0.032431084082948404,0.133637337926459,0.5337240347007661,0.5189952510450627,0.8732045179648013,0.3627034192571366,0.02119764561922605,0.1731912199919953,0.5787379539510675
298,0,0,0.13936247320132886,0.3100123610826956,0.7758572225448123,0.5025352296346856,0.17269121200783072,0.481210655679052,0.06485059795485322,0.18425664652616175,0.6639095063235615
299,0,1,0.8583214750060236,0.916889967710156,0.15977712819855014,0.5077555490502258,0.27106128943857877,0.4427423848604681,0.020247153776009573,0.1914547274002897,0.5791033061035542
300,0,0,0.010431219843347262,0.7367619891426263,0.1334449581599804,0.5024215530233249,0.8801872140848487,0.48205241963268886,0.3102639415187906,0.18914887630314323,0.19123773622762263
301,0,0,0.00025832029838365685,0.7579848269459626,0.08762517466525842,0.5370397775217711,0.9129188354457282,0.24963207397723583,0.3391185348123855,0.19150517699564978,0.49187716274633525
302,1,0,0.0001371307454605105,0.46375344202321817,0.18147919355292272,0.008984438178144427,0.9737592435932658,0.23095453552483564,0.3921876266161386,0.5868683534442461,0.48034543512727085
303,0,0,0.002191508487449941,0.2942048081441834,0.40804932556032397,0.5467687616412014,0.9602414113856418,0.19921989961226047,0.2875329982089342,0.4935615786536604,0.8402878637651301
304,0,0,0.020223220219841315,0.4820841927305932,0.8029174093415349,0.5343349992860222,0.7787199900802215,0.2650383497626081,0.1150416212135257,0.17258925551653603,0.8198031882817505
305,0,0,0.09798003222704049,0.10999422408567838,0.6445124711366167,0.5137555762122523,0.7433909573102102,0.3993729897986624,0.017730366652774096,0.17773871221746343,0.6070847082662317
306,0,0,0.38425214476093783,0.20215682505408897,0.8057318630143684,0.5021205499654953,0.134409082449474,0.48428178787963794,0.0383254339953574,0.18652499547405024,0.6311353694522692
307,0,1,0.9437727468847272,0.9046467279343448,0.20890573545821492,0.5045836169052977,0.15806803387769544,0.46606503028161167,0.017486940079011255,0.19163881092230411,0.4382251153440044
308,0,0,0.024817663595808725,0.6839843330452424,0.09502748295430688,0.5020914365151257,0.8602132700007333,0.48449744956977003,0.2602771282258601,0.19054739254259845,0.15949673838380762
309,1,0,0.0003953443363240744,0.42358384395190746,0.09705237312792721,0.008654753316158404,0.8616346615292515,0.2842938830443475,0.38340100946376654,0.6109288753389763,0.5205920432842837
310,0,0,0.003479614735380709,0.3883859646902796,0.4777504271755041,0.5457268680403808,0.9368544876168367,0.20423883208694946,0.3810103844979813,0.49379781247459914,0.8582426778063189
311,0,0,0.012698147622747246,0.3955717937560253,0.7474837430363201,0.5454433244123185,0.8973467061259434,0.20562051714229293,0.0840344334588813,0.173016184190798,0.7752596819714743
312,0,0,0.07614324527150187,0.1450904872425683,0.6904999752173142,0.5100492161170436,0.6759155903147516,0.4260247309274251,0.023261513894473264,0.17313251413403524,0.6337455076900071
313,0,0,0.46839558070037973,0.16573652106337117,0.7965173739574744,0.5027820625567541,0.1447208443915327,0.47938324933739834,0.03069439509770716,0.18814250224513834,0.6358260659431797
314,0,1,0.9502295547201588,0.908745268447622,0.23642437584114148,0.5036710024349296,0.1334410791534202,0.47280688942385635,0.01829636840242271,0.19134521805943305,0.39086335652114856
315,0,0,0.031159399645991112,0.6527760826433383,0.08202687234641272,0.5021882428635208,0.8595982578223436,0.4837803662395566,0.2346708912160127,0.19095122920143365,0.15669039346114833
316,0,0,0.0004943312962032115,0.8018525645157353,0.10765226515330426,0.5280373397508684,0.8248983993136764,0.30313148680960034,0.3988799041664373,0.19160875164687063,0.5355734313097201
317,1,0,0.00013971277429282515,0.4309960887959324,0.17553692058983006,0.009242601894817234,0.9800649592196521,0.19545980919150147,0.3685921348163569,0.5931109489616299,0.4367777621450365
318,0,0,0.0027923656229029855,0.30060719890577325,0.4072651002898527,0.543969969301194,0.9554715929156442,0.2129090616017425,0.2936578157254809,0.49337659490609315,0.8531536170841265
319,0,0,0.019377737933987442,0.48054747434169615,0.8051174691675342,0.5350640030332005,0.779297955790209,0.2608279168341143,0.11544142248275899,0.17373798574330704,0.8167581512700242
320,0,0,0.09957234684089869,0.1091769611908681,0.6437745070321603,0.5138033563718135,0.745778327120251,0.3990328525330164,0.017539798342420244,0.17743350024726218,0.6086570236895776
321,0,0,0.38151949747861763,0.20278041642328812,0.8069912333547529,0.5020977582847651,0.13399836584245642,0.48445061975006654,0.038461660122499776,0.18650421369770775,0.6299310076227973
322,0,1,0.9440089531618148,0.904095054549989,0.2078881446197915,0.5045999082592145,0.15847410386446112,0.46594478260084987,0.01737908101026514,0.1916489324598548,0.439905500122661
323,0,0,0.02472665234501501,0.6850957164651231,0.0956606520697846,0.5020785367289484,0.8598808124477144,0.48459300823952994,0.2612579211855584,0.1905401894697738,0.1594608447343984
324,1,0,0.00039310892760560564,0.4227997227452561,0.0966562926185205,0.008658780027325577,0.8628189232272337,0.28358652077240926,0.38265286555817013,0.6109376650146341,0.5199255952600113
325,0,0,0.0034790665553092767,0.38885994323392276,0.47801876851016334,0.5456381364998624,0.9365947958387769,0.20467048582394534,0.38147755548355544,0.49379492714059375,0.8585155415584375
326,0,0,0.01267200947820338,0.39517468564534985,0.7472858249399684,0.5454987362443813,0.8976059046352667,0.20534996750130918,0.08393121636546721,0.17305258158973202,0.7750184640403479
327,0,0,0.0761683005661452,0.14523804354264835,0.6906793890054933,0.5100368762701709,0.6756238533749788,0.42611426326417007,0.02328400841229062,0.1731097753635946,0.6338725768942755
328,0,0,0.4687472806232658,0.16560638324990604,0.7964853930498745,0.50278475283145,0.14477729460130445,0.4793633350160584,0.03066771651248116,0.1881479054788127,0.6357699960965983
329,0,1,0.9502467429231007,0.9087593311508346,0.23648676588069928,0.5036678118316932,0.13336076596180207,0.4728304782310039,0.018299240766822603,0.1913440247616545,0.3906638086994147
330,0,0,0.031178156567762284,0.6527027688607667,0.08197664675908913,0.5021885863934762,0.8595959581072892,0.4837778216908637,0.23461486945308077,0.19095264220629707,0.15668243773723894
331,1,0,0.0004945348783871482,0.43967664778921145,0.1076779234762978,0.008550052373507913,0.8248071826464117,0.3031734669800483,0.3989401198274906,0.6108626768929382,0.5356035244347837
332,0,0,0.0037581330860564275,0.3757547773750745,0.47326463378782224,0.5475691763992659,0.9409233772882912,0.19542622190128947,0.3685622777590772,0.4938728359265948,0.8525277380744672
333,0,0,0.013782799486475305,0.4025410019055888,0.7536067657901458,0.5439664259921717,0.8890844482452597,0.2129268103532649,0.08577703528561605,0.17226184235200748,0.7814971317208145
334,0,0,0.07794500824456226,0.14069004502599053,0.6886598331269157,0.5102575464132347,0.6785409426469124,0.4245139037997365,0.02257598489373216,0.1737394438708238,0.6310401778435657
335,0,0,0.46973167074284616,0.167116973651111,0.7980052782784853,0.5027000753338979,0.14241491741446208,0.4799901769949539,0.030969322108216412,0.18805129890791059,0.6358475890999625
336,0,1,0.9507130035875032,0.9081018192661878,0.23544700011868175,0.5037038820848879,0.1340891545751258,0.4725638101526636,0.018163220376359188,0.19138158702250196,0.38971532855878444
337,0,0,0.0310362405887556,0.6539097021919034,0.08195468765734035,0.5021723185810888,0.8592592092377478,0.4838983193380012,0.23554971464330376,0.19093666843745533,0.15659392150157175
338,0,0,0.0004900052767165038,0.8019007961025099,0.1071918396249419,0.5281421158350158,0.826263461992838,0.3024733665507597,0.3989664476443392,0.19161582255829487,0.5349963410739664
339,1,0,0.0001383619039117675,0.43165329130216823,0.17525349802722903,0.009242981033527217,0.9801339057219071,0.19541153805768732,0.369128075419269,0.5930384621967193,0.43672644401789434
340,0,0,0.0027702292376378403,0.3009055075705249,0.4065966498094468,0.5440335717032779,0.9557323553908321,0.21259065126017943,0.29395184330646135,0.49337632324065833,0.852913262068609
341,0,0,0.01923389541641951,0.48143899461405215,0.8048156972234453,0.5350989957952178,0.7800384100534997,0.2606268835888761,0.1157831544928934,0.1737118139959228,0.816637606685887
342,0,0,0.09855152173417955,0.1093360635577217,0.6428765666689008,0.5138441964873588,0.7471056610499412,0.3987421958010272,0.017565818181800256,0.1774188601731363,0.6084799674462
343,0,0,0.37868106636135634,0.2035310273235081,0.8068081728569676,0.5021008702185858,0.1342535428548721,0.48442756755331096,0.03862804439198087,0.1864864518784947,0.6305343145251583
344,0,1,0.9436469542066498,0.9041753592510717,0.2077011924977048,0.50461980622792,0.1590984104593941,0.46579791950358623,0.017394718582023433,0.1916475504598469,0.44163889659357913
345,1,0,0.024618031051480006,0.29684985373285877,0.0960932876820798,0.007712659085457312,0.8600160656393165,0.4845791539283242,0.26143837231589906,0.6092047052338783,0.1595838559431333
346,0,0,0.011929467999301337,0.38871942388305175,0.33377003722781956,0.5312274914571476,0.6339561537533451,0.2834564926435948,0.3821419886433503,0.4944728796649104,0.8895029784336127
347,0,0,0.02720031117159314,0.5606372455925692,0.7648894411722336,0.5455775436891908,0.8620787584086814,0.2049656336022514,0.15857753909507433,0.1790443485534311,0.7712746670345154
348,0,0,0.03195984339857424,0.13468168962721375,0.5334674072333813,0.5189568794692868,0.8732972642719053,0.36296690185032093,0.021364110749543887,0.17307744004894435,0.579200435254059
349,0,0,0.13838188552660385,0.3102573323720401,0.7753812751059559,0.5025551384500425,0.17339083667047733,0.4810632435319194,0.0649284572785287,0.18427318037227705,0.663960556371238
350,0,1,0.8574188076268154,0.9170765815302635,0.1596674189346807,0.5077648588297776,0.2715071519114112,0.44267424528655624,0.020294415049459134,0.19144589292674147,0.5797072365565871
351,1,0,0.010390429901324614,0.3518649020701144,0.13357316713410344,0.007723282989282434,0.8803416025829705,0.48201056218603183,0.31038134277232404,0.6070561931033948,0.19158407153877613
352,0,0,0.00771005100601041,0.34523311174621213,0.3074960787020399,0.537053741698976,0.7459502049792617,0.24955407468887333,0.3389748804806071,0.4944652668817351,0.8775907520679503
353,0,0,0.02124392116795781,0.5977490694121672,0.7885242589100785,0.5404529890117081,0.824873552270989,0.23104505568585382,0.17690184998084837,0.1766025487839236,0.7947058081930755
354,0,0,0.03248264528629704,0.1195385207597351,0.5145759898352494,0.5211449502875337,0.8903105400299176,0.3480752638655562,0.019028206142715085,0.17519003777024858,0.567081427887741
355,0,0,0.1286769784095893,0.3325705570338031,0.7793741232602672,0.5022757693597624,0.17024604051024414,0.4831320788491608,0.07090434728811311,0.1833322010469563,0.6674278672122455
356,0,0,0.8435377279203018,0.1102188351214929,0.6731723168985624,0.5084793902054531,0.2983717815116866,0.4374509949545001,0.01990125335030624,0.19156989052360196,0.580669710580469
357,0,0,0.871538429394626,0.1772394477417142,0.7926046987512501,0.5023801840750439,0.11736271084583887,0.48235877763337653,0.03337957885522515,0.1888308372611598,0.19768829089595835
358,0,0,0.9524304623871832,0.10393151238039212,0.47527811562517663,0.5039921331820645,0.14025350909378337,0.4704333288307301,0.01865108964927714,0.19152353902161698,0.17820844003328276
359,1,0,0.8515036353735203,0.0995272496114291,0.5331451326206574,0.007717260394575791,0.09975516919689853,0.48346613483686507,0.08499084093718191,0.6096329904432553,0.15588807343252878
360,0,0,0.9679333310797128,0.06673616625279759,0.5204651221904758,0.5101635563015504,0.21390328340173836,0.4251953575267666,0.0650263567853663,0.4944695824991452,0.5962916594124166
361,0,0,0.933025898931131,0.3174394735155132,0.8265556233839522,0.5077765648424778,0.12357456455858709,0.442588570354752,0.06898889786927023,0.18809244191805868,0.39767135443079543
362,0,0,0.9050059161496341,0.09074183850458448,0.4890855199287313,0.5082503654076841,0.3181571859964868,0.43912374843274876,0.015785095237906988,0.18913963666445022,0.14168321919303778
363,0,0,0.7321354778466154,0.3507932612840439,0.5183205181032595,0.5018878980587193,0.10502052391265239,0.4860053412598833,0.0797735636202366,0.18893142106199726,0.17291937593085505
364,0,1,0.6427221032950777,0.975545318905749,0.034685845692467056,0.5095398090761275,0.32456589984569534,0.42972465128000303,0.06968082262499373,0.19174214827047556,0.21573173577353158
365,0,0,0.0025160106149572,0.8403838176475966,0.03852449036685301,0.5083330972723902,0.9300922001811248,0.43851933196657344,0.45675104100642283,0.1883656548073384,0.26736693602295214
366,0,0,3.5842465454053724e-05,0.8372011324360658,0.07435154938294587,0.554411377308396,0.9776991669060185,0.16517756582091608,0.4519927314408498,0.18889508189165047,0.3905233821120247
