,-1,-2,0,5665,16367,186159,38307
0,1,0,0.09582148192064845,0.9116947218805426,0.4754880051245266,0.5677220431824906,0.6766985898105792
1,0,0,0.4642078191925496,0.8752261142352995,0.29802492216008464,0.0234969590945067,0.6981406784816208
2,0,0,0.6375519778090074,0.7770485308433086,0.16224446359018377,0.018174554623813777,0.616430787539779
3,0,1,0.681651995364425,0.16017665797970987,0.9538293211138992,0.014919272783604392,0.5625901727481377
4,0,0,0.0019717850345983973,0.011552777752814897,0.8143359647505022,0.04652447300781352,0.5262517602483652
5,0,0,0.001908612268914274,0.015061340192439317,0.7443702471651981,0.0381878581833453,0.5080864872250968
6,0,0,0.0027527329225658565,0.020943150203489132,0.7033109672480937,0.034565960141377534,0.49432283435902874
7,0,0,0.003476611082751113,0.02579608354654505,0.6801584516513152,0.03259707381807372,0.48441996411214217
8,0,0,0.003995381918957239,0.029151716807318494,0.6685430971394196,0.0315350959722852,0.47742508343662626
9,0,0,0.00430333697295684,0.031079342823129748,0.6644001704847827,0.03101499785149427,0.4725528720984662
10,0,0,0.004434623464557694,0.03186125437457742,0.6649838243702626,0.03083150742661731,0.4692045656563561
11,0,0,0.004438699255784327,0.03183914398355425,0.6683965412744043,0.030857293739949287,0.4669386358691093
12,0,0,0.004363457505366365,0.03132281279021749,0.6733246920793658,0.031008488886262852,0.46543485107369104
13,1,0,0.004246964915565467,0.30876082679538047,0.678873186260101,0.7803510427449529,0.8816317527830589
14,0,0,0.015950848729371806,0.3680495991804723,0.29906352858313107,0.03147713328909199,0.8251192756731313
15,0,0,0.12654394675606628,0.3869613055099238,0.10598118008621175,0.01820196622236517,0.6943107348099445
16,0,1,0.2945150252809529,0.06266557697908429,0.9242975876393558,0.013745202430519365,0.6130328013127778
17,0,0,0.0014164381674273052,0.009585026477700256,0.7622594967227742,0.04462617464260447,0.559506493348586
18,0,0,0.002451129079728605,0.01917702676582533,0.6755471140061919,0.03545922314678864,0.5299280825520797
19,0,0,0.003957918810199786,0.02937714125740917,0.6238669171162476,0.03132761276573586,0.5084034924656573
20,0,0,0.005380581963630887,0.03847568707959039,0.5952369192240832,0.02909088242066754,0.493207048062106
21,0,0,0.006485251068397499,0.04513375264777016,0.5821845508766653,0.027919257476420014,0.48261571104173234
22,0,0,0.0071479946390790305,0.04889825928783772,0.5796774290083069,0.027400446607511227,0.47531740292143637
23,0,0,0.007371600153808313,0.0500178298045119,0.5841879278365458,0.027301870686129118,0.4703498628029518
24,0,0,0.0072478630886465625,0.04913386488018597,0.5931921471879624,0.027479464649889783,0.4670211001139056
25,0,0,0.006901179839637718,0.046981309874764565,0.6048551546351936,0.027837355257164072,0.46483904252978336
26,0,0,0.006444730099060689,0.044195699159032695,0.6178266164024985,0.028307660493141196,0.46345588803734955
27,0,0,0.005960822500719205,0.04123770651204941,0.6311112905233832,0.028839790185306736,0.4626262917831854
28,1,0,0.005499834749325548,0.36141318397142214,0.643989238873968,0.7694704209975676,0.8806689339179558
29,0,0,0.02438506483379142,0.4456969283826724,0.2717291211858603,0.029942746661135798,0.8235261470417995
30,0,0,0.19564088522595235,0.4837657271952605,0.09671415631062395,0.017493883130232323,0.6931526367100905
31,0,1,0.4129743859808106,0.08850110255310066,0.922020070500327,0.013560762442767703,0.6121673141814277
32,0,0,0.0016261839234324334,0.010568117569376798,0.7612382618056128,0.044482882258326424,0.5589004800990217
33,0,0,0.002475542979773438,0.019328289361369398,0.6751801625502858,0.03540763676874404,0.5294965095428231
34,0,0,0.003968094206642763,0.029439690016689748,0.6239213683466037,0.03131115895466558,0.5081049074211201
35,0,0,0.0053807693029079215,0.03847196979566018,0.595569126887104,0.029093155547588505,0.4930041771678195
36,0,0,0.006474439984337969,0.0450627217665455,0.5826961612046908,0.027932585954787474,0.48248061496516204
37,0,0,0.007127393617531319,0.048771172352067994,0.5802982337252607,0.02742060473876334,0.4752298316021334
38,0,0,0.007344369118618968,0.049854229715057735,0.5848666404655413,0.027326247554863774,0.470295380936883
39,0,0,0.00721772504242859,0.048954414121123384,0.5938904674697324,0.02750628490457829,0.4669895140646998
40,0,0,0.006871272919305028,0.04680289379378374,0.6055439590856019,0.027865299816362266,0.46482318524156835
41,0,0,0.006417124226499365,0.0440296281070809,0.618483731020126,0.028335676182659978,0.4634507183287716
42,1,0,0.005936569849541434,0.37786013303368177,0.6317203503765009,0.7661432199883896,0.8808595950188273
43,0,0,0.02800522111214283,0.47244047551043095,0.26209725488628566,0.029420518318031292,0.8232256662364665
44,0,0,0.22544158431944533,0.5180490925696837,0.09353874632809475,0.01725087777707676,0.6928955721114168
45,0,1,0.4582489819633109,0.0997119595932259,0.9211857954044278,0.013498125986549247,0.6119593225908891
46,0,0,0.0017252637384294691,0.011017360131261122,0.7607860766613785,0.04443050282317438,0.5587513224099981
47,0,0,0.0024866003007435527,0.01939710302579162,0.6749157027338397,0.03538481831220637,0.5293869790436083
48,0,0,0.0039746618407489965,0.02948203362560258,0.6237763027543698,0.03129930597255251,0.508027245193347
49,0,0,0.00538576664569635,0.03850267513475507,0.5955039535750949,0.029087100005672144,0.4929499448942206
50,0,0,0.0064775071018571065,0.04508039198642293,0.5826849344894561,0.027929970654102788,0.4824432126924852
51,0,0,0.007128405188295554,0.04877621219822901,0.5803229351790308,0.027420162236547828,0.47520436955884604
52,0,0,0.007343649225437334,0.049849199590961776,0.5849144384155948,0.02732721793357043,0.47027832409676396
53,0,0,0.007215835715085451,0.04894273467543966,0.5939520596999088,0.02750817466418851,0.46697834147238454
54,1,0,0.006868780302978963,0.4102753833413675,0.6056124999196831,0.7595845741937206,0.8817797989636615
55,0,0,0.03706955813910499,0.5278429678319511,0.2419790682288426,0.0283384654107403,0.8228445948134946
56,0,0,0.29702928533515766,0.5883726705119323,0.08712994398609769,0.016753958732118896,0.6925001805453529
57,0,1,0.5523337155902949,0.1266505223576441,0.9194414803043727,0.013372577234433237,0.6116166791861412
58,0,0,0.0019860979909738096,0.01216082448835758,0.7597731370731559,0.04432117706626002,0.5585013087364379
59,0,0,0.002513236918145646,0.019561476322004074,0.6742508741399732,0.035333754103767,0.5291992275920872
60,0,0,0.003991051859023785,0.029588384061203427,0.6233313574881412,0.031269527798528915,0.5078918070616119
61,0,0,0.005400502521366352,0.038594684192587984,0.5952075237280804,0.029068534069438132,0.4928536049225924
62,0,0,0.006489966180095132,0.045154891526354914,0.5824913761178141,0.027918078399485187,0.48237526084147647
63,0,0,0.007137851203301333,0.04883093408722563,0.5802011411384618,0.02741253420316915,0.4751567319488491
64,0,0,0.00735005078870993,0.04988558943591227,0.5848426592118223,0.027322433667483673,0.4702451004801041
65,0,0,0.007219688376625201,0.048964427787349274,0.5939148787288969,0.027505336819293173,0.4669552930089966
66,0,0,0.006870775697802016,0.04679891473522109,0.6055988625501247,0.027866277170148883,0.4648002254368602
67,0,0,0.0064152495636805315,0.04401774177858255,0.6185560434411134,0.028337910424935636,0.46343563073483834
68,1,0,0.005934092089945085,0.37776797153158337,0.6318005140392786,0.766162368037449,0.8808555400030307
69,0,0,0.027981996098066952,0.4722762963469807,0.26216158703790093,0.02942390167052296,0.823226244999378
70,0,0,0.22524464749414239,0.5178325095384984,0.09356011375645366,0.017252489780385172,0.6928964590974319
71,0,1,0.4579583446882791,0.09963676471478504,0.9211916749426602,0.013498546514024587,0.6119601825551225
72,0,0,0.0017245770587017042,0.011014269611424755,0.7607896952555161,0.04443087176041848,0.5587519699818825
73,0,0,0.002486517766989763,0.019396581479704474,0.6749182864993742,0.03538500085978309,0.5293874818820113
74,0,0,0.003974600554657414,0.029481631228866198,0.623778239061417,0.031299421754873574,0.5080276167850675
75,0,0,0.005385704195607912,0.038502281433391655,0.5955054479245195,0.029087180825805328,0.49295021581219833
76,0,0,0.006477446570992154,0.0450800255183107,0.5826861137247911,0.027930030617288933,0.48244340931269264
77,0,0,0.007128350716550047,0.048775891234501,0.5803238835211473,0.02742020871591205,0.4752045123343177
78,0,0,0.00734360316623123,0.04984893164224127,0.5849152132209763,0.027327255189170636,0.4702784282278863
79,0,0,0.007215798533182365,0.048942518539758645,0.5939527002768684,0.027508205298255036,0.4669784180026476
80,0,0,0.006868751211511301,0.046787590451643074,0.605613033313429,0.027867791497539887,0.46481616970922796
81,1,0,0.006414443401436378,0.39487584203598275,0.6185545930963746,0.7627177734405292,0.8812045525354767
82,0,0,0.03237232391872845,0.5008699226640321,0.25190626726166837,0.028869940002219995,0.8229738515450283
83,0,0,0.26045180870521045,0.5542452041290863,0.0902599455456231,0.016997376789849965,0.6926614346123636
84,0,1,0.5067016515200949,0.11286600743528641,0.9203068519773882,0.013433749546526026,0.6117639297866797
85,0,0,0.0018483044543640607,0.0115632216656052,0.7602921856609609,0.04437538253483239,0.5586101334998669
86,0,0,0.0024994095264635236,0.01947622810736193,0.6746081347722044,0.035359911454123524,0.5292822290182474
87,0,0,0.003982296004153404,0.029531390262139773,0.623586854062545,0.03128552636211788,0.5079523752710698
88,0,0,0.005392143338365378,0.03854222958166528,0.5953939020679174,0.029079193599922046,0.49289720730894593
89,0,0,0.006482300534215072,0.04510871053664606,0.5826291635938361,0.027925555003150422,0.48240645133318866
90,0,0,0.007131363984391444,0.0487929325592505,0.5803041546981832,0.027417964123426616,0.47517898764383415
91,0,0,0.007344932609670714,0.04985601423430062,0.5849204393086691,0.027326480152941545,0.4702609820856666
92,0,0,0.00721586058389891,0.04894234041986497,0.5939740815652774,0.02750841192690362,0.4669666497719979
93,0,0,0.006868016011862068,0.04678287263813953,0.6056441708996029,0.02786864761290395,0.4648083766955048
94,0,0,0.006413303551663744,0.04400628530229516,0.6185907934428653,0.028339754332285427,0.46344151039682957
95,1,0,0.005932735335357554,0.3777195775960649,0.6318271290310312,0.7661715693158231,0.8808573408605819
96,0,0,0.027971912389921097,0.4722085980220234,0.26218057508287,0.029425025054648352,0.823227983013638
97,0,0,0.22517005374978438,0.5177523283750572,0.09356590323610516,0.017252965601731205,0.6928976337253322
98,0,1,0.457853387514216,0.0996098513542933,0.9211930035467887,0.013498660457675702,0.6119610163618163
99,0,0,0.0017243380290656472,0.011013204398621796,0.7607900593194812,0.044430955129878,0.5587525417692755
100,0,0,0.0024865002731971095,0.019396482566504093,0.6749181131698199,0.03538501922580421,0.5293878791137983
101,0,0,0.003974602061976958,0.029481647532238225,0.6237777149410213,0.0312994139877092,0.5080278859803729
102,0,0,0.005385718662408413,0.038502378669726146,0.595504696242653,0.029087158949356616,0.49295039433860627
103,0,0,0.006477473832222409,0.04508019725816996,0.5826852221739496,0.02793000045482337,0.48244352435263965
104,0,0,0.007128388237511212,0.04877611915653504,0.5803229162055625,0.02742017357557714,0.4752045832711207
105,0,0,0.007343646585201337,0.04984919048197806,0.584914217960899,0.02732721718819863,0.47027846873161566
106,1,0,0.007215843290966447,0.42176467066052314,0.5939517136184412,0.7571368116997185,0.8826826526039571
107,0,0,0.04139013067399668,0.5502523332473644,0.23299762109958283,0.027867751991957335,0.8229204318795105
108,0,0,0.3303738773684936,0.6169473101578891,0.08432503763740222,0.016536685263459635,0.6924657736875849
109,0,1,0.5901287393526087,0.13938156662404325,0.9186266405209279,0.013317992040214489,0.611554845634628
110,0,0,0.0021226147144516932,0.012740836551380988,0.7592289637182389,0.044270194556583334,0.5584500917479834
111,0,0,0.002527239458088397,0.019648496861888135,0.6738222394787028,0.03530635061247943,0.5291552494854962
112,0,0,0.004001283545877428,0.029655717355958913,0.6229738201194669,0.03125034346706321,0.507857093832029
113,0,0,0.005411893370615383,0.038666950795968984,0.5948996535173872,0.029053623675116106,0.4928266769698191
114,0,0,0.006502192084830156,0.045229473548867465,0.5822209861557643,0.027905732383765806,0.482354388304972
115,0,0,0.007150039109395548,0.04890334000247588,0.5799606708284738,0.027401881729820016,0.47514042070595336
116,0,0,0.0073614269841818635,0.0499523182149368,0.5846273401242513,0.02731298999664668,0.47023217370194365
117,0,0,0.007229761407162692,0.049023439391598,0.5937217899963755,0.027496825723491884,0.46694486391325574
118,0,0,0.006879346828715287,0.046849474874489136,0.6054262995347228,0.027858547384807735,0.4647916445588076
119,1,0,0.006422336243117326,0.39514091909213056,0.6184030192043648,0.7626678220590534,0.8811969337339678
120,0,0,0.03243691496344321,0.5012493422432035,0.25179899567137204,0.028863659911756392,0.822965246574439
121,0,0,0.2609143931043457,0.5546908659466692,0.09022789461157046,0.016994727971990663,0.6926554980901751
122,0,1,0.5072889121445345,0.11303303210882669,0.9202992590226992,0.013433121750969631,0.6117596700917108
123,0,0,0.0018498888740172007,0.011570125932844958,0.7602897429697949,0.044374906649760716,0.5586072034688807
124,0,0,0.0024995245378175387,0.0194768829384269,0.6746085227729026,0.03535978831151092,0.5292801840282868
125,0,0,0.003982301068335534,0.02953138967320157,0.6235890850123823,0.03128554374156409,0.5079509838857761
126,0,0,0.005392083499500024,0.0385418223995781,0.5953973324854698,0.029079286693709877,0.49289628015901066
127,0,0,0.006482177189137549,0.045107930889436626,0.5826333390307873,0.02792569263324853,0.48240584992673513
128,0,0,0.007131189047805505,0.04879186822597519,0.5803087444794987,0.027418128685101625,0.47517861292956437
129,1,0,0.00734472717235849,0.42650835339068144,0.5849251977395608,0.7558829965603154,0.8840407557857979
130,0,0,0.04419228642359404,0.5644183112172978,0.22575682310524314,0.027508600066685783,0.8233081426772332
131,0,0,0.3541830379185222,0.6363682211128266,0.082027788609417,0.016363539525544583,0.6926274407489
132,0,1,0.6157118013297688,0.14887010319752444,0.9178979395355604,0.013273449945695483,0.6116257507381686
133,0,0,0.002231767418216143,0.013198487272815055,0.7586515448740991,0.044224648915116606,0.5584883672493055
134,0,0,0.0025402177568606913,0.019731308119598178,0.6732876891917601,0.035277295334413865,0.5291719782428314
135,0,0,0.004013575157462162,0.029737768167165102,0.6224621872488169,0.031226434646556032,0.5078626578487712
136,0,0,0.005427855851295645,0.03876912953010018,0.5944070560205491,0.029032299934432383,0.4928257706740773
137,0,0,0.006521373298630802,0.04534736289079509,0.5817482520799366,0.027885989581299085,0.48234966013036
138,0,0,0.0071709600163134095,0.04902842141457714,0.5795099851639903,0.02738326722964947,0.4751334534768693
139,0,0,0.007382412840071093,0.05007606139887434,0.5842013574769664,0.02729529936147995,0.4702239392085156
140,0,0,0.007249438359241213,0.0491391948895835,0.5933233939298374,0.027479995093913502,0.46693597033709744
141,0,0,0.006896863093830255,0.04695313260084807,0.6050584116589092,0.027842605256692497,0.46478248321405524
142,1,0,0.006437340529688162,0.395649931665921,0.6180683048402331,0.7625693906736897,0.8811930752134898
143,0,0,0.03256817159092626,0.5020302095646683,0.2515527043281682,0.028849796542465386,0.8229526377258888
144,0,0,0.2618927547803489,0.5556383277106468,0.09015206037283606,0.016988647925341077,0.6926460308395401
145,0,1,0.5085469552741045,0.11339254279944772,0.920279981651213,0.013431636468058235,0.6117525356115152
146,0,0,0.0018533309818738167,0.01158516283022281,0.7602809268154576,0.04437369847090361,0.5586022131863742
147,0,0,0.002499818630387702,0.0194786306321335,0.6746051446228435,0.03535934386896346,0.5292766243832052
148,0,0,0.00398240211884835,0.029532004785001984,0.6235892082082057,0.03128539242674461,0.5079485174179996
149,0,0,0.0053920964011285755,0.03854186237130058,0.5953997657747667,0.029079291834472977,0.4928946013795039
150,0,0,0.006482100100306969,0.045107419032690665,0.5826372686532264,0.027925790258452945,0.48240472937100504
151,0,0,0.007131032131357208,0.04879089764074659,0.5803135904953753,0.02741828355964987,0.47517788408572764
152,0,0,0.007344515757742718,0.04985351647077343,0.5849305371381843,0.027326850830508162,0.47026030814178316
153,0,0,0.007215411005078889,0.04893966679456847,0.5939843391406224,0.027508811178373775,0.46696627237933336
154,0,0,0.006867576615528777,0.046780252683728,0.6056542040892023,0.027869058339402793,0.4648082024112767
155,0,0,0.006412901887298767,0.044003869312112115,0.6186003086704527,0.028340162667304918,0.46344147352423437
156,1,0,0.005932384770438374,0.37770684256365017,0.6318359098216675,0.7661740887612574,0.8808573636893435
157,0,0,0.027969017863401162,0.4721886583456763,0.2621872705748782,0.02942539568950466,0.8232282757979589
158,0,0,0.22514712450041863,0.5177273766767803,0.09356805058851671,0.01725313338711434,0.6928978614891795
159,0,1,0.4578202974252714,0.09960132886207396,0.9211935551619411,0.013498702720294298,0.6119611919258822
160,0,0,0.001724261217348995,0.01101286023493557,0.7607903315049113,0.04443098974358599,0.5587526656513059
161,0,0,0.0024864927043197543,0.019396436460596113,0.6749182432282292,0.0353850329568131,0.529387968369932
162,0,0,0.0039745985909756965,0.029481625692180824,0.6237777539147439,0.031299419815826734,0.508027948326015
163,0,0,0.0053857170438528735,0.038502369361150264,0.5955046748057857,0.029087160576094204,0.4929504371614682
164,0,0,0.006477474227732067,0.04508020064588139,0.5826851609854409,0.02792999959463445,0.4824435532761678
165,0,0,0.007128390520625064,0.04877613362381312,0.5803228298546752,0.027420171163843387,0.47520460240446233
166,0,0,0.007343650250638434,0.04984921273302357,0.584914117001071,0.02732721379590837,0.4702784810195237
167,0,0,0.007215847690271467,0.04894281022700834,0.5939516058421681,0.02750816195618904,0.4669784451831394
168,0,0,0.006868798314923622,0.04678787090920523,0.6056119749674246,0.02786774767662277,0.4648161794516969
169,0,0,0.006414485907884423,0.044013598081483994,0.6185535972932655,0.02833844404711051,0.46344652850431084
170,0,0,0.005934044164332825,0.04107464101685631,0.631788383479061,0.02886989873924751,0.46262599192967474
171,1,0,0.005476983665506144,0.36053143317961905,0.6446027491623836,0.7696478864429401,0.8806712996424845
172,0,0,0.02420965696362018,0.4443240332832444,0.2722073603830552,0.02996909541157808,0.823547036616807
173,0,0,0.19420729345389878,0.4820268577086583,0.09687226704244353,0.017506035999569666,0.6931688637548664
174,0,1,0.41071379419065573,0.08796507516524067,0.9220604388840925,0.013563888732459745,0.6121798563242424
175,0,0,0.0016215876902917834,0.010547076738773569,0.7612583715359686,0.044485418254599986,0.5589093499211687
176,0,0,0.002475039495891066,0.01932517662749952,0.6751900093186768,0.035408651887985365,0.5295029111476258
177,0,0,0.003967839190754486,0.029438073683688202,0.6239246442182158,0.03131160036671066,0.5081093848012882
178,0,0,0.00538063915174162,0.038471210793761604,0.5955680414765436,0.029093292307971787,0.4930072569453445
179,0,0,0.006474450910421639,0.04506285738153909,0.5826921991079813,0.027932542397051573,0.4824826989494136
180,0,0,0.007127538524086974,0.048772097350464734,0.5802924417811994,0.027420448571493457,0.47523121375267174
181,1,0,0.00734461337856095,0.42651314183839567,0.5848597748969121,0.7558785504643701,0.8840553667019065
182,0,0,0.044207099451966034,0.5644989347274052,0.22570168168638804,0.027506013474966323,0.8233133287506951
183,0,0,0.35433670919914034,0.6364931623594963,0.0820098593875865,0.016362227818827964,0.6926299684554469
184,0,1,0.6158782201699582,0.1489347441011764,0.9178918570829773,0.013273102888922257,0.6116271159916009
185,0,0,0.0022325423654487486,0.013201730521459485,0.7586461692085421,0.044224268934688685,0.5584892017108262
186,0,0,0.002540326230434595,0.019732016030782513,0.6732823005489801,0.03527702494326339,0.529172461210148
187,0,0,0.004013696765115138,0.029738585699230036,0.6224567403062818,0.031226193718981568,0.507862928497671
188,0,0,0.0054280245576012,0.03877021299469268,0.594401612035622,0.029032072999461204,0.49282590504544554
189,0,0,0.006521584138434949,0.04534866165859211,0.5817428898359815,0.02788577146778119,0.4823497060244118
190,0,0,0.00717119632634571,0.04902983658549187,0.5795047777213521,0.02738305615503824,0.47513344198162405
191,0,0,0.007382654584747893,0.05007748852620402,0.5841963693895323,0.02729509502032389,0.47022389083167915
192,0,0,0.007249668310428817,0.049140548751948294,0.5933186829535283,0.02747979807324245,0.46693589873583174
193,0,0,0.006897069983544491,0.04695435760883159,0.6050540294614168,0.027842416796338927,0.4647823976073438
194,1,0,0.0064375191610908464,0.39565598927301004,0.618064295479225,0.7625682180117888,0.8811930359562605
195,0,0,0.032569740823345156,0.5020395337158725,0.25154974999885504,0.02884963051988289,0.8229524901224915
196,0,0,0.26190446442782106,0.5556496547671658,0.09015114990509925,0.016988575006561406,0.6926459193963618
197,0,1,0.5085619995776024,0.11339684868899315,0.92027974954565,0.01343161863669919,0.6117524513802336
198,0,0,0.0018533722582799094,0.011585343113130475,0.760280819478423,0.044373683924244595,0.5586021542134336
199,0,0,0.002499822176990126,0.019478651738287354,0.674605101967206,0.03535933845789068,0.5292765822650015
200,0,0,0.003982403376080144,0.02953201247367225,0.6235892071752995,0.03128539051610871,0.5079484882049279
201,0,0,0.005392096631384503,0.0385418633404993,0.5953997922223692,0.02907929179137147,0.49289458147296095
202,0,0,0.006482099279344846,0.04510741353626071,0.5826373129377382,0.027925791319550374,0.48240471606362073
203,0,0,0.007131030372478026,0.048790886741002924,0.5803136457519698,0.027418285304998923,0.4751778754112209
204,1,0,0.007344513353119714,0.4265017106917561,0.5849305983648098,0.75588433323186,0.8840405659282288
205,0,0,0.04418976757483507,0.5644070686372323,0.22576068302463528,0.02750881359919041,0.8233082193447032
206,0,0,0.3541659909644511,0.6363550883525366,0.08202891473976597,0.016363631349364686,0.6926275196209964
207,0,1,0.6156952045103975,0.14886376967958648,0.9178982517539013,0.013273471744551353,0.6116258177557247
208,0,0,0.002231694662341905,0.01319818739178536,0.758651722963834,0.04422466841997391,0.5584884156262002
209,0,0,0.002540211768136611,0.019731272366710014,0.6732878025279512,0.0352773042922018,0.5291720142550123
210,0,0,0.004013572190097004,0.029737749177413564,0.6224622595183497,0.03122643971386498,0.5078626836650795
211,0,0,0.005427853397013322,0.03876911430912812,0.5944071006158056,0.029032302945396285,0.49282578891984835
212,0,0,0.006521371369574015,0.0453473514507958,0.5817482776568774,0.027885991368017022,0.48234967290193315
213,0,0,0.007170958705734759,0.049028413925788,0.5795099976637811,0.02738326823644125,0.4751334623436967
214,0,0,0.007382412112508118,0.0500760573748554,0.5842013610809041,0.027295299851976183,0.47022394531272976
215,1,0,0.007249438087291927,0.4227921178992565,0.5933233916252733,0.7569430267313327,0.8826649853807882
216,0,0,0.041716260260633416,0.551757500945452,0.2325664541188799,0.027842605164499195,0.822891675790717
217,0,0,0.3324899512771127,0.6186436001737706,0.08420220485280389,0.016526324723734595,0.6924452417480972
218,0,1,0.5922910382634038,0.14014485006255384,0.91859633131661,0.013315606669180132,0.6115398895446175
219,0,0,0.002130893662088966,0.012775339079557945,0.7592177244405048,0.04426829926390456,0.5584397688171909
220,0,0,0.002527808440496978,0.01965173047198873,0.6738213209227318,0.03530578484060379,0.5291480022775886
221,0,0,0.004001365154792211,0.029656121057644588,0.6229796024777594,0.031250302367636915,0.5078521378561947
222,0,0,0.005411748426177096,0.038665934835435414,0.594909816031507,0.02905386475798636,0.49282335463236115
223,0,0,0.00650183161008757,0.0452271819590277,0.5822339049682949,0.027906139829808045,0.48235221536326395
224,0,0,0.007149500668507925,0.048900056754821834,0.5799751712240316,0.027402390596930844,0.47513904949094327
225,0,0,0.007360779368826149,0.049948449904152425,0.5846425537255356,0.027313559361514216,0.47023135790093107
226,0,0,0.007229079071287613,0.04901938966345018,0.5937370596309917,0.027497427000071347,0.4669444303426553
227,0,0,0.006878689333432886,0.04684555976986725,0.6054411185940858,0.027859158587497827,0.4647914717982524
228,1,0,0.006421740738295438,0.39512061195389714,0.6184169979813671,0.762671786429612,0.8811969348883015
229,0,0,0.03243159097014196,0.5012174412020259,0.25180940258208717,0.028864239032423144,0.8229656942577909
230,0,0,0.26087414137759407,0.5546517373429235,0.09023112744120336,0.01699498492823404,0.6926558485503393
231,0,1,0.5072368287249148,0.11301815781727421,0.9203000959166335,0.013433185072494507,0.6117599400598558
232,0,0,0.0018497462358219774,0.011569502049909025,0.7602901539500343,0.0443749591014787,0.5586073936596027
233,0,0,0.002499511773184417,0.019476806279768454,0.6746087165636605,0.03535980903009806,0.5292803209298823
234,0,0,0.003982295731379273,0.02953135632169884,0.6235891395208834,0.031285552421902625,0.5079510794461577
235,0,0,0.005392081159207606,0.038541809066560094,0.5953972946476204,0.029079288968261636,0.4928963457467078
236,0,0,0.006482177985738597,0.045107937257625304,0.5826332405010319,0.027925691115171146,0.48240589418396396
237,1,0,0.007131192757417558,0.4209731330101538,0.580308607630246,0.7565163752170979,0.8860480978260102
238,0,0,0.04401909165596031,0.565818331489974,0.22123283056991716,0.02732665508212263,0.8241591821971146
239,0,0,0.3609588396962475,0.6425118824747903,0.0804458370553949,0.016256265627786058,0.6930820320841018
240,0,1,0.6246835815096355,0.15250851267540283,0.9172912308653264,0.0132428624640979,0.6118949073812733
241,0,0,0.00227881000799363,0.013399147902859607,0.7580198727964441,0.04418676219661645,0.5586600961742116
242,0,0,0.0025507395479144597,0.019803098135688337,0.6725909427997226,0.03524553646001429,0.5292791466784494
243,0,0,0.004028940214544833,0.029841958874284882,0.6217166505710312,0.03119529785709568,0.5079281788836487
244,0,0,0.005450790423483108,0.03891689991044762,0.5936349326644526,0.029001254772314074,0.49286356267314757
245,0,0,0.006551155987629787,0.04553118279487093,0.5809697527856713,0.027855070965552186,0.48236890559417855
246,1,0,0.007205182462570285,0.4232849468105285,0.5787418183934377,0.7560632215421662,0.8860325833817992
247,0,0,0.044833754040105776,0.5693526242249373,0.2201782685949441,0.027265172396006704,0.8241023085423542
248,0,0,0.3661961437947786,0.6464231833957025,0.08015442661713248,0.016231359195516406,0.6930395335836004
249,0,1,0.6295172895619449,0.15441510429175445,0.9172163956517082,0.013237235550327204,0.6118633233226898
250,0,0,0.002301062799272654,0.01348985900154032,0.7579882060606169,0.04418209115879655,0.5586381859201777
251,0,0,0.002552276570262278,0.01981188584279433,0.6725821912188906,0.035243945061936385,0.5292636399589644
252,0,0,0.004029289039108635,0.029843954130695113,0.62172273189595,0.03119490695022426,0.5079175010157818
253,0,0,0.005450678722080853,0.03891598986115295,0.5936507704645921,0.029001507876634556,0.49285634601848455
254,0,0,0.006550611534246495,0.04552767409480608,0.5809918377641021,0.027855704833799892,0.48236413329315003
255,0,0,0.007204269327668773,0.049228032092089924,0.5787676317588304,0.027353508023211053,0.47513726265147244
256,0,0,0.007416877391309912,0.05027959261685807,0.5834849401462607,0.02726618425321572,0.470220737785419
257,0,0,0.007282488349415787,0.049333806382902495,0.5926430757002187,0.027451711925540072,0.46692822681381835
258,0,0,0.006926773751893506,0.0471302351339173,0.6044229784175964,0.027815402278746525,0.4647718813709288
259,1,0,0.006463277515758716,0.39652828843628735,0.6174850987792323,0.7623993091508585,0.8811879001762435
260,0,0,0.03279676845861938,0.5033844517032944,0.25112281397205216,0.028825656452695855,0.8229314307543304
261,0,0,0.2635977808186759,0.557283822525787,0.09001957690485606,0.01697804060137712,0.6926299717025096
262,0,1,0.510732556107708,0.11401966570534969,0.9202461561985371,0.013429042046880814,0.6117403793626199
263,0,0,0.0018593524728183377,0.01161145027367378,0.7602651993491137,0.04437157858980753,0.5585936981916466
264,0,0,0.0025003367741896015,0.019481715683133814,0.6745987867306863,0.035358551024699744,0.5292705392438009
265,0,0,0.003982588329825165,0.029533145930753003,0.623588877992288,0.03128510764460094,0.5079442946398137
266,0,0,0.005392135319589755,0.03854203851949152,0.595403416568679,0.029079278055097035,0.4928917222053701
267,0,0,0.006481988116814805,0.0451066656231408,0.5826435060715491,0.027925936731383785,0.482402803204719
268,0,0,0.0071307851215237986,0.048789365354643094,0.5803214225088447,0.02741852939095297,0.47517662712772957
269,0,0,0.007344175389114527,0.0498514661469875,0.5849392412815491,0.02732715850845597,0.47025951775340696
270,1,0,0.007215027112511827,0.4217363411175231,0.5939933778167272,0.7571436122008919,0.8826773970458629
271,0,0,0.04137634568524622,0.5501819934678488,0.2330307090102431,0.027869420264482855,0.8229191500921108
272,0,0,0.33026084607738754,0.6168531577387099,0.0843355206549942,0.016537480598821822,0.6924653184306657
273,0,1,0.5900041851662022,0.13933719976860556,0.9186298699424857,0.013318195636384646,0.6115547025676525
274,0,0,0.002122118938235463,0.012738744779133785,0.7592313986327824,0.044270396503069236,0.5584500362314115
275,0,0,0.0025271828653406184,0.019648138279959742,0.6738244019524056,0.035306473184333116,0.5291552514364448
276,0,0,0.0040012334359640555,0.029655383952416518,0.6229758255833606,0.031250440223952375,0.5078571188582958
277,0,0,0.005411830582272683,0.038666549603487275,0.5949015399965997,0.029053707288357652,0.49282671243285003
278,0,0,0.006502118421590523,0.045229021408335394,0.5822227659426775,0.027905808018007627,0.48235442816243385
279,0,0,0.007149960169822949,0.048902868507416576,0.5799623464106848,0.027401951834403995,0.47514046190589243
280,0,0,0.007361348840561803,0.049951857768290295,0.5846289091495169,0.027313055788582643,0.4702322146857535
281,0,0,0.007229688864594113,0.04902301284632185,0.5937232471672735,0.02749688773439501,0.46694490388795845
282,0,0,0.006879282736484732,0.04684909571045662,0.6054276379671399,0.027858605710904656,0.4647916831099537
283,0,0,0.006422281654722713,0.04405971133805365,0.6184042319392602,0.028330943174570904,0.46342847021502354
284,0,0,0.0059397885617227,0.04110913632307048,0.6316674315221388,0.028863710153175785,0.46261253630227983
285,1,0,0.0054812024075318435,0.360692584692582,0.6445052548556449,0.7696161920695226,0.8806670125638791
286,0,0,0.02423989235074785,0.44455750455636667,0.27213434681601256,0.029964906770940734,0.8235418033690588
287,0,0,0.19444401087919572,0.48231246434227776,0.09684880998790599,0.017504180064760844,0.693165195873686
288,0,1,0.4110817957532071,0.08805194743930762,0.9220548042108543,0.013563424876234478,0.6121771851784582
289,0,0,0.0016223243547171986,0.010550438277788624,0.7612562167627835,0.04448506426855571,0.5589074994389794
290,0,0,0.0024751068658822382,0.019325577323031803,0.6751897236560205,0.035408543115831304,0.5295016093784427
291,0,0,0.0039678526147451385,0.02943814468262372,0.6239255699355956,0.03131158756090805,0.5081084932227972
292,0,0,0.005380616247555552,0.03847104912021371,0.5955697597328717,0.02909333095473481,0.4930066582042631
293,0,0,0.006474390538302848,0.04506247251210449,0.582694417779592,0.027932611351041078,0.48248230641352496
294,0,0,0.007127446640520645,0.04877153615187635,0.5802949499147345,0.02742053602101621,0.47523096514404334
295,0,0,0.007344501850573421,0.04985504886545339,0.5848624167952091,0.027326118555269535,0.4702961232346494
296,0,0,0.00721790520511875,0.04895550025077537,0.5938857438465062,0.027506117921859696,0.46698998356259724
297,0,0,0.00687147050296823,0.04680408082141321,0.6055390630325468,0.027865110700464595,0.46482346557106374
298,1,0,0.006417317492969699,0.3949749438783346,0.6184789075816155,0.762697987218785,0.8812063787295625
299,0,0,0.0323994383114062,0.5010345429618254,0.2518485641644336,0.02886680399383609,0.8229723313336005
300,0,0,0.26066320101952944,0.5544519391975878,0.09024170879793131,0.01699595189811026,0.6926600517814135
301,0,1,0.5069782845554909,0.11294507722208512,0.9203019613616831,0.013433392331885083,0.6117627889743211
302,0,0,0.001849066313276448,0.01156656109673317,0.7602894736834722,0.04437507601710172,0.558609312693123
303,0,0,0.002499484233571713,0.019476685479657696,0.6746064844458606,0.035359774736090484,0.5292816227292575
304,0,0,0.003982337645638435,0.029531658274918077,0.623585877896679,0.03128545244029881,0.5079519433661223
305,0,0,0.00539217657555959,0.03854243493043974,0.5953933782959995,0.02907915286625171,0.49289690415796017
306,0,0,0.006482323897051067,0.04510884750193762,0.5826289475921387,0.027925533989212464,0.48240624093028045
307,0,0,0.00713137639533041,0.04879300115031843,0.5803041465395145,0.027417955610427255,0.4751788431937339
308,0,0,0.007344935363744805,0.04985602611880328,0.5849205681825184,0.02732647983243705,0.470260884162304
309,0,0,0.007215856386001297,0.048942312596526594,0.5939742964454869,0.0275084170223269,0.4669665844949228
310,1,0,0.00686800775128255,0.41024858676622405,0.6056444344909953,0.7595905758351292,0.8817765392680712
311,0,0,0.0370591612167059,0.5277848904854906,0.2420045486008856,0.028339765059967013,0.8228440008691401
312,0,0,0.2969431199644884,0.5882951559709597,0.0871381377276518,0.016754579111523036,0.6925000564375354
313,0,1,0.552229431513786,0.12661706906211562,0.9194439145353678,0.013372737012503928,0.611616714415437
314,0,0,0.0019857481606730867,0.012159318395448666,0.7597748678138351,0.04432132945392101,0.5585013624852272
315,0,0,0.0025131966769701137,0.019561221743871638,0.6742523303880631,0.035333841293116494,0.5291992928207778
316,0,0,0.003991017944138257,0.029588159111996557,0.6233326490035124,0.0312695929950085,0.5078918675562958
317,0,0,0.005400461900208547,0.03859442528226607,0.5952086966459168,0.029068587943005132,0.49285365799753783
318,0,0,0.006489920165535988,0.04515460967804194,0.5824924530865991,0.027918125445234483,0.4823753067152241
319,0,0,0.007137803229511127,0.04883064803549779,0.5802021342370642,0.027412576640235352,0.47515677164280057
320,1,0,0.007350004308199388,0.4266659489030563,0.5848435745591511,0.7558539206646475,0.8840343242053177
321,0,0,0.04424225208325264,0.5646302154181062,0.2257048271284435,0.027505373006448553,0.8233023641051693
322,0,0,0.35448066524888333,0.636592460066062,0.08201401287634,0.016362302639973524,0.6926236171502008
323,0,1,0.6159886976593667,0.14897497429162235,0.9178949599365571,0.013273183287398727,0.6116230930915443
324,0,0,0.0022329480641961265,0.013203315879064238,0.7586512856077858,0.04422446277446769,0.5584865629534741
325,0,0,0.0025402811426908384,0.01973164092894123,0.6732890108510425,0.035277282293505303,0.5291707395421255
326,0,0,0.0040135552764336896,0.029737611237227547,0.6224645493603127,0.03122649373854981,0.5078618269595375
327,0,0,0.005427787932076781,0.03876868021257067,0.5944100873571339,0.029032398347186815,0.4928252264411115
328,0,0,0.006521260801649208,0.04534665916132505,0.5817516830924977,0.027886111032663367,0.4823493155720963
329,0,0,0.007170813269686084,0.04902753387070982,0.579513616497063,0.027383402285811907,0.475133247023367
330,0,0,0.007382247842265095,0.0500750807590374,0.58420503890254,0.02729544185664155,0.47022382765240966
331,0,0,0.007249271218010236,0.04913820620815959,0.5933270093256746,0.027480140504622105,0.46693592350680574
332,0,0,0.006896706015686517,0.04695219946725993,0.6050618695275837,0.02784274988971378,0.4647824800535014
333,0,0,0.0064372006322157655,0.04414896684549636,0.6180715335656003,0.02831606536632842,0.46341929426344275
334,1,0,0.005952212417346943,0.3784225889755606,0.6313697963095034,0.7660340508967893,0.8808491773087973
335,0,0,0.028128406430975427,0.4732767334108843,0.2618372584743562,0.02940572741777773,0.8232093078088056
336,0,0,0.22638731439279003,0.519070238524699,0.09345706475347124,0.017244364422650486,0.692883821294561
337,0,1,0.4595959870033505,0.10005894152901235,0.921165682378757,0.013496518549249955,0.6119506588706565
338,0,0,0.001728375372693662,0.01103126333531788,0.7607777568239049,0.04442924076583202,0.5587453003573378
339,0,0,0.00248687290512467,0.01939872093624431,0.6749136389676499,0.035384398603982355,0.5293827213238188
340,0,0,0.003974734156298686,0.02948245101692335,0.6237782834990312,0.031299213492462064,0.5080243167006309
341,0,0,0.005385724577347461,0.038502355923987285,0.5955085887277649,0.029087182680603542,0.4929479685083063
342,0,0,0.006477347863612041,0.04507936802482216,0.5826912619574888,0.027930156647503573,0.48244190829715716
343,0,0,0.007128145676120252,0.04877462189559652,0.5803302635572654,0.02742041163354272,0.4752035351071465
344,0,0,0.007343325175185311,0.04984725850169244,0.5849222595846467,0.027327505830039275,0.4702778160097393
345,0,0,0.007215487269478845,0.048940662892670614,0.5939599916664625,0.02750848389718775,0.46697805858188096
346,0,0,0.006868440342153995,0.046785734099468373,0.6056202502762742,0.027868083444833446,0.46481598414627917
347,1,0,0.00641415531011174,0.39486599185817145,0.6185614931062724,0.7627197038364139,0.8812045242256412
348,0,0,0.0323697276187559,0.5008543059700971,0.2519114268063695,0.02887022591866405,0.822974058275709
349,0,0,0.26043206358776183,0.5542259677959975,0.09026155369188575,0.016997504202812125,0.6926615994937191
350,0,1,0.5066760220121819,0.11285869514900916,0.9203072709508422,0.013433781046747311,0.6117640579979081
351,0,0,0.0018482343215364275,0.011562914722437262,0.7602923963401986,0.04437540879394973,0.5586102240963233
352,0,0,0.002499403140960854,0.019476189615519633,0.6746082400186013,0.03535992207504825,0.5292822944764206
353,0,0,0.00398229316689244,0.029531372407004382,0.6235868918015148,0.031285531076345845,0.5079524211006219
354,0,0,0.005392141855983679,0.03854222088210446,0.5953938949622658,0.029079195174703438,0.49289723887066755
355,0,0,0.006482300487799632,0.04510871095694725,0.582629126849275,0.027925554718068724,0.4824064727232397
356,0,0,0.007131365299861181,0.04879294102381367,0.5803040990252836,0.027417962675259918,0.4751790018613882
357,0,0,0.007344934942388187,0.04985602845653637,0.584920372436445,0.027326477965891775,0.4702609912828394
358,0,0,0.007215863479688712,0.04894235779240964,0.5939740091846645,0.027508409282905308,0.46696665547563837
359,0,0,0.006868019062439417,0.04678289091998513,0.6056440972712694,0.02786864471471209,0.4648083799824962
360,1,0,0.006413306469791763,0.39483586125142756,0.6185907217685772,0.7627260823624971,0.8812024398454591
361,0,0,0.03236051536929997,0.5007968107672984,0.2519347266864267,0.028871437100322174,0.8229739653310884
362,0,0,0.26035523296336033,0.5541499905937547,0.09026914479094661,0.016998079596033996,0.692661746202758
363,0,1,0.5065732444823889,0.11282922380147117,0.9203094292027643,0.013433929741482168,0.6117642570479934
364,0,0,0.001847947354775139,0.01156165182692837,0.7602938093774887,0.04437554406239743,0.5586103838007667
365,0,0,0.0024993700595542837,0.019475981049747664,0.6746093291750548,0.03535999331025684,0.5292824270322085
366,0,0,0.003982267502831143,0.02953120316808258,0.623587780847672,0.03128557986220635,0.5079525235313388
367,0,0,0.005392113557342676,0.03854204146028167,0.5953946451703508,0.029079232273072925,0.4928973168150852
368,0,0,0.006482270653761023,0.04510852913897905,0.5826297739201086,0.027925584816742337,0.4824065319685292
369,0,0,0.007131336067981967,0.048792767540994327,0.5803046655864392,0.027417988177451332,0.4751790472052052
370,1,0,0.007344908075044217,0.42651394353619493,0.5849208731313656,0.7558818841637217,0.8840408637474915
371,0,0,0.04419435973700275,0.5644275127145618,0.22575376229174932,0.027508429079419444,0.8233080593964449
372,0,0,0.3541968778129963,0.6363788592792543,0.08202690222759344,0.016363466712055807,0.6926273651232139
373,0,1,0.6157252147857313,0.14887521815431248,0.9178976977653497,0.013273432787751326,0.6116256892805118
374,0,0,0.0022318260621284032,0.013198728809126188,0.75865141379224,0.04422463381128992,0.5584883234266463
375,0,0,0.002540222423859561,0.019731335765643655,0.6732876128151873,0.03527728874109031,0.5291719461156722
376,0,0,0.004013577226911004,0.029737781269944176,0.6224621457455574,0.031226431231727685,0.5078626350881215
377,0,0,0.005427857319020804,0.03876913849951967,0.5944070378667142,0.02903229820528317,0.49282575479164503
378,0,0,0.00652137417217435,0.04534736789789683,0.5817482496869324,0.027885988853962068,0.4823496491854852
379,1,0,0.00717096027661559,0.42221305682509525,0.5795099932552853,0.7562753643716458,0.886029798120991
380,0,0,0.04444539782438483,0.567665477051754,0.2207018209239057,0.027295299678985245,0.8241250388000921
381,0,0,0.36366869959646936,0.6445361284391256,0.08030056567743608,0.016243719654419425,0.6930574340429311
382,0,1,0.6271818973899405,0.1534893813532698,0.9172549418063473,0.013240057089444705,0.61187697054754
383,0,0,0.002290206014931687,0.01344559804707647,0.7580063914225904,0.04418449706018566,0.5586477276921753
384,0,0,0.0025514916991451623,0.019807341614207323,0.672589827066599,0.03524485895095404,0.5292704647467129
385,0,0,0.00402904624824155,0.029842484058828198,0.6217235724770975,0.031195248020379245,0.5079222418556959
386,0,0,0.005450616791022011,0.03891568145992032,0.5936471140670048,0.029001542861732066,0.4928595825430428
387,0,0,0.0065507206498526755,0.04552841832058197,0.5809852489304409,0.027855558494408558,0.48236630228418326
388,0,0,0.007204531109537292,0.04922965733756071,0.5787592224641912,0.027353248940366923,0.47513868164995793
389,0,0,0.007417245716463975,0.05028180935001021,0.5834755192722327,0.027265854613560316,0.47022163361520214
390,0,0,0.007282907624491083,0.04933630372156661,0.5926332445436207,0.027451340190927462,0.4669287598827985
391,0,0,0.006927196284892524,0.04713275538832144,0.6044131921992031,0.027815009362695285,0.46477216456903125
392,1,0,0.006463671239496546,0.3965416690689985,0.6174757031932202,0.7623966890934954,0.881187947654229
393,0,0,0.03280034388319972,0.5034056940518392,0.2511157964207863,0.028825267710670417,0.8229311536430667
394,0,0,0.2636248485119132,0.5573099516066327,0.09001739363989396,0.016977867500901734,0.692629749770889
395,0,1,0.5107673579088844,0.11402968670298701,0.920245586441277,0.013428999296185894,0.6117402064908787
396,0,0,0.0018594491219257867,0.011611872427743232,0.7602649117741751,0.0443715428832737,0.5585935759832305
397,0,0,0.002500345532544659,0.019481768452280047,0.6745986418235137,0.03535853652779174,0.5292704508900238
398,0,0,0.0039825922321209154,0.02953317050326555,0.6235888244111836,0.03128510115396091,0.5079442327490491
399,0,0,0.005392137403752406,0.03854205079292106,0.5954034236737084,0.02907927581924486,0.4928916795586327
400,0,0,0.006481988276308874,0.04510666565047294,0.5826435533220669,0.02792593701644428,0.48240277428125466
401,0,0,0.007130783449821129,0.04878935455017418,0.5803214954446073,0.027418531253215007,0.47517660788347804
402,0,0,0.007344172343587611,0.04985144755783629,0.5849393294731287,0.027327161373728072,0.4702595052856387
403,0,0,0.007215023299847272,0.04893735419008587,0.5939934735895412,0.02750915881733463,0.4669657975433479
404,0,0,0.006867187640764626,0.04677792912565361,0.6056632678294382,0.0278694240994255,0.46480795332819924
405,0,0,0.006412540408454934,0.04400169246748004,0.618608988692474,0.028340531552172418,0.463441378227897
406,1,0,0.0059320657790042025,0.37769524488660156,0.6318439757044668,0.7661763870442058,0.8808573669069278
407,0,0,0.027966372678787935,0.47217041669537146,0.262193434421533,0.029425736152278864,0.8232285360250807
408,0,0,0.22512611570748484,0.5177045030930404,0.09357003055031692,0.01725328785117169,0.6928980657452962
409,0,1,0.45778994937383016,0.0995935118170517,0.9211940654023483,0.01349874168856902,0.6119613501045366
410,0,0,0.0017241907298289761,0.01101254434380301,0.7607905862658431,0.04443102176106233,0.5587527774358366
411,0,0,0.002486485696031779,0.019396393690677707,0.6749183685242712,0.03538504580880847,0.5293880490611264
412,0,0,0.00397459527911873,0.029481604783452145,0.6237777963064632,0.031299425430536244,0.5080280047739075
413,0,0,0.005385715358258757,0.03850235952299883,0.5955046621601388,0.029087162345496863,0.4929504759987905
414,0,0,0.006477474323619751,0.0450802021009719,0.5826851120225657,0.027929999087207436,0.4824435795646279
415,1,0,0.007128392303907712,0.42089042026741424,0.5803227577723242,0.7565304964492513,0.8860586148350335
416,0,0,0.04399902045968514,0.5657412967842447,0.2212354022283798,0.027327210964157137,0.8241648447288541
417,0,0,0.3608685890228392,0.6424491251043027,0.08044495611028699,0.016256326410615127,0.6930853464884529
418,0,1,0.624612332551363,0.15248151328319634,0.9172899865757971,0.013242845450162764,0.6118970245380669
419,0,0,0.0022785226202236236,0.01339801486391932,0.7580174571114364,0.044186684527143485,0.5586614896052335
420,0,0,0.0025507561173847317,0.019803251200100902,0.6725876444369435,0.03524541505837251,0.52928006056832
421,0,0,0.004029009409148341,0.029842436794590713,0.6217127471612633,0.03119515052856485,0.5079287665383463
422,0,0,0.005450908955373037,0.038917667982398096,0.5936306588302376,0.02900109231380002,0.4928639271628601
423,0,0,0.0065513196211635085,0.04553219596047894,0.580965295162264,0.02785489991845209,0.48236911768957835
424,0,0,0.007205377500065722,0.049234795240022465,0.5787373219980907,0.027352464342754686,0.47514043305468906
425,0,0,0.007418237780384515,0.05028771588102314,0.5834528257572538,0.027264996145694928,0.47022264963569027
426,0,0,0.007283937826594088,0.049342402282046956,0.5926106369896432,0.027450444756409783,0.46692927107333776
427,0,0,0.006928180054139377,0.04713860087622482,0.6043913537119977,0.027814105840341705,0.46477233233068466
428,0,0,0.006464556927090708,0.04431270794237523,0.6174551635043438,0.02828881150664086,0.46340702754474433
429,0,0,0.005975250450544935,0.041324162751071335,0.6308138249656801,0.028824417899514728,0.4625901632688441
430,1,0,0.005510302664357468,0.36181117023343967,0.6437519717458051,0.7693924252765592,0.8806575238132762
431,0,0,0.024459911498300388,0.4462698092411843,0.271552401906045,0.02993256264577225,0.8235129327914342
432,0,0,0.1962234447558485,0.4844637708755098,0.09665765966540568,0.017489394490582805,0.6931434394294708
433,0,1,0.4138744466015906,0.08871440705194317,0.9220065940301767,0.013559645519027393,0.612160646502621
434,0,0,0.0016279955163334024,0.010576371662529123,0.7612333056316107,0.044482035678998486,0.5588958687439383
435,0,0,0.0024757043066562243,0.019329243183148243,0.6751798090291395,0.03540738659030251,0.5294932724179459
436,0,0,0.0039681197116818254,0.029439813569030783,0.6239240012402762,0.03131114310709169,0.5081026942514774
437,0,0,0.005380702097697018,0.03847150213385433,0.5955737109786801,0.02909326546501791,0.4930026939953268
438,0,0,0.006474277772457665,0.04506169045831349,0.5827019720841812,0.0279327699159975,0.48247964533681514
439,0,0,0.00712715216433712,0.048769699307366174,0.5803047472018861,0.027420833777943007,0.4752292201307268
440,0,0,0.0073440789397182585,0.04985249563759452,0.584873468958441,0.02732650342882058,0.4702950175465185
441,1,0,0.007217419356907001,0.4218160927758523,0.5938973176272929,0.7571257372076589,0.8826871804792247
442,0,0,0.04141094957588254,0.5503548625063106,0.23295605248379994,0.027865574072816812,0.8229209476828425
443,0,0,0.3305313000086603,0.617076910008645,0.08431219878568791,0.01653568613036743,0.6924657084552746
444,0,1,0.5902982442329036,0.13944174307906573,0.9186228666715991,0.013317742694339984,0.6115546203880708
445,0,0,0.002123280915834091,0.012743637419161033,0.7592263979191576,0.04426995856632878,0.5584498955301734
446,0,0,0.002527306483012148,0.019648912619824162,0.6738201789750403,0.035306221452435456,0.5291550731534787
447,0,0,0.004001332743850735,0.029656041341475196,0.6229720689527138,0.031250251272951925,0.5078569509155674
448,0,0,0.005411949066675938,0.03866730450866829,0.5948981199687342,0.029053550664404536,0.4928265635490279
449,0,0,0.00650225284256811,0.045229844573099386,0.5822196195411353,0.02790567089964656,0.48235429841618044
450,0,0,0.007150100555567778,0.04890370539313258,0.5799594405196942,0.027401827899926807,0.4751403488550592
451,0,0,0.007361485051155764,0.04995265910296078,0.5846262274308849,0.027312941688523325,0.4702321154275854
452,0,0,0.0072298133582428875,0.04902374395423573,0.5937207840892902,0.027496781747787455,0.46694481579313085
453,0,0,0.0068793914122699555,0.046849738015166786,0.6054253947054725,0.02785850712149107,0.4647916040601247
454,0,0,0.006422373360658185,0.04406025949460982,0.6184022126296491,0.028330851905691835,0.4634283986384327
455,0,0,0.005939864076636562,0.04110959384162105,0.6316656397346572,0.02886362649686767,0.4626124711231637
456,1,0,0.0054812634958993365,0.3606949352200541,0.6445036906714807,0.769615722524748,0.8806669874288012
457,0,0,0.02424035044223411,0.44456107890410757,0.2721331417988172,0.029964839573637433,0.8235417407606044
458,0,0,0.19444770492664387,0.48231694258689667,0.0968484147936,0.0175041494360012,0.6931651491786194
459,0,1,0.4110875998829887,0.08805332074330832,0.9220547050470603,0.013563417061519492,0.6121771498855108
460,0,0,0.00162233608452736,0.01055049193396417,0.7612561705411456,0.04448505803883092,0.5589074746673379
461,0,0,0.002475108087253327,0.019325584798103937,0.6751897047718094,0.035408540782583625,0.5295015916645587
462,0,0,0.003967853133029637,0.029438147899166045,0.623925568625697,0.03131158671435908,0.508108480925497
463,0,0,0.005380616367166788,0.03847104968086782,0.5955697700315495,0.02909333090004925,0.49300664981633197
464,0,0,0.006474390224788904,0.04506247039629339,0.5826944356264103,0.027932611764329696,0.4824823007991289
465,0,0,0.007127445935490689,0.04877153177478009,0.5802949724223482,0.02742053672445433,0.47523096147758254
466,0,0,0.0073445008733474745,0.04985504297682054,0.5848624418617273,0.027326119439445518,0.4702961209264903
467,1,0,0.007217904099724078,0.42183125513851055,0.5938857699085694,0.7571227402779058,0.8826874553936602
468,0,0,0.04141619856837401,0.550379774432471,0.23294770655476296,0.02786511174388702,0.822920716710635
469,0,0,0.33056761441116994,0.6171063893340172,0.08430972195059723,0.016535485536810855,0.6924655006130429
470,0,1,0.5903362611983034,0.1394551794259411,0.9186221955086674,0.013317694591766509,0.6115544513842573
471,0,0,0.0021234278787386728,0.012744252472222755,0.7592260334791154,0.04426991659659893,0.5584497748434674
472,0,0,0.0025273186932592106,0.019648985469552613,0.6738199658214609,0.03530620310688476,0.5291549846034175
473,0,0,0.004001338417484593,0.029656077394503814,0.6229719521687701,0.03125024173573331,0.5078568881483623
474,0,0,0.005411953163015706,0.038667329587573775,0.594898067705894,0.02905354579538353,0.49282651972668134
475,0,0,0.0065022553264970665,0.045229858855838086,0.5822196108513951,0.027905668804290053,0.48235426819843147
476,0,0,0.007150101362086458,0.04890370939092203,0.5799594608471833,0.02740182755764499,0.47514032828767455
477,0,0,0.007361484451965795,0.049952654934215725,0.5846262664069751,0.027312942486682333,0.4702321016527457
478,0,0,0.007229811812496002,0.04902373440677576,0.5937208341956519,0.02749678328819363,0.46694480677320593
479,0,0,0.0068793893801933435,0.04684972568402817,0.6054254504077602,0.02785850912709079,0.46479159835330264
480,0,0,0.006422371196905733,0.044060246351758696,0.6184022698258391,0.0283308541719801,0.46342839522771306
481,0,0,0.005939862006825418,0.04110958116848047,0.6316656954182174,0.028863628866398067,0.4626124692907353
482,1,0,0.005481261638817868,0.3606948632423824,0.6445037427273357,0.7696157371168483,0.8806669871063675
483,0,0,0.024240335922781863,0.44456096451475036,0.27213318279636967,0.029964841809952996,0.8235417422772071
484,0,0,0.19444758479979743,0.48231679632256275,0.09684842844819086,0.017504150478063637,0.693165150409964
485,0,1,0.4110874094090512,0.08805327560166103,0.9220547085803548,0.013563417331530239,0.6121771508592709
486,0,0,0.0016223356967408284,0.01055049015647336,0.7612561723890848,0.04448505826080152,0.558907475361191
487,0,0,0.0024751080428823697,0.019325584521578003,0.6751897057802729,0.03540854087586678,0.5295015921698827
488,0,0,0.003967853107733328,0.029438147736924367,0.623925569098663,0.03131158675956688,0.5081084812814737
489,0,0,0.005380616350245799,0.03847104957840352,0.595569770147545,0.029093330919794606,0.4930066500631488
490,0,0,0.006474390217820495,0.04506247035888281,0.5826944355039403,0.027932611768984636,0.4824823009678404
491,0,0,0.007127445938523565,0.048771531797551684,0.5802949721443058,0.027420536719627134,0.47523096159105616
492,0,0,0.007344500884298434,0.04985504304501059,0.5848624414875477,0.02732611942852307,0.4702961210011941
493,1,0,0.007217904115530921,0.4218312556392503,0.5938857694816906,0.7571227401762115,0.882687455413482
494,0,0,0.04141619875076805,0.5503797753090874,0.2329477062395194,0.027865111726796458,0.8229207167068888
495,0,0,0.33056761571291654,0.6171063903960151,0.08430972185554511,0.016535485529234055,0.6924655006080902
496,0,1,0.590336262574894,0.13945517991335132,0.9186221954820297,0.013317694589920503,0.6115544513797156
497,0,0,0.002123427884094282,0.012744252494673786,0.7592260334631079,0.044269916594933185,0.5584497748401185
498,0,0,0.002527318693739005,0.019648985472462566,0.6738199658104259,0.03530620310607896,0.5291549846008635
499,0,0,0.004001338417761446,0.029656077396297022,0.6229719521608654,0.031250241735239576,0.5078568881464985
500,0,0,0.005411953163275866,0.03866732958920456,0.5948980677001163,0.02905354579505396,0.4928265197253394
501,0,0,0.00650225532673543,0.04522985885727345,0.5822196108471135,0.027905668804058422,0.4823542681974712
502,1,0,0.007150101362288482,0.4215598806270136,0.5799594608439732,0.7564037509677688,0.8860325848894427
503,0,0,0.044214257835917835,0.5666586564618084,0.22100560696232352,0.027312942486556267,0.8241405281134252
504,0,0,0.3621739811907359,0.6434174691325004,0.08038481004424883,0.016250895931524338,0.6930691562446197
505,0,1,0.6257974422839929,0.15294423194338455,0.91727673995896,0.013241683883645739,0.61188573858989
506,0,0,0.0022838467522688644,0.013419658021613854,0.758015923940104,0.04418585767159249,0.5586538225412527
507,0,0,0.002551046139319393,0.019804784326332994,0.6725928912936384,0.035245338008172894,0.5292747901185214
508,0,0,0.0040289343587779575,0.029841830587646237,0.621722455316263,0.031195384891120986,0.5079252270946273
509,0,0,0.005450629669613696,0.03891581863599855,0.5936432420608142,0.02900149636536069,0.49286160546038915
510,0,0,0.006550851027853748,0.04552926528955764,0.5809796042415311,0.02785540352656412,0.4823676447466408
511,0,0,0.00720476274426094,0.04923107936666213,0.5787525082306942,0.027353026984610476,0.4751395474822167
512,0,0,0.007417544310011844,0.0502835975989611,0.5834682503839965,0.027265591422136477,0.4702221679047317
513,0,0,0.00728323390805102,0.049338241995820535,0.5926258066970104,0.027451053374030403,0.4669290649813294
514,0,0,0.0069275176251538334,0.04713466899257206,0.6044058798154461,0.027814712102238626,0.4647723123908228
515,0,0,0.00646396641059834,0.04430916821145888,0.617468741365503,0.028289401666261146,0.46340713100990316
516,0,0,0.005974743960918512,0.04132108831123534,0.6308262274393419,0.028824979668585944,0.46259034569308827
517,1,0,0.0055098800944055094,0.36179494045514704,0.6437630491867715,0.7693956775847921,0.8806576208293585
518,0,0,0.0244566876755359,0.4462447788265231,0.2715609868543693,0.029933038038647157,0.8235133365299148
519,0,0,0.19619728304563366,0.48443222407218456,0.09666048464080529,0.017489612520665696,0.6931437474877515
520,0,1,0.41383342799737,0.08870465179936614,0.9220073104955628,0.013559701365889212,0.6121608822770493
521,0,0,0.0016279118074092145,0.010575988982782359,0.7612336532244705,0.04448208068630141,0.5588960349267099
522,0,0,0.0024756953721884905,0.019329188208349644,0.6751799682284724,0.03540740413608775,0.5294933918734773
523,0,0,0.003968115498247109,0.02943978707061249,0.6239240396094826,0.03131115024364598,0.5081027775302432
524,0,0,0.005380700374350231,0.038471492486223134,0.5955736693141546,0.029093267066849535,0.4930027510710333
525,0,0,0.006474278807618077,0.0450616980966312,0.5827018779495199,0.027932768243980107,0.4824796837777353
526,0,0,0.00712715576050963,0.04876972190122966,0.5803046201041628,0.02742083006755601,0.4752292454579786
527,0,0,0.00734408438164933,0.04985252857949187,0.5848733230366239,0.02732649843591981,0.470295033712469
528,0,0,0.007217425744307649,0.04895263739984423,0.5938971633455831,0.02750654910189898,0.4669893311715704
529,0,0,0.006870984900483054,0.04680117849927743,0.6055504499957132,0.027865567895885533,0.46482311439954765
530,1,0,0.006416863578789559,0.39495942035367315,0.6184898489639663,0.7627010331779226,0.8812063174297412
531,0,0,0.03239533288072449,0.5010098510329909,0.251856756522813,0.028867257326551498,0.822972651052268
532,0,0,0.2606319323575226,0.5544214855737751,0.09024426449988594,0.01699615418900573,0.6926603086166394
533,0,1,0.5069376980549712,0.11293348933442043,0.9203026287260787,0.013433442391461303,0.6117629893913435
534,0,0,0.0018489550967814984,0.011566074355731062,0.7602898119707312,0.04437511784382672,0.5586094544679848
535,0,0,0.002499474055003684,0.019476624052067553,0.674606656602405,0.03535979179002748,0.5292817253066467
536,0,0,0.003982333034464098,0.02953162919339044,0.6235859437414176,0.031285460151568745,0.5079520152635272
537,0,0,0.0053921740437345295,0.03854241996204744,0.5953933734699187,0.029079155613834128,0.49289695373307
538,0,0,0.006482323578902562,0.045108846653235626,0.5826288959641137,0.027925533795588268,0.48240627458136626
539,0,0,0.007131378193577364,0.04879301284195789,0.580304064901479,0.027417953575678153,0.4751788656101764
540,0,0,0.00734493875860156,0.04985604686924745,0.5849204686380475,0.027326476625375032,0.470260898711185
541,1,0,0.0072158606818098535,0.42176233656159046,0.5939741878946411,0.7571385104367145,0.882677725004371
542,0,0,0.041385217462085816,0.5502239866765363,0.23301692661128476,0.027868651870438143,0.8229187022976594
543,0,0,0.3303217194627976,0.616902533153793,0.08433144941467496,0.01653714930620588,0.6924649365757868
544,0,1,0.5900677803395159,0.1393596466836035,0.9186287785363016,0.013318116566331351,0.6115543989189999
545,0,0,0.0021223640117033456,0.012739770107781372,0.7592308265480762,0.04427032825370725,0.55844982079843
546,0,0,0.002527202772649058,0.019648256430811775,0.6738240896137682,0.035306444385962005,0.529155094655917
547,0,0,0.00400124197268797,0.029655437749252247,0.6229756792010238,0.03125042624877495,0.5078570084398598
548,0,0,0.005411835944260498,0.038666581925358746,0.5949015043065532,0.0290537011852722,0.49282663588410275
549,0,0,0.006502120600021454,0.04522903307310662,0.5822228042123386,0.027905806587091735,0.48235437584257757
550,0,0,0.007149959218246208,0.04890286137247188,0.5799624329336667,0.02740195334182157,0.4751404267191984
551,1,0,0.007361345423265198,0.4270090904937153,0.5846290254899701,0.7557885381774577,0.8840289974378092
552,0,0,0.044359036487054575,0.5651349202414206,0.225560310497997,0.027496892332399395,0.8232929255516387
553,0,0,0.3552136715238307,0.6371494510375042,0.08197379337912962,0.016358865346563358,0.6926168426149804
554,0,1,0.616683253202463,0.14923937369456713,0.9178849707784652,0.013272404784650936,0.6116181551913424
555,0,0,0.002235955088395004,0.01321565347191834,0.7586475816414878,0.044223838740118225,0.5584831565289975
556,0,0,0.002540481643375034,0.019732774592089865,0.6732887116926249,0.03527709598717891,0.5291683483411143
557,0,0,0.004013583517474609,0.02973775081213828,0.622466461894414,0.031226480363030024,0.5078601918177854
558,0,0,0.0054277400111795914,0.038768344117361395,0.5944134461252379,0.029032478029415706,0.49282413032689504
559,0,0,0.006521141303404539,0.04534589985064289,0.5817559523589699,0.02788624560326481,0.4823485986977079
560,0,0,0.007170634743621918,0.04902644589408108,0.5795184086909441,0.027383570339363818,0.47513279467594977
561,0,0,0.00738203310202243,0.050073798839115675,0.5842100675180334,0.027295629905615994,0.4702235585655071
562,0,0,0.007249044954357592,0.049136864083316446,0.5933320574975426,0.027480339128490888,0.46693578054426993
563,1,0,0.006896487984568663,0.41115925442493856,0.6050667699820974,0.7594171959370541,0.8817656804344554
564,0,0,0.03732277155006595,0.5291531404611678,0.24159378047405886,0.02831626464454577,0.8228201942851725
565,0,0,0.2987783515132051,0.5898980347716761,0.08701646820808899,0.016744580749906264,0.6924826173506413
566,0,1,0.5543259146521168,0.12728496816306506,0.919413330425865,0.013370364648856145,0.6116037915596623
567,0,0,0.001992565085066798,0.012188376228137744,0.7597620011077582,0.04431941486464676,0.5584923837126003
568,0,0,0.0025137158448655115,0.01956423948680832,0.6742488491058807,0.03533319311331282,0.529192938011077
569,0,0,0.00399114606582537,0.029588898415053997,0.6233352346151807,0.03126943713761997,0.5078874924218172
570,0,0,0.005400411967030117,0.038594028696754566,0.5952152673998101,0.029068695798089524,0.49285070189156904
571,0,0,0.006489695773420124,0.04515316297277981,0.5825015703772289,0.027918388999680386,0.482373352677703
572,0,0,0.0071374298102869285,0.048828358133830276,0.5802127653294084,0.0274129359021067,0.47515551870164735
573,0,0,0.007349534430758516,0.04988250056623662,0.5848549612284013,0.027322890249284613,0.47024436929530783
574,0,0,0.007219138762031691,0.048961162532740556,0.5939272914417114,0.02750582316858527,0.46695489405281065
575,0,0,0.006870242772777763,0.04679573915479072,0.605610950464572,0.02786677415080536,0.4648000535774522
576,1,0,0.0064147649012157104,0.3948842760887296,0.6185674726527066,0.7627172163173366,0.8811999560073729
577,0,0,0.032371604508074366,0.5008607984836656,0.25191923580449826,0.028870473695987785,0.8229719969433511
578,0,0,0.2604306861645457,0.5542220455472432,0.09026474762241421,0.016997697044787874,0.6926604662254281
579,0,1,0.5066672143002454,0.11285582982814722,0.9203085206533332,0.013433843609381194,0.6117633732922246
580,0,0,0.0018481968278669936,0.011562734628118665,0.7602937828146354,0.04437548711901035,0.5586097843324745
581,0,0,0.0024993836518881866,0.019476050977147018,0.6746098190550219,0.03535999197114696,0.5292820164362456
582,0,0,0.003982259150011597,0.02953114045266631,0.623588610939296,0.03128560180509786,0.5079522486928989
583,0,0,0.005392089646081795,0.03854188361144303,0.5953956935073751,0.029079266911412414,0.4928971372588503
584,0,0,0.00648223190227978,0.04510828669508445,0.5826309515664494,0.027925626876531016,0.48240641870856765
585,0,0,0.007131285944010736,0.048792464195961505,0.5803059065901142,0.02741803459060908,0.4751789797538734
586,0,0,0.007344851970178308,0.0498555373032388,0.5849221276874763,0.02732654897421217,0.4702609904194974
587,1,0,0.007215783324621809,0.42175996017237866,0.5939756828964016,0.7571389613126922,0.8826777562163544
588,0,0,0.041384457793486804,0.5502204549135994,0.23301796077443787,0.02786871173187274,0.8229187653424971
589,0,0,0.33031673783100596,0.6168985236794057,0.08433174603161202,0.01653717416454125,0.6924649823691208
590,0,1,0.5900626573792963,0.13935784329601925,0.9186288528163234,0.013318122327095028,0.6115544325980771
591,0,0,0.002122344463365207,0.012739688543567152,0.7592308562114272,0.044270332898687904,0.5584498441185279
592,0,0,0.0025272013887493385,0.01964824850101917,0.6738240954004097,0.03530644587919521,0.5291551110978744
593,0,0,0.004001241702141955,0.02965543626448682,0.6229756695193023,0.03125042650769049,0.5078570197242027
594,0,0,0.00541183616556351,0.03866658354306263,0.5949014844856448,0.029053700781614424,0.4928266434807873
595,0,0,0.006502121291555908,0.045229037496919006,0.5822227779566075,0.02790580579241495,0.48235438083964916
596,0,0,0.007149960304439254,0.048902868012585816,0.5799624029119195,0.027401952307625033,0.4751404299000372
597,0,0,0.007361346758482337,0.049951844488482354,0.5846289936678731,0.02731305800711305,0.47023219344411454
598,0,0,0.007229685363256321,0.04902299153173826,0.5937233477081216,0.027496891074727237,0.4669448901690538
599,1,0,0.006879278586693144,0.41060782529338863,0.6054277456578312,0.7595228394623315,0.8817695576539731
600,0,0,0.03716093380816871,0.5283113377495376,0.24185248751190877,0.028330947556059208,0.8228336319305123
601,0,0,0.2976422152705979,0.5889050813725609,0.08709356154379352,0.01675087716244593,0.6924926947507658
602,0,1,0.5530252781177891,0.12686995067543289,0.9194329914366628,0.013371867799062938,0.6116113546291878
603,0,0,0.0019883199431906516,0.012170274173633686,0.7597708021220693,0.04432064565030923,0.5584976604272863
604,0,0,0.002513382561757567,0.019562286928073748,0.6742519708081821,0.035333636476498856,0.5291966930293449
605,0,0,0.003991045890944066,0.029588298480372678,0.6233346946352893,0.031269576896542625,0.5078900893433549
606,0,0,0.0054004106393050364,0.03859406591914444,0.5952123143974574,0.029068673273570312,0.49285246567338425
607,0,0,0.006489792151656792,0.04515379545095614,0.5824970603255917,0.02791827055377965,0.4823745266551299
608,0,0,0.007137611632097121,0.048829479210152855,0.5802073095753484,0.027412758185406547,0.47515627916741565
609,1,0,0.007349773624715977,0.426658834464601,0.584849006556936,0.7558553321928903,0.8840342035319079
610,0,0,0.04423962590238604,0.5646185907020945,0.22570866095666708,0.027505587754897583,0.8233024761357671
611,0,0,0.35446321214694465,0.6365790607273799,0.08201512069351859,0.016362393836328634,0.6926237163670885
612,0,0,0.6159718172305652,0.8154947649385996,0.07771727036478725,0.013273204731335565,0.6116231729243007
613,0,0,0.7978436981697555,0.8916382584177958,0.1020154566615556,0.01319026818343229,0.5584866197174774
614,0,0,0.8355418487484224,0.9043183912220086,0.13332392401008572,0.01366597245672279,0.5231797164842916
615,0,0,0.8221776164537703,0.8943269302583853,0.16651470910684815,0.014303936473895352,0.49967154711189793
616,0,0,0.7885380757066828,0.8742762896285486,0.1997699984719906,0.015012312109053665,0.48407575308366846
617,0,0,0.7410366379654647,0.8466490982175815,0.2322732898828886,0.01575668641750176,0.47379944470153035
618,0,0,0.6798608747517725,0.8108976911855258,0.2636637165621545,0.01651928390618745,0.4670933038395415
619,0,0,0.6036164947459969,0.7651406397434592,0.2938372371843758,0.017290171498131418,0.4627765350137351
620,0,0,0.5112267354265865,0.7064707198784265,0.32284022606694923,0.01806444087766404,0.4600545784108793
621,0,0,0.40412473307185764,0.6312118082592199,0.3508006072187456,0.018840709811998056,0.4583948507606527
622,0,0,0.28950116216880517,0.5362558903628074,0.3778803382436769,0.019620007227142747,0.4574417244419073
623,0,0,0.18247570145315595,0.423240443391044,0.404241631642119,0.020404834420431357,0.45695859819227747
624,1,0,0.10095649055360716,0.8616771773952324,0.4300220772576467,0.704749441614899,0.878369990301152
625,0,0,0.4596409462799641,0.914398170517541,0.13913528041959788,0.02200351446940662,0.8151996142896382
626,0,0,0.8251490140872605,0.896925662789367,0.06146653372037518,0.014425541909310748,0.6870736704868953
627,0,1,0.8646127474120956,0.3184567517223398,0.9132923797281458,0.012881270574971048,0.6077324931544645
628,0,0,0.005237655042741771,0.023755414317090197,0.7580971606111906,0.04393782209272262,0.5558432790869208
629,0,0,0.0026824711797438085,0.020477429560369187,0.6750711953364062,0.035249420816326336,0.5273529801565127
630,0,0,0.003992633790390636,0.02955489963860643,0.6257789890763282,0.03130627456211373,0.5066407868170248
631,0,0,0.005334290747402256,0.03814748245758405,0.5987080349791152,0.029170807266434774,0.49202409744397846
632,0,0,0.006364174665626196,0.04436144134761564,0.5866360804126018,0.0280588272832754,0.481840884262629
633,0,0,0.0069654635729595755,0.04778191424898044,0.5846912446552635,0.027576326389287153,0.47482735820066235
634,0,0,0.0071513681218515115,0.04869839860060009,0.5894552156687803,0.027499351463694425,0.4700571605491585
635,0,0,0.007015505390973768,0.04775072587667488,0.5984796492087835,0.0276882771313031,0.46686422782338666
636,0,0,0.006677115000643382,0.045643380839208464,0.6099837600417486,0.028049623351103933,0.4647748517353988
637,0,0,0.006241694397503925,0.04297252622001365,0.6226594385515316,0.028516902829825712,0.4634540513519414
638,0,0,0.005784679119785995,0.040164028006378104,0.6355481425035343,0.02904051913901055,0.462665349124569
