,-1,-2,0,3640,224544,309669,229409,385321
0,1,0,0.8853413310944942,0.05018797832245271,0.2753601132960523,0.09595236278276466,0.9080599615335364,0.011991704358921992
1,0,0,0.8651857411966719,0.07811813388966325,0.43235304651976736,0.0826251146650275,0.2960827535518636,0.015359595727044527
2,0,0,0.8904483651388418,0.06749010961351028,0.09335776980422962,0.074419657977149,0.48353069976081664,0.01762100849943339
3,0,1,0.8206306988961679,0.9474588466185648,0.13297924858162413,0.11997990206219465,0.15161412856397877,0.016724322338593733
4,0,0,0.046193069578434345,0.9058089858054945,0.04770943822536164,0.8947044333908447,0.3891763225416612,0.5807415452355102
5,0,0,0.0010687721073237343,0.9018064358546057,0.09666058854976649,0.9917371552830202,0.4165087546497645,0.5293584262134187
6,1,0,0.0007414651645920927,0.7961056824004754,0.632824753354688,0.9883439959658805,0.9782913733408124,0.5243697235323699
7,0,0,0.003672468603621074,0.6379173391311935,0.5582890810716086,0.9531607895021349,0.9147340739853158,0.3939000821697146
8,0,0,0.008290451480063655,0.4801085889067094,0.48985789684866676,0.8528195107620988,0.8615561959489749,0.22760414133245677
9,0,1,0.0257991895867685,0.9851568173617306,0.43168821437911825,0.5794555767633639,0.7878737074987511,0.11805979325551813
10,0,0,0.007305114981396204,0.8683704752216589,0.36060988734114996,0.9092990088611892,0.8336111022447837,0.6258158493964163
11,0,0,0.002219208967930171,0.8084653428647308,0.385345680004184,0.9866221673475812,0.7590873194467754,0.4826011251017083
12,0,0,0.002140473929052802,0.7493950195504796,0.3303823708288672,0.9639631418866631,0.768507530796041,0.4087466033113329
13,0,0,0.002886082330529313,0.7120663082143639,0.3286283370908124,0.9394820618639852,0.7041956103668248,0.3397292751842306
14,1,0,0.003911013717777758,0.4950403713098585,0.8468977796961246,0.9034490114252478,0.9909570402437385,0.29919283903508037
15,0,0,0.03720247842070385,0.2082489144678006,0.6072727934538479,0.5341553652601712,0.9545395626165069,0.1260577535714737
16,0,0,0.38800470397638215,0.09036672505072312,0.5332573139683917,0.15955731167401693,0.8228142023166888,0.03323887175232915
17,0,1,0.8641904852003849,0.8979666241611061,0.40685651684732704,0.07272603507214352,0.6865535329311159,0.018713076102010267
18,0,0,0.11868137449672347,0.8175583856361948,0.28059997360627215,0.8106088984393277,0.6839648779881796,0.5195792667270359
19,0,0,0.003984448314298605,0.792245993724865,0.26046985639491904,0.9754629991521523,0.6507956101855983,0.4197781778500229
20,1,0,0.0019184730676289632,0.624272104843077,0.8138940919541267,0.9575921756150302,0.9886033970303678,0.3893022746161652
21,0,0,0.014287621729748184,0.34741833105586595,0.5995015776715918,0.7758064861372017,0.9543001606835283,0.21583326822231952
22,0,0,0.08560007291274224,0.16765952427962347,0.5316248071724602,0.3650806045789776,0.8426453726583403,0.06450190618220089
23,0,1,0.6079767407450453,0.9283983438125857,0.42321620765538503,0.1167312190534547,0.7483265967100912,0.02730028260398964
24,0,0,0.08756791604126145,0.8348418122550804,0.3283282661790168,0.8338387520408207,0.7455556113233449,0.5573750936852622
25,0,0,0.003578741139460312,0.791551351280617,0.3110319067063895,0.9794978942336589,0.7098187157794573,0.4409599834908953
26,1,0,0.002084443806454277,0.6007847010595232,0.8477356572997835,0.9581375745183071,0.9910298416452125,0.38847685044232433
27,0,0,0.01708207743326422,0.30764262107307727,0.6074801592493022,0.7443209566441432,0.9598247421433475,0.19662038131212847
28,0,0,0.11947694794245006,0.14000959906527205,0.5378425003668981,0.29967591246288705,0.841266475724553,0.05349121175553694
29,0,1,0.7139360659725063,0.9178189051551665,0.42317096144266675,0.09805484428672116,0.743105148791871,0.02385940867023267
30,0,0,0.09992880704577137,0.8274705920587455,0.3243504618359396,0.8243540573715776,0.7279614909837163,0.5442882608063806
31,0,0,0.0038609147803845105,0.7867014341760518,0.29752962715532677,0.9775822364296941,0.7021784411407025,0.431895179392214
32,0,0,0.0020993559223281793,0.7600693834676554,0.2752701097606626,0.9563367282158369,0.6796715202702157,0.3827318743472582
33,1,0,0.002549978092154603,0.5792568889138241,0.830095837186786,0.9405313537259522,0.988987604227519,0.351801684950924
34,0,0,0.019994581573724322,0.2921620518919748,0.60268444790497,0.6941200985578272,0.9553576796578919,0.18017068091295205
35,0,0,0.15712105899398843,0.13202817596865327,0.5331196564731132,0.2701995741300433,0.8354049333273269,0.049705056855942245
36,0,1,0.7487114259399512,0.9154677036286537,0.41738281632126123,0.09386020500353713,0.7315356811774847,0.022947416626898098
37,0,0,0.1018517129691285,0.8273623453436342,0.3147218439229632,0.8234975328778319,0.7167017780869547,0.5413708323515568
38,0,0,0.003806717641206675,0.7896487639057844,0.28799635614916563,0.9776179158547024,0.6921077858643927,0.43176238628201324
39,0,0,0.002029891468783467,0.765976640753604,0.2669977031042234,0.9575486175016977,0.6704127735179471,0.38621934458861973
40,1,0,0.002421371277714078,0.5901858496437621,0.8246510010295001,0.9437359881345838,0.988625813809223,0.35856617671665597
41,0,0,0.018461795942436483,0.3057078991664156,0.6014228460109187,0.7136558552581335,0.954790620123323,0.18838371721527955
42,0,0,0.13620513846926013,0.1402291163336466,0.5323998636855132,0.29164219403100683,0.8369030261696331,0.05300354804664333
43,0,1,0.7196438866343853,0.9186728206054422,0.418514287630681,0.09874950375422473,0.7357510912274647,0.023884984970565754
44,0,0,0.09841821205385994,0.8293250215176684,0.31805590765785946,0.8260853608844427,0.722875831439312,0.5453470787341153
45,0,0,0.0037461253086727704,0.7902232926125744,0.29290404493795835,0.978112503513918,0.6965247699841756,0.43417163074426796
46,0,0,0.0020387185258414204,0.764824757255315,0.27071217426526417,0.9577947375598833,0.6757471542699016,0.3869005383016483
47,1,0,0.00245019397052475,0.5870992583974686,0.8276940587566013,0.9432850993310232,0.988809327174248,0.3572426128060722
48,0,0,0.018895781198313637,0.3012476488050619,0.6021126228357048,0.7082747414160927,0.9552611055309052,0.18603543075616685
49,0,0,0.14224692372749387,0.13742128080254312,0.5329315706015797,0.2847258117802224,0.8365979735606279,0.05189524927797066
50,0,1,0.7295179154802429,0.9175473548204157,0.41835291323312174,0.09701744981324231,0.734740239504497,0.0235598473149428
51,0,0,0.0996604924668396,0.8285745530184975,0.3172722428849452,0.8251258735584827,0.7209942981774242,0.5439514658494545
52,0,0,0.003772258296216476,0.7898497477390075,0.2914386293269463,0.9779198099982993,0.6953501209264032,0.4332500341499227
53,0,0,0.002038587343486173,0.7649885489577692,0.26969791135564203,0.9576430026164483,0.6741057937303229,0.38645759188012524
54,1,0,0.0024451519668990543,0.5877611221241327,0.8267757909437996,0.9433042583576154,0.9887575306294676,0.35743068430598196
55,0,0,0.018799328744008505,0.3023068358140798,0.6019074868419602,0.7094307893965063,0.9551059874847512,0.18653706921337485
56,0,0,0.14085566149624432,0.13809304973386852,0.5327603655409926,0.28631857788663073,0.8366427130823852,0.052156439804700055
57,0,1,0.7272194984298042,0.9178241730582377,0.4183598545444515,0.09743416580053806,0.7349334368660433,0.023637240579163533
58,0,0,0.0993520127179007,0.8287681609790757,0.31741812160751665,0.8253683826159125,0.7214069573621013,0.5442947940139544
59,0,0,0.0037651762757753816,0.7899638103196329,0.291755695345995,0.9779699852878591,0.6955943938591382,0.43348774628480674
60,1,0,0.0020381918178134706,0.6076059155665104,0.8393685888895142,0.9576897546369804,0.9901505602069829,0.386592826454695
61,0,0,0.01628841765304181,0.31833613408634137,0.6052818302191295,0.7514044543505356,0.9585688063672032,0.20206359785897984
62,0,0,0.11003128235818506,0.14705714916781804,0.5363594612443515,0.31691486139046543,0.8416082402470646,0.05626380091524716
63,0,1,0.6879790576068961,0.9206293377702724,0.42319262090236104,0.10251493870348183,0.7446492532284588,0.024694017528486597
64,0,0,0.09672066471475767,0.8294512246654252,0.3255255257386433,0.8268576456570452,0.7324014053009082,0.5477715138535438
65,0,0,0.0037846192793364584,0.7879790968847908,0.3009315944718677,0.9781063029663097,0.7043314069430898,0.4343266566860803
66,1,0,0.0020945759648269774,0.6011003368084986,0.8442930147547422,0.9568375305497693,0.9905485579325457,0.38424222817639575
67,0,0,0.017050144271049963,0.3093650983345919,0.6064775281711348,0.7418341609626705,0.9591976875997622,0.1968697910626505
68,0,0,0.11966396548652834,0.14127396155451252,0.5371195433281435,0.30201123342502306,0.8408966347060465,0.05392893659841997
69,0,1,0.7099656113152333,0.9183944128561203,0.42272864962811885,0.09888477658473845,0.7426994888071519,0.02400708858528127
70,0,0,0.09922254461490758,0.8279978976880451,0.3239716132185501,0.8249610689764744,0.7282547639998669,0.5450019098438388
71,0,0,0.0038363692525230694,0.787261090122024,0.29768329008192773,0.9777258722335367,0.7020366123870233,0.43254219831251833
72,0,0,0.002092642978410981,0.7605237568941201,0.27519484887503015,0.9565665460049183,0.67997835035903,0.3833931794344276
73,0,0,0.0025409313047196425,0.7436564620029055,0.2570606819016214,0.9408363876766488,0.6492778929995704,0.35231992956879693
74,1,0,0.002883426080527541,0.567705629968984,0.8127153259023507,0.9287279077824111,0.9877612921393795,0.33332300091750305
75,0,0,0.02166984574728692,0.2870980813471706,0.5985932096824825,0.6692534582027371,0.951029328532164,0.17179656023633416
76,0,0,0.17669551977617337,0.13004054522275973,0.5286398540325591,0.25901586551531736,0.831690319332352,0.048522631653967994
77,0,1,0.7592311242577012,0.915357616644861,0.41346049545209,0.0932110541982224,0.7239601437781505,0.022725648179160778
78,0,0,0.1014902168875357,0.8283404399569032,0.3084808938944315,0.8242206417093324,0.7112515561467876,0.5412341626075869
79,0,0,0.0037286616597693033,0.7924020629250601,0.28321114898362154,0.9779324320988377,0.6860003356323853,0.4329626308336144
80,1,0,0.001980328850844779,0.6143253716382405,0.8339732574101664,0.9586296263156412,0.9897721780823128,0.3894878147851353
81,0,0,0.01552294152545805,0.32787431903901965,0.6040180603075765,0.7615380817435573,0.9578497432401565,0.2075348703985905
82,0,0,0.10056174945689693,0.15341756580791713,0.5355091372311941,0.33312591602821434,0.8423624353307402,0.0588503492944485
83,0,1,0.6629779422241899,0.9230245713637143,0.4236764523936605,0.10665407970431309,0.7466124784002051,0.025471634699458474
84,0,0,0.09399442265203148,0.8310015102389736,0.32709675622798984,0.8289035363380539,0.7369937121401641,0.5507364930609951
85,0,0,0.003729129304778191,0.7887702350576362,0.3045290791147212,0.9785092237419125,0.7066909442795877,0.4362320422568511
86,1,0,0.0020969527172908084,0.6004138536114513,0.8457093450867954,0.9571210197496863,0.990717545168189,0.3851785727148419
87,0,0,0.017131050555460166,0.3080653715809919,0.6068661823165752,0.7416113743416928,0.9594312547190257,0.19632764925805143
88,0,0,0.12054884034464457,0.14040290416758774,0.5373916352729418,0.3000211621601002,0.8409344103161651,0.05359833190059317
89,0,1,0.7130012621158532,0.918030457102468,0.4228094916792765,0.09833356730859236,0.7426292253950425,0.023905252229882778
90,0,0,0.09964523412784694,0.8277181637770481,0.3239314397864882,0.8246197253339487,0.7278038733028807,0.5445506136828914
91,0,0,0.0038479160193951307,0.7870407041497137,0.2973511403087981,0.9776509985677552,0.7018626122597963,0.43219892809043003
92,0,0,0.002094354218272494,0.760438408361997,0.2750259869874859,0.9564774726630112,0.6795737609647249,0.38313271356959633
93,0,0,0.002542291725299767,0.7436363596301728,0.2567697443023544,0.9407598905922079,0.6490705045826762,0.35222255704442146
94,1,0,0.0028831588948265746,0.5678159919920779,0.8125734486797241,0.9287229191617138,0.9877441238601816,0.3333006656681892
95,0,0,0.021652746988057803,0.2872653194816991,0.5985538062482377,0.6693990410261169,0.951003671837255,0.1718750873800049
96,0,0,0.17645737722674357,0.13014310110342184,0.5286105014034964,0.2592541725008103,0.8316930401573074,0.048561251637977455
97,0,1,0.758910029342585,0.9154014227042642,0.4134575295723014,0.09327228160990834,0.723991106608219,0.02273703938353693
98,0,0,0.10144195510023132,0.8283722146086746,0.30850327426791435,0.8242595843635395,0.7113077953838628,0.5412885472828335
99,0,0,0.0037275162552498266,0.7924211033325336,0.2832539904537094,0.9779405233651299,0.6860391203519038,0.433001635585831
100,0,0,0.0019802281818270674,0.770029786169052,0.26223264934010254,0.9586378015494903,0.666105296356647,0.389510452835571
101,0,0,0.0023380952979933376,0.7570972432199691,0.24622555363864576,0.94598234278635,0.6375942770167601,0.36324046021222334
102,1,0,0.002573134075554991,0.5889961910584457,0.8052364241166771,0.937145673099556,0.9873175975518976,0.3484204003019168
103,0,0,0.018469535136267635,0.31227641056817634,0.5968983671980281,0.7091816923097989,0.9505282707571192,0.1874759365547201
104,0,0,0.13392511461788403,0.14527260362128938,0.5278965608107459,0.29884176724729494,0.8349820067083579,0.0546764618530204
105,0,1,0.7053266129277915,0.9211476043587292,0.41609121485775913,0.1023353272166076,0.7330195304053014,0.024480029512200213
106,0,0,0.09535722774427734,0.8317019787589449,0.3156241131103563,0.8287603032838715,0.7232442410226518,0.5484133535490491
107,0,0,0.003635872915373384,0.7929317236021619,0.2927966482008481,0.9787482937329249,0.6951240472491611,0.4370935776797345
108,0,0,0.0020045907869181215,0.7672752919126217,0.26974109955297926,0.9588777160917539,0.6763463755096989,0.3901177310423052
109,0,0,0.0024028633030687085,0.7519322717748937,0.25390628775811247,0.9448040106422373,0.6451274667974084,0.36006097016738514
110,1,0,0.0026961790385411815,0.5792308725609673,0.8101629491890932,0.933963928830678,0.9876966375541091,0.342580731656534
111,0,0,0.019867078812134047,0.2999837314026043,0.5980872080310464,0.6917938796219222,0.9510940466668635,0.1801514674381335
112,0,0,0.15233351745132784,0.13757773541284912,0.5286026743007967,0.27915831078012515,0.8336386964892868,0.051585191187068495
113,0,1,0.7331265501421053,0.9182224630477339,0.4150891515630196,0.09758961340120867,0.7292459896635717,0.023577850043916902
114,0,0,0.0985304173239186,0.8299231270412365,0.3126527199280376,0.826389071861236,0.7174570150567894,0.5447887054871294
115,0,0,0.003689976582132302,0.7924003460286814,0.2882192616714947,0.9783092988685412,0.6911539219262067,0.43490644768307624
116,0,0,0.001996228516256387,0.7683459375465884,0.2663845959053066,0.9586660807201919,0.6713786868584898,0.3894857735083871
117,0,0,0.0023768257451443025,0.7541020552854715,0.25020042636143613,0.9452046021232053,0.6417248675658344,0.36129536707666093
118,1,0,0.0026425352930237816,0.5835613134192636,0.8079225682327723,0.9353375991004272,0.9875104749954461,0.3450282718793988
119,0,0,0.01923641258145346,0.30542318930807993,0.5975352426648423,0.6994522420217201,0.9508313992012338,0.18337160626982954
120,0,0,0.14395958464035302,0.1409454820420562,0.528274878789907,0.28775820765404336,0.8342182570444127,0.052932139619505485
121,0,1,0.721173959258127,0.919517279965455,0.41551725329665873,0.0996422414424413,0.7309299810810459,0.023968636051084822
122,0,0,0.0971326453511328,0.8307164834703485,0.3139738297663635,0.8274397211867652,0.7199603329577123,0.5463937684187714
123,0,0,0.0036658440835892646,0.7926387383308647,0.29019946141041153,0.9785051573345248,0.6929211748819458,0.43588158580059533
124,0,0,0.001999697792808586,0.7678907427766134,0.26786711780633143,0.9587648633478947,0.6735348323712647,0.38976924329779017
125,1,0,0.0023880176419460324,0.5920897609840031,0.8262991130895851,0.9450334771197528,0.9886978907496379,0.3607703269941929
126,0,0,0.018232685788578538,0.3070585091102236,0.6017738373387981,0.7170967701909587,0.9552268684184324,0.18984353206155805
127,0,0,0.13350179059241257,0.1409606404265719,0.5328399177668794,0.2943063272142507,0.8373709504878204,0.05334353677964662
128,0,1,0.7163967405341445,0.9188822864626747,0.41898720376686255,0.09914059571164001,0.7367141520420206,0.023970409201946426
129,0,0,0.098235630053768,0.8293460102557195,0.31885458792128435,0.8261740770754912,0.7238577383333672,0.5456067450160208
130,0,0,0.0037499684539037234,0.7899903543128323,0.2937301093196442,0.9781126517596027,0.6973670454234001,0.434197412084633
131,1,0,0.002044409613199747,0.6067476546782578,0.8403889324702614,0.9576987032044433,0.9902428452515424,0.3866242999835656
132,0,0,0.01638901645327675,0.316993026115288,0.6055377966666311,0.750346045166706,0.9587227122608863,0.2013725786598609
133,0,0,0.11125971030599074,0.14616086286133465,0.5365387712294725,0.31472019171776716,0.8415523817058475,0.05590827870023572
134,0,1,0.6913497322569716,0.920278139567965,0.42317772830213324,0.10193804713767486,0.7444409273297448,0.02458631532344416
135,0,0,0.09712289209997654,0.8292079719679845,0.3253649239061716,0.8265469258858167,0.731819254904358,0.5473364870975174
136,0,0,0.0037938475419578496,0.7878276250379642,0.3004832642497117,0.9780424319592165,0.7040499469261234,0.4340278604476404
137,0,0,0.0020949745542988177,0.7600731644739859,0.2769993255711754,0.9567794765812775,0.6830423692063575,0.38406305259381224
138,1,0,0.0025530069723477093,0.5784650092835665,0.8319122984438552,0.9407269626135663,0.9890776013933746,0.3518059960146094
139,0,0,0.020123716742619712,0.29064014961379087,0.6030796113591452,0.6926733351434846,0.9556882573173092,0.17958658177947207
140,0,0,0.15919589076509114,0.13107810446040682,0.5334767650902822,0.268088628893753,0.8354074094798212,0.0493468547793825
141,0,1,0.751700788682201,0.9150488766884131,0.4174489256907857,0.09327893036806628,0.7313529636941771,0.02284115067180237
142,0,0,0.10232058879591342,0.8270467411083904,0.3145960625568622,0.8231162940231487,0.716218720643909,0.5408508380233981
143,0,0,0.003818970115646656,0.7894274203769063,0.28763485568789865,0.9775348437310268,0.6918268366916313,0.43137527060656383
144,0,0,0.0020315264909072546,0.7659017263659018,0.26675542222047505,0.9574547233791556,0.6699704881232214,0.3859570258444522
145,1,0,0.002422249741636844,0.590206447443015,0.8244038159280832,0.9436717322257568,0.988611745970944,0.3584800310564351
146,0,0,0.018456885616626173,0.3058287829028134,0.6013674938088137,0.7136761979192849,0.9547404584907391,0.18839946425332396
147,0,0,0.13610930780418634,0.14031423400275353,0.5323465091210079,0.2917962537240213,0.8368866115729884,0.053033894539770914
148,0,1,0.7193821448053728,0.9187119728596165,0.4184908973758844,0.09880660506808055,0.7357344721947817,0.02389490935765915
149,0,0,0.09837156174986367,0.8293588370046424,0.31803969930475234,0.826124690263186,0.7229012178717645,0.545395616065635
150,0,0,0.0037446453505370785,0.7902562473871574,0.2929197567166355,0.978121522592516,0.6965239837806612,0.4342131678894049
151,0,0,0.002038355116101359,0.7648488981314685,0.2707139243681497,0.957808084185361,0.6757723461044715,0.38693962479514105
152,1,0,0.0024497452008721103,0.5871275625912371,0.8277066696413352,0.9433011339759187,0.9888097355777863,0.35727032946318793
153,0,0,0.01889214081440637,0.30127226659386325,0.6021151887548246,0.7083257620046011,0.9552651186802672,0.1860568616978663
154,0,0,0.14220157194674765,0.13743522032091574,0.5329354967658022,0.2847698095337619,0.8366039602348966,0.05190130585054142
155,0,1,0.7294625141786031,0.9175520385984973,0.4183586564793255,0.09702525027268986,0.7347536054610677,0.023561450746017575
156,0,0,0.09965592706369572,0.8285763205741201,0.3172831745782642,0.8251288222366687,0.7210091579395236,0.5439572753270717
157,0,0,0.0037722510091436966,0.7898477786487528,0.2914509078717697,0.9779201981849638,0.6953623731553996,0.4332522042184987
158,1,0,0.0020386527184082354,0.6076056196226425,0.8392300359443007,0.9576422086118366,0.9901349240325354,0.38645525744627746
159,0,0,0.016287850967812764,0.318392622707801,0.6052445021201844,0.7513243478234803,0.9585423935733647,0.20206335927816457
160,0,0,0.11003542352958448,0.147101241223026,0.536329897826165,0.31698656599833314,0.8415932545403052,0.056278800011526554
161,0,1,0.6878426546371421,0.9206494411804403,0.4231746475489043,0.10254549251605384,0.744631536565001,0.02469932769935383
162,0,0,0.09669551428407187,0.8294701719629425,0.3255091617039284,0.8268793474012691,0.732408846132675,0.5477964136049435
163,0,0,0.003783733613820547,0.7880000054441554,0.30093447080980146,0.9781113838573413,0.7043235513962594,0.4343499323554365
164,1,0,0.0020943165131922462,0.6011239684084634,0.844289721425862,0.9568460636942314,0.990548922205008,0.38426696331589155
165,0,0,0.01704734419450997,0.30939154067746305,0.60647724938853,0.7418795432229673,0.9591981595774438,0.19688847393849707
166,0,0,0.119626210777949,0.1412899809507603,0.5371198981136737,0.30205683882758894,0.840900872212558,0.053935682518095364
167,0,1,0.7099025589589008,0.9184003337136022,0.4227322902797648,0.09889442377900631,0.7427087171302698,0.024008965389040154
168,0,0,0.09921625283937816,0.8280011119644687,0.3239791921345346,0.8249655710112046,0.7282687913588057,0.5450092509521396
169,0,0,0.0038362794047780324,0.7872613693493136,0.29769460239816947,0.9777266964854631,0.7020459694972663,0.432546143028616
170,0,0,0.0020926780987529374,0.7605201171702108,0.27520296830138213,0.9565665996531719,0.6799902360656864,0.3833935094851157
171,0,0,0.0025410173437607807,0.7436500866169501,0.2570696768737846,0.9408347507833986,0.6492857802231877,0.3523157768261027
172,1,0,0.0028835921489455364,0.5676936772854666,0.8127204877661766,0.9287235765823136,0.9877617224304263,0.3333159173027593
173,0,0,0.021671785303742988,0.2870839180291475,0.5985944817431543,0.6692313890267917,0.951029823777247,0.17178805711453174
174,0,0,0.1767221537209881,0.13003230432945193,0.5286405145813947,0.25899464933544797,0.8316886524994822,0.048519362285002685
175,0,1,0.7592581798167161,0.9153543442919698,0.4134592153625826,0.09320630901475073,0.723954923838654,0.022724733079203408
176,0,0,0.10149363054706426,0.828338469601376,0.3084768409702427,0.8242180523498404,0.7112454114829266,0.541230099982923
177,0,0,0.003728716394085095,0.7924017105093464,0.28320622777364673,0.9779319552192152,0.6859951116875327,0.43296021216477887
178,1,0,0.001980317835867419,0.614327159320882,0.8339702530873956,0.9586294267040605,0.9897719346831898,0.38948739578573993
179,0,0,0.015522729541148274,0.32787752933654035,0.6040173291496788,0.7615401816756291,0.9578492465812826,0.20753634045094577
180,0,0,0.10055922266875801,0.15341981902190027,0.5355085758303144,0.3331311602655765,0.8423624895513889,0.058851238344258025
181,0,1,0.6629693504567338,0.9230254429559128,0.4236763971215761,0.10665560084996716,0.7466128206708269,0.02547191435669774
182,0,0,0.09399339806594448,0.8310021336987483,0.32709700783967427,0.8289043300277857,0.736995086709324,0.5507375713327778
183,0,0,0.0037291049035507963,0.7887706724909328,0.30453012537993596,0.9785093862055191,0.7066915021473474,0.43623280890568594
184,1,0,0.002096950768322462,0.6004139013178836,0.8457096975301616,0.9571211843933415,0.990717596164666,0.3851790906710769
185,0,0,0.01713104445839826,0.3080652802153624,0.6068662863954126,0.7416117806854745,0.9594313227079421,0.19632768689439892
186,0,0,0.12054869631268911,0.1404028255909947,0.5373917128132437,0.300021071784083,0.8409344633524876,0.05359830872773855
187,0,1,0.7130014657752204,0.9180304166693769,0.42280955040031476,0.09833351266257379,0.7426292991658661,0.023905243062435445
188,0,0,0.09964528703670746,0.8277181192791974,0.32393150514995883,0.8246196768186459,0.7278038899381324,0.5445505635427763
189,0,0,0.0038479182911839156,0.7870406463566763,0.2973511623996823,0.9776509862787189,0.7018626587628518,0.43219887349089725
190,0,0,0.002094355040988271,0.760438348394897,0.27502602230663925,0.9564774487343803,0.6795737689317433,0.3831326452749775
191,0,0,0.002542292964037907,0.7436362900489775,0.25676975453087325,0.9407598530841947,0.6490705270241846,0.35222248863340877
192,1,0,0.002883160489226982,0.5678159023234872,0.8125734616502245,0.9287228743161281,0.9877441234569398,0.33330058835954324
193,0,0,0.021652761751925362,0.28726522315295866,0.5985538082109253,0.6693988594117589,0.9510036697900283,0.17187502356554965
194,0,0,0.1764575790270623,0.13014304644636607,0.5286104999995566,0.25925402475790016,0.8316930241701789,0.04856122938457112
195,0,1,0.7589102132636296,0.9154014018576566,0.4134575159107705,0.09327225070742069,0.7239910627416644,0.02273703331112067
196,0,0,0.10144197615262864,0.8283722035375528,0.30850323975029204,0.8242595690388875,0.7113077490721162,0.5412885214022646
197,0,0,0.0037275164909875455,0.7924211050025995,0.28325395276502097,0.9779405207953497,0.6860390785775511,0.4330016219954079
198,0,0,0.0019802280436638717,0.7700298002497381,0.2622326160091692,0.9586378017862199,0.6661052565707687,0.38951045482121316
199,0,0,0.0023380949776677187,0.7570972676800064,0.24622552353611846,0.9459823495632603,0.6375942439285437,0.3632404764963136
200,1,0,0.0025731335227890213,0.5889962342769022,0.8052364026866189,0.9371456875508138,0.9873175961064067,0.348420428066949
201,0,0,0.018469529149796084,0.31227646542680154,0.5968983621933668,0.7091817697426893,0.9505282683239169,0.1874759694717809
202,0,0,0.13392503699467903,0.14527263867428367,0.5278965577936263,0.29884185697471427,0.8349820128569208,0.05467647603039623
203,0,1,0.705326482524439,0.921147617435943,0.4160912194844622,0.10233534930501152,0.7330195468062217,0.02448003369766087
204,0,0,0.09535721341553799,0.831701986639412,0.31562412610117924,0.8287603138956924,0.7232442677753912,0.5484133697423109
205,0,0,0.003635872674286082,0.7929317260075595,0.29279666934532506,0.9787482956778831,0.6951240646405525,0.4370935873743947
206,0,0,0.002004590826943939,0.767275286915292,0.2697411144733655,0.9588777169804907,0.6763463983525828,0.39011773390383686
207,1,0,0.0024028634229151086,0.5904943525106067,0.8278874768588551,0.9448040088091928,0.9887898132482503,0.36006096441003493
208,0,0,0.018453283010830483,0.3047365458499371,0.6021306159505506,0.7143128028366031,0.9554715518221178,0.18861967376635236
209,0,0,0.1365568194720264,0.1394870744425876,0.5331160596343273,0.2906733860583615,0.8372115922031926,0.05276029523937568
210,0,1,0.7216450856150893,0.9182951863550909,0.41890258290670745,0.09822472946210317,0.7361990753722208,0.02379863595360316
211,0,0,0.09888625878247644,0.8289550098113244,0.31845422704535625,0.8256728926203509,0.7228645193516716,0.5448788787267738
212,0,0,0.003763657884617173,0.7897931475632055,0.29295676681494925,0.9780121012775503,0.6967638293747592,0.4337171885817106
213,1,0,0.0020443294075290406,0.6068622504584185,0.8400322574387169,0.9576196970434131,0.990204625754094,0.38639049222983796
214,0,0,0.016374778355122046,0.31726239097337355,0.6054434020548911,0.7503505494684406,0.958660314782107,0.2014647418469447
215,0,0,0.11110600267986685,0.14635041604881227,0.5364677952898517,0.3151272177227015,0.8415354777649422,0.05597941004522365
216,0,1,0.6906853144444773,0.920357109495988,0.42315068267507794,0.10206310501167243,0.7444399672063641,0.0246090547277781
217,0,0,0.09702909614424651,0.8292708240206194,0.32535981803107855,0.8266231153169854,0.7319081077371064,0.5474343129212614
218,0,0,0.003791190713919617,0.7878814857221577,0.3005470770894723,0.9780591284237045,0.704074585875605,0.43410505935108556
219,0,0,0.002094501161498026,0.7601000283994248,0.2770258167251958,0.9568009931663711,0.6831226592612695,0.3841267606292967
220,1,0,0.002552525561574715,0.5784853845571536,0.8319538601751556,0.9407486692241959,0.9890793165396424,0.35183662667557813
221,0,0,0.02012119600220249,0.2906448530434387,0.603088366505836,0.692710487545569,0.9556977183095001,0.17960159224870437
222,0,0,0.15917032629693065,0.13107888481038432,0.5334865161941537,0.2681042792958091,0.8354141926771312,0.04934795802148199
223,0,1,0.7516891238827168,0.9150477462451843,0.41745637983561057,0.09327831109032995,0.7313660312004843,0.02284123775680778
224,0,0,0.10232274131402956,0.8270439223288731,0.31460699392982955,0.8231137502124889,0.7162274628316717,0.5408494344014053
225,0,0,0.0038191538924296836,0.7894216565696675,0.28764270310934736,0.9775339980455022,0.6918369669223265,0.4313718135086567
226,0,0,0.002031624828398517,0.7658939280167251,0.26676340768318296,0.9574523911184932,0.669977284371976,0.3859501959224711
227,0,0,0.0024224100512192284,0.751700077216937,0.24934442965430345,0.9436673004027896,0.6414765873019285,0.3584710640922962
228,1,0,0.0026903120203464826,0.5810489808901649,0.8076912542406347,0.9338968056593804,0.9874244915583227,0.3423193061311942
229,0,0,0.019603361232851023,0.3028711491191799,0.597422700346384,0.6942557140520877,0.9506401077382488,0.1814980183596125
230,0,0,0.14875426650965295,0.13944113524405713,0.528089309458439,0.28347684328381195,0.8336925161745872,0.052296103567572715
231,0,1,0.7268578713549045,0.9189879340364012,0.4150424555804618,0.0987554854154603,0.7297116094750732,0.023793300180037304
232,0,0,0.0976706762161232,0.8304722579253148,0.31299153143275976,0.8270719743984758,0.7185291659824501,0.5457377026035454
233,0,0,0.0036699091203337094,0.7927441144180589,0.2890319862891306,0.978449013332599,0.6917727915072373,0.43558134767922685
234,1,0,0.001994614307297175,0.612120430150328,0.8373049415573303,0.9588051722727469,0.9900551898347876,0.3898945686533904
235,0,0,0.015780587878773226,0.3240817526906081,0.6048394234957374,0.7589564348965311,0.9583866468336946,0.20572754701828855
236,0,0,0.10362527034775225,0.1507848162450738,0.5361216525738962,0.3269007381162678,0.8422706574176675,0.0578087994445383
237,0,1,0.6730301649935932,0.922005869582923,0.42370920626626074,0.10489531672414357,0.7461573793764608,0.025146906346518703
238,0,0,0.09518520100101728,0.8302800474196455,0.3267556821297482,0.8279829420497048,0.7353527950662233,0.5494759044590153
239,0,0,0.003757144460548685,0.7882793348506895,0.30327518201304277,0.9783208850041321,0.7059945232555637,0.4353450873321332
240,0,0,0.002098874245874065,0.7595204766966852,0.2787620691682414,0.9569361221100983,0.6860524112092394,0.3845974715631008
241,0,0,0.002566952131028965,0.7414140200873411,0.26160131089881444,0.9405577147676546,0.6528947632655551,0.35117608381904053
242,1,0,0.002946065359710435,0.5628567625356887,0.8151171412866773,0.9271361925419781,0.9879903225858492,0.33083611100290145
243,0,0,0.02246603701222621,0.2812692707006758,0.5992088933489459,0.6605404568375705,0.9512984106897289,0.16837441318518603
244,0,0,0.1876716093678355,0.12666715958326655,0.5289848728032157,0.25042095859514074,0.8310654873093715,0.04719467073184707
245,0,1,0.7700790461954619,0.9139973748797127,0.41299813069058394,0.09128040045070558,0.7218792132942318,0.022354047565209947
246,0,0,0.10291150452796576,0.8275010551955732,0.3068750550463929,0.8231308373594565,0.7088203480061919,0.5395449569853175
247,0,0,0.0037526948199577293,0.7922143443275019,0.28126772411988443,0.9777282910597377,0.683901029768385,0.43193255222011195
248,0,0,0.001976617614225538,0.770511887961734,0.26052215197543,0.9585272351503804,0.6639261652831536,0.3892646526850101
249,0,0,0.002325916839843233,0.7581310255789784,0.24459619079089806,0.9461858822883158,0.6358287632397152,0.3637981868801622
250,1,0,0.0025491342606970765,0.5909846483051885,0.804087728729928,0.9377520863232387,0.9872347919545644,0.3495947829106058
251,0,0,0.018195568521787643,0.3148722924571784,0.5966256458884194,0.7126860651127714,0.9503793809625734,0.18899514014956437
252,0,0,0.1303764135442718,0.1469476685992594,0.5277180959129167,0.3030786584655582,0.8352481208256362,0.05535121853852635
253,0,1,0.6990959492510225,0.92177493181622,0.41628289746716884,0.10339980268840636,0.733747290963334,0.02468083718597659
254,0,0,0.09466488321275929,0.8320876638313661,0.3161986693076203,0.829275960912815,0.7244931332200983,0.549190042473833
255,0,0,0.003623723077645051,0.7930684125508494,0.2937798268387093,0.978843827689025,0.6959110342635424,0.43756811023941355
256,1,0,0.0020061533159883224,0.610372112792233,0.8397171652910069,0.9589281793585464,0.9902807781723824,0.3902803524453684
257,0,0,0.01598201055348448,0.32118542826638685,0.6054508304104022,0.757022454878634,0.9587642276994573,0.20430281325756586
258,0,0,0.10599946625548087,0.14880313414994056,0.5365585354151983,0.32214645012333787,0.8421899804897826,0.0570250622426032
259,0,1,0.6805574549954448,0.9212342754990357,0.42371971756813304,0.10359229114903681,0.7457829667604875,0.024905145698349243
260,0,0,0.0960810734164039,0.8297357776859191,0.3264725512636248,0.8272893473922489,0.7341046460990976,0.5485206744991621
261,0,0,0.003778209115534036,0.7879166028772241,0.3023196865734946,0.9781782248394403,0.7054431582898131,0.4346762441985486
262,0,0,0.0021002118504988955,0.7595206945961165,0.2782372982392117,0.9567983492914811,0.6849700978920487,0.3841683003968724
263,1,0,0.0025660534931010773,0.5772241427986265,0.8329696674733801,0.9404918631554213,0.9891345378734002,0.35117633206257887
264,0,0,0.020311086464356785,0.2889587690710972,0.6033133412116758,0.6903871866365843,0.9558407521426774,0.17867428149887193
265,0,0,0.16192333394375963,0.130078593445554,0.5336509258528119,0.2655852498627908,0.835271866284791,0.04895396314448755
266,0,1,0.7550063548917717,0.9146359576392186,0.41736613992329574,0.09269282066310046,0.730891717682337,0.022729873664444896
267,0,0,0.1027637872035125,0.8267751833417455,0.31423899667616484,0.8227714024401077,0.7155438686383527,0.5403380915266683
268,0,0,0.003827991777612876,0.7893150263265014,0.28710291125177334,0.9774654099812637,0.6913242394433456,0.4310422487872642
269,0,0,0.0020312386757043942,0.7659816892422034,0.2663388804742388,0.9574040967085059,0.6693758412625825,0.3858238506926592
270,0,0,0.0024199078076848506,0.7519311826280692,0.24889672942004593,0.9436951899892222,0.6410321249068047,0.3585719824102579
271,1,0,0.00268447653794365,0.5815346210263169,0.8074010232221764,0.9340409803726345,0.9874012023780369,0.3425795051738448
272,0,0,0.019532039384814483,0.30349728038553697,0.5973518594343412,0.6951154150454084,0.9506016803299122,0.1818590223424668
273,0,0,0.14780132848192246,0.13983134149277981,0.5280431682786114,0.2844609722400711,0.8337543104566976,0.0524514803685944
274,0,1,0.7254786671286717,0.9191387824393721,0.41508609014876713,0.09899480311755285,0.7298966239597844,0.023838659260526134
275,0,0,0.09750702710611389,0.8305662584722634,0.31313607560002465,0.8271956341199194,0.7188128021014687,0.5459246788211117
276,0,0,0.003666985706796281,0.7927760569340752,0.2892555420918009,0.9784722636271485,0.691969687959601,0.43569690145955176
277,0,0,0.0019949440175246248,0.7683300473384469,0.2670859184846521,0.9588182828340458,0.6725743125200307,0.3899325612379269
278,1,0,0.002378500113246469,0.592973643404935,0.8257388747843618,0.9452507316995143,0.9886617719779281,0.36127703307513986
279,0,0,0.018114833141659542,0.30822032313223985,0.6016449063480097,0.7186339430126,0.9551564961287148,0.19052418261474313
280,0,0,0.13192406629045875,0.14169142974275942,0.5327556637317986,0.2961849212682111,0.837483744593921,0.05363764550922062
281,0,1,0.7137149576224677,0.9191646226755855,0.41906706063294447,0.09959178902869921,0.737027270417102,0.024056045168959112
282,0,0,0.09792620294034983,0.8295233258825546,0.3191026525513541,0.8264073617554889,0.7243953192537977,0.5459567064311711
283,0,0,0.003744154722733433,0.7900589008029677,0.29415398073669197,0.9781577578746464,0.6977098531863132,0.4344152304451439
284,0,0,0.002044958552043284,0.7642524371756108,0.27170453623487256,0.9577254919694254,0.6770168940391917,0.38670558075397315
285,0,0,0.0024628465927889315,0.7484194270928687,0.254620541235135,0.9429992242310977,0.6464644080668209,0.3565857999486556
286,1,0,0.002772382888032459,0.5746370426560435,0.8109539050892624,0.931795360511442,0.9876877474025154,0.33863594032283234
287,0,0,0.020566498143982512,0.29489700498620314,0.5982199873569941,0.6827286451023723,0.9510176772515758,0.17678388339739035
288,0,0,0.1616991966775884,0.13457416198641686,0.5285612444771915,0.2710495972861372,0.8328282882580313,0.05035496889692987
289,0,1,0.7437980348827041,0.9170996407096628,0.4144013211538081,0.0958272836445615,0.7271438549793976,0.023234572233638947
290,0,0,0.09969305389965351,0.8293174507911344,0.31098359521712576,0.8255472691492541,0.7149200128658681,0.5433960931175892
291,0,0,0.0037044245125118533,0.7924235711160876,0.2861709036925094,0.9781651136622973,0.6891079237321005,0.4341623313932292
292,0,0,0.0019893881712319274,0.7690545812801315,0.264709818318266,0.9586651131305239,0.6692123233989595,0.38951338693624543
293,0,0,0.0023606577305607286,0.7553402654840492,0.2485666011668805,0.9455311820199597,0.6400691937296433,0.36211340502532346
294,1,0,0.0026136039466779846,0.5858063314984508,0.8068446189819297,0.9360939105214474,0.98743165303458,0.34642868802191545
295,0,0,0.018916207352598927,0.3082311432951984,0.5972785223512138,0.7034818993119988,0.9507135130407709,0.18505850164400078
296,0,0,0.13974974121050215,0.14270427157944435,0.5281260943096567,0.2922735169293387,0.8345349356152418,0.05364039176798106
297,0,1,0.7147875138023945,0.9201829230159235,0.4157566580796244,0.10072810119139221,0.7318042296708085,0.024175226395233666
298,0,0,0.09641102954834647,0.8311180613961511,0.31466360737283955,0.8279771566475944,0.7212964365974666,0.5472185305305317
299,0,0,0.00365373826916877,0.7927527912982275,0.29125730992850374,0.9786041333147035,0.6938372241400953,0.43637536683496353
300,0,0,0.0020017425955496894,0.7676355178933548,0.2686421846014706,0.9588098929775418,0.6746801374365664,0.38990488884486846
301,1,0,0.002394174229160023,0.5914293336376828,0.8269487668540844,0.9449363948448603,0.9887359900036562,0.360476085755734
302,0,0,0.018323595846332648,0.3060992785257705,0.6019201920257392,0.7159484219385526,0.955326703603248,0.18933617372690384
303,0,0,0.1347555422973859,0.14035055744698186,0.5329527346380887,0.29280091216331383,0.837304479424699,0.0531018588245448
304,0,1,0.7185776091395334,0.9186398977494736,0.41895148162727525,0.09876062982190595,0.7365011604758098,0.023899145753616714
305,0,0,0.09850445993575978,0.8291848791550135,0.31868888361490644,0.8259672484259993,0.7234451206083385,0.5453062633653861
306,0,0,0.003755603970394158,0.7899093263901034,0.2934087858483179,0.9780712409227778,0.6971177082184015,0.4339994971844407
307,0,0,0.0020443632582976467,0.7643720536051408,0.2711908215301689,0.9576663842086454,0.6761951096809736,0.3865282271789687
308,1,0,0.0024596121059871725,0.5863340103170497,0.8279651967480446,0.9430304892692861,0.9888287913882051,0.3567230311182885
309,0,0,0.019000385000242728,0.3003394306104686,0.6021766422529875,0.7069090874184301,0.9552780799391755,0.18545673342070593
310,0,0,0.1436507563695782,0.1368724207315932,0.5329579341130971,0.28325777085026116,0.8364840530963947,0.051672272034866816
311,0,1,0.7315055840337155,0.9173368195779007,0.4182617612384064,0.0966907615738887,0.734437792475428,0.02349679776306816
312,0,0,0.0998848096285413,0.8284502471162561,0.3170311277122083,0.8249591332338945,0.7205617477055392,0.5436903182256386
313,0,0,0.0037759246074505737,0.7898227412240842,0.2910930777659998,0.977888657772709,0.6950393225244137,0.43309742736899165
314,0,0,0.0020377907526253503,0.7650817625027575,0.26943607199914266,0.9576315771307762,0.6737342452122563,0.38642557505093694
315,0,0,0.002442895033558813,0.7499997524153792,0.2521560708356912,0.9433433109882097,0.6441988761576659,0.35753773505134157
316,1,0,0.002732653990077988,0.5776934843829555,0.8094695254859718,0.9328203291144231,0.98756616341364,0.34040785161558057
317,0,0,0.02010222028670395,0.29865484738817594,0.5978558092836591,0.6882436059762124,0.9508539372354107,0.17901892009546344
318,0,0,0.15543790937313048,0.1368470434328373,0.5283532031161579,0.2768722541230237,0.8332447610498637,0.05126108537294083
319,0,1,0.735959659901951,0.9179846508282703,0.41471371783939687,0.09718298973676154,0.7283881257303169,0.023493886566775514
320,0,0,0.09875008157847294,0.8298562880862105,0.3119559817042461,0.8262585676654117,0.7166114602378506,0.544493809832453
321,0,0,0.003688539041555145,0.7925621637525508,0.28751438672253243,0.9782972928959031,0.6903891807373744,0.4348243168169871
322,1,0,0.0019919702370891123,0.6125862474338062,0.8364989635501858,0.9587278597481923,0.9899810583468458,0.3896781811387135
323,0,0,0.015725787533710418,0.32492339337003107,0.6046360930170126,0.7594204247806798,0.9582541779256727,0.20610838926281952
324,0,0,0.10298456472054474,0.15137095543680712,0.535970413979447,0.3282634487503703,0.8422773879755522,0.058038434388356874
325,0,1,0.6708245298145039,0.9222357448271327,0.42368766378692163,0.10528597923098922,0.7462394737085528,0.025218851078601865
326,0,0,0.0949155776303122,0.8304468277390535,0.326814658266036,0.8281934864178156,0.7357014669648339,0.5497604187856785
327,0,0,0.0037505453515451477,0.7883991531612541,0.3035392698665745,0.978364571082039,0.7061349713866246,0.4355500878486888
328,1,0,0.0020982555480241285,0.600419730398198,0.8453628703575303,0.9569819492426271,0.9906696496892459,0.38473927570325755
329,0,0,0.017130693521885523,0.3082111605665989,0.6067657078895717,0.7413243161600921,0.959366789669674,0.1963322855876759
330,0,0,0.12060189892120055,0.14051336371680462,0.5373177849787429,0.3002074547659501,0.8408928368910109,0.053635320067905244
331,0,1,0.7126687512047792,0.9180822833928465,0.4227611114679017,0.09840706426928324,0.7425787871548153,0.02391814281934216
332,0,0,0.09958065276514598,0.8277679503843646,0.3238854223562945,0.8246761791358364,0.7278185249400766,0.5446148814905577
333,0,0,0.003845538548366692,0.7870967742265453,0.2973546402869563,0.977664607132094,0.7018386107211902,0.432260018038809
334,0,0,0.0020936414084489464,0.760488002719664,0.27500994867398026,0.9565005632252493,0.679592084202719,0.3831989743210828
335,0,0,0.0025412917077746776,0.7436891572382275,0.2567795830305435,0.9407922853318722,0.6490663321759491,0.35227913681383516
336,1,0,0.0028819928722585548,0.5678758704277846,0.8125723554441453,0.9287564702921747,0.9877454516396381,0.3333593293834846
337,0,0,0.02164282679867744,0.2873267216826866,0.5985547161442253,0.6695249682663602,0.9510067327627992,0.17191770526521322
338,0,0,0.17632206157710822,0.1301774824586063,0.528613306796891,0.2593494504640966,0.8317047330227806,0.04857543845091127
339,0,1,0.7587928793494422,0.9154142538662521,0.41346783955463046,0.093291526293967,0.7240217749670118,0.022740859476925737
340,0,0,0.10142923823414407,0.8283785181246418,0.3085275263993517,0.8242686123935009,0.7113387685837487,0.5413044768238763
341,0,0,0.0037274101328041635,0.7924187231604959,0.28327937191214114,0.9779419437219556,0.6860677690044145,0.4330093735216206
342,1,0,0.0019803366860025595,0.6143144641226774,0.8340125142938497,0.9586371354476119,0.9897756948675887,0.3895076229092326
343,0,0,0.015524387686666039,0.32784601923951456,0.6040278924127358,0.761533921318577,0.9578568247496227,0.20752590106538904
344,0,0,0.10057817452631833,0.15339687319308026,0.5355170330985671,0.3330826765427547,0.8423641545103467,0.05884251258069676
345,0,1,0.6630525802568792,0.9230161987078878,0.4236793258493464,0.10663982339415108,0.7466127660822806,0.025469066579189518
346,0,0,0.09400450821222268,0.8309948995129699,0.3270974415497319,0.8288954356552312,0.7369838129954843,0.5507261349833199
347,0,0,0.003729406801428826,0.788764541195643,0.30452193430684127,0.978507491261546,0.7066884798848855,0.43622391327419
348,1,0,0.0020970008298985604,0.6004102980506333,0.8457075454359259,0.9571187954468994,0.9907171670297592,0.385171830747638
349,0,0,0.01713147637069609,0.3080623268355812,0.6068655537048302,0.741602504027197,0.9594307555939026,0.19632484423609395
350,0,0,0.12055499950017878,0.14040121985890172,0.5373910908566605,0.3000155051113929,0.8409334886077331,0.05359755967390238
351,0,0,0.7130085222432024,0.07484223752121366,0.4228086156843973,0.09833260664927794,0.742627481659058,0.023905055724135146
352,0,0,0.8823392874998668,0.06759969267045005,0.3239299774492653,0.07731594999704224,0.4991859026105784,0.017339700277509737
353,0,0,0.8765832905381754,0.07774682636864508,0.16101125195520438,0.08472764702324591,0.3519213878139189,0.016733334983173496
354,0,0,0.8251338630738528,0.10763973548701562,0.09277439402987442,0.11292125237752482,0.20173901922468981,0.017588899653781936
355,0,0,0.7553336592294881,0.13734969458583302,0.05468112999612207,0.1418475667060952,0.1638799550581371,0.020366695898423076
356,1,0,0.6812953190303921,0.08622094022681795,0.4108562007968017,0.17065679799585035,0.8962255129658233,0.023551614592821592
357,0,0,0.82844461480752,0.07276426526426913,0.44687788063829725,0.082662778357885,0.4940384117900811,0.018336206364083108
358,0,0,0.8957211441874686,0.06416570008468349,0.1710957963365656,0.07200176793957998,0.5061390003864845,0.017163551995024465
359,0,1,0.8458747605129059,0.9387034706737423,0.14939498841532828,0.10518035214450289,0.20470769803123373,0.01645316356193731
360,0,0,0.05325796209408276,0.8992521205792099,0.05743289485636085,0.8878632041199798,0.4010845732269393,0.5700466209338582
361,0,0,0.0011646239651203463,0.8971984481484403,0.10096630807040041,0.9908861587173259,0.4247278278640018,0.5211834658854301
362,0,0,0.0007684425358866785,0.8883514699648445,0.11178301209852448,0.9875289152202423,0.4853304955381666,0.518620448177719
363,0,0,0.0008342767756738829,0.8817985583799901,0.1352799054072789,0.9866015244991637,0.4957739903654304,0.5075697623320184
