,3521-0,-1-3521,0-3521,-2-17717,17717-17717,0-17717,17717-24977
0,0.0,0.0,0.0,0.0,0.0,0.0,0.0
1,0.029635334905693776,0.04000000000000001,0.021767543873888774,0.04000000000000001,0.04010812676095167,0.021767543873888774,0.04010812676095167
2,0.04620999623409749,0.07800000000000001,0.038187851989292546,0.07800000000000001,0.06370688332666978,0.038187851989292546,0.06370688332666978
3,0.06755992734395666,0.11410000000000002,0.052355855915313804,0.11410000000000002,0.09372168631123635,0.052355855915313804,0.09372168631123635
4,0.07270874023234039,0.14839500000000003,0.06591356672407364,0.14839500000000003,0.10690191359303115,0.06591356672407364,0.10690191359303115
5,0.07878023942984225,0.18097525000000003,0.06591356672407364,0.18097525000000003,0.11351994355521297,0.06591356672407364,0.11351994355521297
6,0.09877309398362405,0.21192648750000004,0.07870733239412782,0.21192648750000004,0.12671029452817967,0.07870733239412782,0.12671029452817967
7,0.09455597765939118,0.24133016312500002,0.08265217432312878,0.24133016312500002,0.14225214153958454,0.08265217432312878,0.14225214153958454
8,0.10132354273167066,0.26926365496875004,0.08265217432312878,0.26926365496875004,0.1410967699256204,0.08265217432312878,0.1410967699256204
9,0.10343332293013129,0.2958004722203126,0.0910508991663127,0.2958004722203126,0.1507462473405875,0.0910508991663127,0.1507462473405875
10,0.10102759135671646,0.32101044860929695,0.0910508991663127,0.32101044860929695,0.14839613588224054,0.0910508991663127,0.14839613588224054
11,0.10255909107797434,0.3449599261788321,0.0910508991663127,0.3449599261788321,0.14843050939987582,0.0910508991663127,0.14843050939987582
12,0.11265934425355878,0.36771192986989043,0.09958788178468368,0.36771192986989043,0.15220547254544384,0.09958788178468368,0.15220547254544384
13,0.119276270683385,0.3893263333763959,0.09958788178468368,0.3893263333763959,0.1507694840668763,0.09958788178468368,0.1507694840668763
14,0.12926656096733374,0.4098600167075761,0.10855860618632909,0.4098600167075761,0.15596967402167244,0.10855860618632909,0.15596967402167244
15,0.12058689761337038,0.4293670158721973,0.10815503722331676,0.4293670158721973,0.16600637100232926,0.10815503722331676,0.16600637100232926
16,0.12480682540063585,0.44789866507858744,0.10815503722331676,0.44789866507858744,0.16045294331637502,0.10815503722331676,0.16045294331637502
17,0.1205299785257689,0.4655037318246581,0.10815503722331676,0.4655037318246581,0.15835006032781396,0.10815503722331676,0.15835006032781396
18,0.11655247363470969,0.4822285452334252,0.10815503722331676,0.4822285452334252,0.1560328404604977,0.10815503722331676,0.1560328404604977
19,0.11498180947254899,0.49811711797175395,0.10815503722331676,0.49811711797175395,0.15428761564780566,0.10815503722331676,0.15428761564780566
20,0.12243751012146278,0.5132112620731663,0.11446846431023106,0.5132112620731663,0.15804063718629108,0.11446846431023106,0.15804063718629108
21,0.12148987150731203,0.5275506989695079,0.12201897986402861,0.5275506989695079,0.15908451760529624,0.12201897986402861,0.15908451760529624
22,0.12608999930837264,0.5411731640210325,0.1245801239564231,0.5411731640210325,0.16082914895036984,0.1245801239564231,0.16082914895036984
23,0.12454350527548352,0.5541145058199809,0.1311049649244565,0.5541145058199809,0.16152408323126935,0.1311049649244565,0.16152408323126935
24,0.12838291283089637,0.5664087805289819,0.13228253867254433,0.5664087805289819,0.16266717738267433,0.13228253867254433,0.16266717738267433
25,0.12484622398690334,0.5780883415025329,0.138054178726474,0.5780883415025329,0.16303037510952328,0.138054178726474,0.16303037510952328
26,0.12494540964604857,0.5891839244274062,0.14214840371584697,0.5891839244274062,0.16662619257653824,0.14214840371584697,0.16662619257653824
27,0.1296647820301832,0.5997247282060358,0.1401655625792808,0.5997247282060358,0.17687657651780472,0.1401655625792808,0.17687657651780472
28,0.12408589259157383,0.609738491795734,0.1358252397776321,0.609738491795734,0.18350440867116283,0.1358252397776321,0.18350440867116283
29,0.1174517175686206,0.6192515672059473,0.1326261403901868,0.6192515672059473,0.18929560488060063,0.1326261403901868,0.18929560488060063
30,0.11566369821535964,0.62828898884565,0.13823540690583458,0.62828898884565,0.18522775782280904,0.13823540690583458,0.18522775782280904
31,0.11503652983096113,0.6368745394033675,0.14239084430980828,0.6368745394033675,0.18452995045851744,0.14239084430980828,0.18452995045851744
32,0.11420977713183479,0.6450308124331992,0.14649220027685458,0.6450308124331992,0.18309728893339478,0.14649220027685458,0.18309728893339478
33,0.11597384764629319,0.6527792718115392,0.1500870701366255,0.6527792718115392,0.18220812407130985,0.1500870701366255,0.18220812407130985
34,0.12073716563837823,0.6601403082209623,0.14731426585258797,0.6601403082209623,0.18975183363326306,0.14731426585258797,0.18975183363326306
35,0.12608640590811726,0.6671332928099142,0.14731426585258797,0.6671332928099142,0.17956228630796198,0.14731426585258797,0.17956228630796198
36,0.13206742398680535,0.6737766281694185,0.1494052338749396,0.6737766281694185,0.17834715754808547,0.1494052338749396,0.17834715754808547
37,0.13564231765912,0.6800877967609475,0.1494052338749396,0.6800877967609475,0.17094918072956872,0.1494052338749396,0.17094918072956872
38,0.13290451755336227,0.6860834069229002,0.151192968259211,0.6860834069229002,0.17521368596643905,0.151192968259211,0.17521368596643905
39,0.1262816687915864,0.6917792365767551,0.151192968259211,0.6917792365767551,0.16830501915885349,0.151192968259211,0.16830501915885349
40,0.12313186356753475,0.6971902747479174,0.151192968259211,0.6971902747479174,0.16465168624571722,0.151192968259211,0.16465168624571722
41,0.12857577267169956,0.7023307610105215,0.15114907804967406,0.7023307610105215,0.16541607434738811,0.15114907804967406,0.16541607434738811
42,0.13243186184484435,0.7072142229599955,0.15114907804967406,0.7072142229599955,0.1609916990738029,0.15114907804967406,0.1609916990738029
43,0.12825314510729416,0.7118535118119957,0.15558897716062176,0.7118535118119957,0.15888251958130264,0.15558897716062176,0.15888251958130264
44,0.13245362473489852,0.7162608362213959,0.15480775975916133,0.7162608362213959,0.16065829498616607,0.15480775975916133,0.16065829498616607
45,0.13624354209663647,0.7204477944103261,0.15480775975916133,0.7204477944103261,0.15731390310003554,0.15480775975916133,0.15731390310003554
46,0.1399802107020125,0.7244254046898099,0.15590034740572808,0.7244254046898099,0.16025847615373492,0.15590034740572808,0.16025847615373492
47,0.1427518086810635,0.7282041344553194,0.15590034740572808,0.7282041344553194,0.1569505254345371,0.15590034740572808,0.1569505254345371
48,0.14654675396344868,0.7317939277325535,0.15687136614844835,0.7317939277325535,0.1607660875460416,0.15687136614844835,0.1607660875460416
49,0.13539897584259916,0.7352042313459258,0.1495743762202236,0.7352042313459258,0.1699106538341256,0.1495743762202236,0.1699106538341256
50,0.13842741852893048,0.7384440197786295,0.1495743762202236,0.7384440197786295,0.1636332629275046,0.1495743762202236,0.1636332629275046
51,0.14318093828922726,0.741521818789698,0.15119437726614116,0.741521818789698,0.1658276995124891,0.15119437726614116,0.1658276995124891
52,0.13254151670492276,0.7444457278502131,0.144729668995826,0.7444457278502131,0.17405282221017063,0.144729668995826,0.17405282221017063
53,0.13559798088771818,0.7472234414577025,0.144729668995826,0.7472234414577025,0.1670050265688335,0.144729668995826,0.1670050265688335
54,0.12978228676665524,0.7498622693848174,0.144729668995826,0.7498622693848174,0.16368725807847861,0.144729668995826,0.16368725807847861
55,0.12753729111152157,0.7523691559155765,0.14764701408346015,0.7523691559155765,0.16820598652728602,0.14764701408346015,0.16820598652728602
56,0.12178061173513724,0.7547506981197977,0.14764701408346015,0.7547506981197977,0.16274531258432492,0.14764701408346015,0.16274531258432492
57,0.11786888893925658,0.7570131632138077,0.14764701408346015,0.7570131632138077,0.16008441688470118,0.14764701408346015,0.16008441688470118
58,0.11428727214628889,0.7591625050531173,0.14764701408346015,0.7591625050531173,0.15747623281411294,0.14764701408346015,0.15747623281411294
59,0.11313218548894188,0.7612043798004615,0.14764701408346015,0.7612043798004615,0.15545589737304646,0.14764701408346015,0.15545589737304646
60,0.1210096891534292,0.7631441608104385,0.1483323129435299,0.7631441608104385,0.15804335648002182,0.1483323129435299,0.15804335648002182
61,0.1256124151771745,0.7649869527699166,0.1483323129435299,0.7649869527699166,0.15527950778514907,0.1483323129435299,0.15527950778514907
62,0.12638477901308776,0.7667376051314208,0.1502356017025411,0.7667376051314208,0.1624345780568297,0.1502356017025411,0.1624345780568297
63,0.1207781624802395,0.7684007248748497,0.14621727900315362,0.7684007248748497,0.17295339089333675,0.14621727900315362,0.17295339089333675
64,0.12605755456893222,0.7699806886311071,0.14621727900315362,0.7699806886311071,0.1659434739285867,0.14621727900315362,0.1659434739285867
65,0.13201407983330993,0.7714816541995517,0.14842381521193304,0.7714816541995517,0.1676620759990768,0.14842381521193304,0.1676620759990768
66,0.12785067771772493,0.7729075714895741,0.15268831627645077,0.7729075714895741,0.16681410153830212,0.15268831627645077,0.16681410153830212
67,0.12557596714855274,0.7742621929150955,0.15530985369991065,0.7742621929150955,0.169807831311738,0.15530985369991065,0.169807831311738
68,0.12018956810443576,0.7755490832693407,0.15530985369991065,0.7755490832693407,0.1641874172101857,0.15530985369991065,0.1641874172101857
69,0.11952925934388708,0.7767716291058736,0.1567893647306499,0.7767716291058736,0.16929898418251854,0.1567893647306499,0.16929898418251854
70,0.11786103733563441,0.7779330476505799,0.15969368000011916,0.7779330476505799,0.17010679281545368,0.15969368000011916,0.17010679281545368
71,0.11678966901100543,0.7790363952680509,0.161924212867481,0.7790363952680509,0.17181963053601276,0.161924212867481,0.17181963053601276
72,0.11801268608541052,0.7800845755046484,0.16407351364764894,0.7800845755046484,0.17287036142245865,0.16407351364764894,0.17287036142245865
73,0.12237312806081126,0.781080346729416,0.15937575702741952,0.781080346729416,0.18218279215799146,0.15937575702741952,0.18218279215799146
74,0.1197438324872765,0.7820263293929451,0.16247328871613476,0.7820263293929451,0.17905917931250145,0.16247328871613476,0.17905917931250145
75,0.1185774390247109,0.7829250129232979,0.1642076902246453,0.7829250129232979,0.17963534209127732,0.1642076902246453,0.17963534209127732
76,0.11420350587225118,0.783778762277133,0.1642076902246453,0.783778762277133,0.17221404977881324,0.1642076902246453,0.17221404977881324
77,0.11135154116209897,0.7845898241632763,0.1642076902246453,0.7845898241632763,0.16775533016166055,0.1642076902246453,0.16775533016166055
78,0.11068172064829336,0.7853603329551124,0.1642076902246453,0.7853603329551124,0.1637338889592853,0.1642076902246453,0.1637338889592853
79,0.11915695815233063,0.7860923163073568,0.16258767760669063,0.7860923163073568,0.1653792586869705,0.16258767760669063,0.1653792586869705
80,0.11686648700547152,0.7867877004919889,0.1654477900154986,0.7867877004919889,0.1650566179713193,0.1654477900154986,0.1650566179713193
81,0.11477456523975325,0.7874483154673895,0.1654477900154986,0.7874483154673895,0.16092750869918349,0.1654477900154986,0.16092750869918349
82,0.12260646101138124,0.78807589969402,0.16402076003239027,0.78807589969402,0.16271797453168257,0.16402076003239027,0.16271797453168257
83,0.12707001758223282,0.788672104709319,0.16402076003239027,0.788672104709319,0.15888313819627392,0.16402076003239027,0.15888313819627392
84,0.12388921974085824,0.789238499473853,0.16720493171066464,0.789238499473853,0.15717070955728266,0.16720493171066464,0.15717070955728266
85,0.1313430583723637,0.7897765745001604,0.16476369187614542,0.7897765745001604,0.16010936758889663,0.16476369187614542,0.16010936758889663
86,0.12257963971528656,0.7902877457751524,0.1565146973351338,0.7902877457751524,0.1695232725418905,0.1565146973351338,0.1695232725418905
87,0.12200298964211272,0.7907733584863947,0.15974535742662277,0.7907733584863947,0.16930540015702922,0.15974535742662277,0.16930540015702922
88,0.12613017640815738,0.791234690562075,0.15648086561627547,0.791234690562075,0.17968691384049373,0.15648086561627547,0.17968691384049373
89,0.1301339115029502,0.7916729560339713,0.15648086561627547,0.7916729560339713,0.1713250889158341,0.15648086561627547,0.1713250889158341
90,0.12513372083131985,0.7920893082322726,0.15648086561627547,0.7920893082322726,0.16727894997410656,0.15648086561627547,0.16727894997410656
91,0.12557792324147055,0.792484842820659,0.15826767766098226,0.792484842820659,0.17110396353561472,0.15826767766098226,0.17110396353561472
92,0.1275060003069675,0.792860600679626,0.1535502088098566,0.792860600679626,0.1802791511353641,0.1535502088098566,0.1802791511353641
93,0.13128040679912137,0.7932175706456448,0.1535502088098566,0.7932175706456448,0.17188569987457053,0.1535502088098566,0.17188569987457053
94,0.12914023215648593,0.7935566921133625,0.15498754636355533,0.7935566921133625,0.17589715368377218,0.15498754636355533,0.17589715368377218
95,0.12773377077083273,0.7938788575076944,0.15809955169549272,0.7938788575076944,0.1753843753896309,0.15809955169549272,0.1753843753896309
96,0.13020957457496937,0.7941849146323097,0.1546339097213001,0.7941849146323097,0.18442485992272586,0.1546339097213001,0.18442485992272586
97,0.13379269380300507,0.7944756689006942,0.1546339097213001,0.7944756689006942,0.17520288030498263,0.1546339097213001,0.17520288030498263
98,0.13130151645596447,0.7947518854556594,0.15594964418283475,0.7947518854556594,0.17862267732577974,0.15594964418283475,0.17862267732577974
99,0.14975548659407747,0.7950142911828765,0.17141266472467379,0.7950142911828765,0.1580043137693322,0.17141266472467379,0.1580043137693322
100,0.1683546583292013,0.7952635766237327,0.18927230925160635,0.7952635766237327,0.16768296041548567,0.18927230925160635,0.16768296041548567
101,0.16970684910083425,0.7955003977925461,0.18927230925160635,0.7955003977925461,0.16174332976016895,0.18927230925160635,0.16174332976016895
102,0.1668626283842453,0.7957253779029188,0.18927230925160635,0.7957253779029188,0.15935781914434832,0.18927230925160635,0.15935781914434832
103,0.15931230213144348,0.7959391090077728,0.18931585216562632,0.7959391090077728,0.16400541127566368,0.18931585216562632,0.16400541127566368
104,0.15921364200863325,0.7961421535573842,0.18931585216562632,0.7961421535573842,0.15972842051063685,0.18931585216562632,0.15972842051063685
105,0.1531808994054568,0.796335045879515,0.18919748999723202,0.796335045879515,0.16495266265845823,0.18919748999723202,0.16495266265845823
106,0.14534456878224306,0.7965182935855393,0.18974154576434152,0.7965182935855393,0.1658711663199185,0.18974154576434152,0.1658711663199185
107,0.14692089703427136,0.7966923789062623,0.18974154576434152,0.7966923789062623,0.16158775589036733,0.18974154576434152,0.16158775589036733
108,0.14254204209431703,0.7968577599609492,0.1896201506020141,0.7968577599609492,0.16631628253677383,0.1896201506020141,0.16631628253677383
109,0.13577221794090064,0.7970148719629018,0.19011621663121825,0.7970148719629018,0.16702919997760934,0.19011621663121825,0.16702919997760934
110,0.13871977517988449,0.7971641283647567,0.19011621663121825,0.7971641283647567,0.16252438295499064,0.19011621663121825,0.16252438295499064
111,0.13420916216467754,0.7973059219465188,0.1899575555253772,0.7973059219465188,0.1670820926789329,0.1899575555253772,0.1670820926789329
112,0.13767797807140308,0.7974406258491928,0.1899575555253772,0.7974406258491928,0.16217883120777063,0.1899575555253772,0.16217883120777063
113,0.1395572127698777,0.7975685945567332,0.1899575555253772,0.7975685945567332,0.15951727522137227,0.1899575555253772,0.15951727522137227
114,0.13595737219113066,0.7976901648288965,0.18991471386209155,0.7976901648288965,0.16421953791555394,0.18991471386209155,0.16421953791555394
115,0.12990996200687113,0.7978056565874517,0.1903630438185045,0.7978056565874517,0.16545206199423734,0.1903630438185045,0.16545206199423734
116,0.13337101251223152,0.7979153737580792,0.1903630438185045,0.7979153737580792,0.1612217100962087,0.1903630438185045,0.1612217100962087
117,0.13556410007159897,0.7980196050701752,0.1903630438185045,0.7980196050701752,0.1586616733967154,0.1903630438185045,0.1586616733967154
118,0.12859027615316648,0.7981186248166665,0.1903630438185045,0.7981186248166665,0.15640174138309754,0.1903630438185045,0.15640174138309754
119,0.12642456735209642,0.7982126935758331,0.18428171845066318,0.7982126935758331,0.17076969764602581,0.18428171845066318,0.17076969764602581
120,0.13215264942993493,0.7983020588970414,0.18338394633816918,0.7983020588970414,0.17743904692051485,0.18338394633816918,0.17743904692051485
121,0.12746552461802627,0.7983869559521893,0.18338394633816918,0.7983869559521893,0.1702650010464026,0.18338394633816918,0.1702650010464026
122,0.136586517935127,0.7984676081545798,0.17368514388206097,0.7984676081545798,0.18251340708025712,0.17368514388206097,0.18251340708025712
123,0.14075122141899774,0.7985442277468509,0.17368514388206097,0.7985442277468509,0.17402410164478427,0.17368514388206097,0.17402410164478427
124,0.14199817538313225,0.7986170163595083,0.17368514388206097,0.7986170163595083,0.1693176879965924,0.17368514388206097,0.1693176879965924
125,0.14349927097218265,0.7986861655415329,0.17368514388206097,0.7986861655415329,0.16503770765856604,0.17368514388206097,0.16503770765856604
126,0.13942180302825208,0.7987518572644563,0.1751986102674096,0.7987518572644563,0.16884375899252585,0.1751986102674096,0.16884375899252585
127,0.1340569573539853,0.7988142644012335,0.17708777363854994,0.7988142644012335,0.16917753268862146,0.17708777363854994,0.16917753268862146
128,0.130108518818526,0.7988735511811718,0.17864184637461963,0.7988735511811718,0.17039598467607672,0.17864184637461963,0.17039598467607672
129,0.1164502486963698,0.7989298736221132,0.18010125819986691,0.7989298736221132,0.17105036246197272,0.18010125819986691,0.17105036246197272
130,0.11656293143513678,0.7989833799410075,0.17712434499620908,0.7989833799410075,0.1810569836779504,0.17712434499620908,0.1810569836779504
131,0.12651815259992535,0.7990342109439572,0.17668497542755351,0.7990342109439572,0.1862744090821087,0.17668497542755351,0.1862744090821087
132,0.12057785584081634,0.7990825003967593,0.17859268101375297,0.7990825003967593,0.18212202743589032,0.17859268101375297,0.18212202743589032
133,0.1247426431456082,0.7991283753769214,0.17859268101375297,0.7991283753769214,0.17498681126553395,0.17859268101375297,0.17498681126553395
134,0.1285580966611341,0.7991719566080753,0.17859268101375297,0.7991719566080753,0.1698356326763803,0.17859268101375297,0.1698356326763803
135,0.12482192793243953,0.7992133587776715,0.17964632073212636,0.7992133587776715,0.17267322293743065,0.17964632073212636,0.17267322293743065
136,0.12100815798050187,0.7992526908387879,0.17964632073212636,0.7992526908387879,0.1667732845216739,0.17964632073212636,0.1667732845216739
137,0.1333437857231045,0.7992900562968486,0.17029951382865988,0.7992900562968486,0.17954757360397874,0.17029951382865988,0.17954757360397874
138,0.12602430290236383,0.7993255534820062,0.17294139480530304,0.7993255534820062,0.17557293855707498,0.17294139480530304,0.17557293855707498
139,0.12119968916520207,0.7993592758079059,0.17294139480530304,0.7993592758079059,0.1698221613208103,0.17294139480530304,0.1698221613208103
140,0.12106122822477393,0.7993913120175106,0.16838113991618903,0.7993913120175106,0.18181360518048548,0.16838113991618903,0.18181360518048548
141,0.12776731993119056,0.799421746416635,0.169048814807323,0.799421746416635,0.18640405344362315,0.169048814807323,0.18640405344362315
142,0.1322916155663144,0.7994506590958033,0.169048814807323,0.7994506590958033,0.17756959409534417,0.169048814807323,0.17756959409534417
143,0.13488124874705504,0.7994781261410131,0.169048814807323,0.7994781261410131,0.17212569816131518,0.169048814807323,0.17212569816131518
144,0.12119814796387918,0.7995042198339625,0.17105189390005526,0.7995042198339625,0.1744578224708233,0.17105189390005526,0.1744578224708233
145,0.1295378682322346,0.7995290088422643,0.16958157373411922,0.7995290088422643,0.1831901430565151,0.16958157373411922,0.1831901430565151
146,0.13431890156922727,0.799552558400151,0.16958157373411922,0.799552558400151,0.17474181426526575,0.16958157373411922,0.17474181426526575
147,0.13048718128102638,0.7995749304801435,0.17131492264633436,0.7995749304801435,0.1774544718874869,0.17131492264633436,0.1774544718874869
148,0.13459821640391906,0.7995961839561363,0.17131492264633436,0.7995961839561363,0.17058174928938058,0.17131492264633436,0.17058174928938058
149,0.12124333012829873,0.7996163747583295,0.17293997335037695,0.7996163747583295,0.17383776197739803,0.17293997335037695,0.17383776197739803
150,0.11965165564399209,0.799635556020413,0.17146491422640872,0.799635556020413,0.1824817057277171,0.17146491422640872,0.1824817057277171
151,0.11762809567470045,0.7996537782193924,0.17143976649322787,0.7996537782193924,0.18767891803305786,0.17143976649322787,0.18767891803305786
152,0.11638280489501555,0.7996710893084228,0.1710805489444714,0.7996710893084228,0.19246137869740462,0.1710805489444714,0.19246137869740462
153,0.1267688051912432,0.7996875348430017,0.1708621051281629,0.7996875348430017,0.19619086131025307,0.1708621051281629,0.19619086131025307
154,0.12219690788392185,0.7997031581008516,0.1733553150566231,0.7997031581008516,0.19004306127025927,0.1733553150566231,0.19004306127025927
155,0.1202986528604264,0.799718000195809,0.17517681306330954,0.799718000195809,0.18792186486968113,0.17517681306330954,0.18792186486968113
156,0.11601289694082396,0.7997321001860185,0.17700345022029815,0.7997321001860185,0.18514222501035402,0.17700345022029815,0.18514222501035402
157,0.12184265450143966,0.7997454951767176,0.17700345022029815,0.7997454951767176,0.17720730039554228,0.17700345022029815,0.17720730039554228
158,0.11078380889838453,0.7997582204178817,0.17811542334012034,0.7997582204178817,0.17907254865104572,0.17811542334012034,0.17907254865104572
159,0.12095758459854439,0.7997703093969876,0.17609109833765707,0.7997703093969876,0.18679700042549877,0.17609109833765707,0.18679700042549877
160,0.12695089164499518,0.7997817939271382,0.17609109833765707,0.7997817939271382,0.1776899856351024,0.17609109833765707,0.1776899856351024
161,0.12569605192755118,0.7997927042307813,0.17719102184552146,0.7997927042307813,0.1798511537887658,0.17719102184552146,0.1798511537887658
162,0.12048788933410298,0.7998030690192423,0.17891751725218782,0.7998030690192423,0.17792260815396577,0.17891751725218782,0.17792260815396577
163,0.11704835492837656,0.7998129155682802,0.17891751725218782,0.7998129155682802,0.17141541990342346,0.17891751725218782,0.17141541990342346
164,0.11807282840629207,0.7998222697898661,0.1695074095994773,0.7998222697898661,0.18321306633517,0.1695074095994773,0.18321306633517
165,0.12737349239546697,0.7998311563003728,0.1700787796200474,0.7998311563003728,0.18751671389244448,0.1700787796200474,0.18751671389244448
166,0.11345678991646536,0.7998395984853541,0.17261512615936705,0.7998395984853541,0.18326587689605142,0.17261512615936705,0.18326587689605142
167,0.11466687459988924,0.7998476185610864,0.16974324148126863,0.7998476185610864,0.19156568247835606,0.16974324148126863,0.19156568247835606
168,0.12495416348878507,0.7998552376330321,0.17010900937819262,0.7998552376330321,0.19467574006981442,0.17010900937819262,0.19467574006981442
169,0.11144412969730591,0.7998624757513805,0.17265320424957284,0.7998624757513805,0.18900515572248694,0.17265320424957284,0.18900515572248694
170,0.12489629932602003,0.7998693519638115,0.169742034685282,0.7998693519638115,0.19627007162920287,0.169742034685282,0.19627007162920287
171,0.11099947800311435,0.799875884365621,0.1724125822589456,0.799875884365621,0.1894610244509145,0.1724125822589456,0.1894610244509145
172,0.1222527052127335,0.7998820901473399,0.16918625592647146,0.7998820901473399,0.19691413245548745,0.16918625592647146,0.19691413245548745
173,0.11980545885928356,0.7998879856399729,0.16918625592647146,0.7998879856399729,0.18582398529102812,0.16918625592647146,0.18582398529102812
174,0.1325850591618538,0.7998935863579743,0.16165502343461863,0.7998935863579743,0.1833467759928878,0.16165502343461863,0.1833467759928878
175,0.1264550278894705,0.7998989070400755,0.16514338477065477,0.7998989070400755,0.17862824857682358,0.16514338477065477,0.17862824857682358
176,0.12242813344981797,0.7999039616880718,0.16769110884287544,0.7999039616880718,0.17900222262889315,0.16769110884287544,0.17900222262889315
177,0.12688425471991008,0.7999087636036681,0.16769110884287544,0.7999087636036681,0.17202509729379142,0.16769110884287544,0.17202509729379142
178,0.12128832569703207,0.7999133254234847,0.16769110884287544,0.7999133254234847,0.16750877883513318,0.16769110884287544,0.16750877883513318
179,0.12101354534920865,0.7999176591523105,0.16392978853534973,0.7999176591523105,0.17974522907210747,0.16392978853534973,0.17974522907210747
180,0.12969537198780517,0.799921776194695,0.16500669406540372,0.799921776194695,0.18476887624207583,0.16500669406540372,0.18476887624207583
181,0.12351749158544294,0.7999256873849602,0.16803993211535137,0.7999256873849602,0.18100779015378002,0.16803993211535137,0.18100779015378002
182,0.12741409514626317,0.7999294030157121,0.16803993211535137,0.7999294030157121,0.17406229319210562,0.16803993211535137,0.17406229319210562
183,0.13084578793691792,0.7999329328649265,0.16803993211535137,0.7999329328649265,0.16908601263395287,0.16803993211535137,0.16908601263395287
184,0.11794544307870036,0.7999362862216802,0.17012281375601077,0.7999362862216802,0.17206117481060312,0.17012281375601077,0.17206117481060312
185,0.1173164758575109,0.7999394719105962,0.1687658528006525,0.7999394719105962,0.18121274475634194,0.1687658528006525,0.18121274475634194
186,0.11588913423839799,0.7999424983150664,0.16903368117053882,0.7999424983150664,0.18659347953948077,0.16903368117053882,0.18659347953948077
187,0.12429724413025212,0.799945373399313,0.16889882347589769,0.799945373399313,0.1915930267519017,0.16889882347589769,0.1915930267519017
188,0.12929329384641164,0.7999481047293474,0.16889882347589769,0.7999481047293474,0.18169253320969403,0.16889882347589769,0.18169253320969403
189,0.12312389526036452,0.79995069949288,0.16889882347589769,0.79995069949288,0.1755057052915575,0.16889882347589769,0.1755057052915575
190,0.1346379236528672,0.799953164518236,0.16507947476382628,0.799953164518236,0.1862193953717905,0.16507947476382628,0.1862193953717905
191,0.1272488847905482,0.7999555062923241,0.1682225697377126,0.7999555062923241,0.18108934881200808,0.1682225697377126,0.18108934881200808
192,0.1305957502860727,0.799957730977708,0.1682225697377126,0.799957730977708,0.17430178612482428,0.1682225697377126,0.17430178612482428
193,0.13312852608593828,0.7999598444288225,0.1682225697377126,0.7999598444288225,0.16924651001235927,0.1682225697377126,0.16924651001235927
194,0.135848272423078,0.7999618522073814,0.1682225697377126,0.7999618522073814,0.16503640189582156,0.1682225697377126,0.16503640189582156
195,0.13143329540200438,0.7999637595970123,0.17027453628232628,0.7999637595970123,0.1688180012632703,0.17027453628232628,0.1688180012632703
196,0.13513194300991668,0.7999655716171616,0.17027453628232628,0.7999655716171616,0.1636271358499454,0.17027453628232628,0.1636271358499454
197,0.12798417120671896,0.7999672930363035,0.17027453628232628,0.7999672930363035,0.16068980584003117,0.17027453628232628,0.16068980584003117
198,0.16086118529578378,0.7999689283844884,0.1812186677210588,0.7999689283844884,0.1609448536459762,0.1812186677210588,0.1609448536459762
199,0.22335204910044457,0.799970481965264,0.22716600545935395,0.799970481965264,0.16687950272622562,0.22716600545935395,0.16687950272622562
200,0.20707237624586117,0.7999719578670008,0.22309476673872436,0.7999719578670008,0.16973213242171215,0.22309476673872436,0.16973213242171215
201,0.1918182917755497,0.7999733599736508,0.22309476673872436,0.7999733599736508,0.16737054368559798,0.22309476673872436,0.16737054368559798
202,0.1790406646116971,0.7999746919749683,0.2202551274565675,0.7999746919749683,0.1658481167686369,0.2202551274565675,0.1658481167686369
203,0.16148985076534123,0.7999759573762198,0.21407205196718687,0.7999759573762198,0.1714358887718114,0.21407205196718687,0.1714358887718114
204,0.14442874561043986,0.7999771595074089,0.21034617726191399,0.7999771595074089,0.173183690539668,0.21034617726191399,0.173183690539668
205,0.13140554621329334,0.7999783015320384,0.2064745391083674,0.7999783015320384,0.17552518371210157,0.2064745391083674,0.17552518371210157
206,0.12050235969685283,0.7999793864554365,0.20316041822283096,0.7999793864554365,0.1771242083534786,0.20316041822283096,0.1771242083534786
207,0.12856591032855177,0.7999804171326647,0.19548228012364174,0.7999804171326647,0.1749156924747518,0.19548228012364174,0.1749156924747518
208,0.12596130641782957,0.7999813962760314,0.19429685508624922,0.7999813962760314,0.17693936612254385,0.19429685508624922,0.17693936612254385
209,0.12223777586803439,0.7999823264622298,0.19429685508624922,0.7999823264622298,0.17231254003725396,0.19429685508624922,0.17231254003725396
210,0.13207173239976322,0.7999832101391183,0.19082367754696536,0.7999832101391183,0.17264073518152528,0.19082367754696536,0.17264073518152528
211,0.13461549322213937,0.7999840496321624,0.18160959234680957,0.7999840496321624,0.18096701634888676,0.18160959234680957,0.18096701634888676
212,0.13720245735545528,0.7999848471505543,0.17464763530348662,0.7999848471505543,0.18828215575852916,0.17464763530348662,0.18828215575852916
213,0.13896508200985058,0.7999856047930266,0.16849439491118065,0.7999856047930266,0.19815295775572628,0.16849439491118065,0.19815295775572628
214,0.13290326548837023,0.7999863245533753,0.16849439491118065,0.7999863245533753,0.1889782265148416,0.16849439491118065,0.1889782265148416
215,0.12863796576567066,0.7999870083257065,0.17091438285683144,0.7999870083257065,0.18288406830670298,0.17091438285683144,0.18288406830670298
216,0.13634572967204578,0.7999876579094212,0.17023483593575367,0.7999876579094212,0.19617473526037071,0.17023483593575367,0.19617473526037071
217,0.13056739673311077,0.7999882750139501,0.17023483593575367,0.7999882750139501,0.18711899892021677,0.17023483593575367,0.18711899892021677
218,0.1266529023021197,0.7999888612632526,0.17247436648691442,0.7999888612632526,0.18294965113311515,0.17247436648691442,0.18294965113311515
219,0.12307250945588015,0.79998941820009,0.1746225983945274,0.79998941820009,0.17762737280957888,0.1746225983945274,0.17762737280957888
220,0.13245672379340467,0.7999899472900854,0.17367042336041805,0.7999899472900854,0.19177668644528814,0.17367042336041805,0.19177668644528814
221,0.12722938341982745,0.7999904499255812,0.17367042336041805,0.7999904499255812,0.18235173456539105,0.17367042336041805,0.18235173456539105
222,0.12021288539722075,0.7999909274293021,0.1712487583977801,0.7999909274293021,0.185732466207747,0.1712487583977801,0.185732466207747
223,0.12746620017429577,0.799991381057837,0.16691049638188546,0.799991381057837,0.18096076583517665,0.16691049638188546,0.18096076583517665
224,0.13165803291191067,0.7999918120049451,0.16166318496984908,0.7999918120049451,0.1917402105900507,0.16166318496984908,0.1917402105900507
225,0.12664316503266843,0.7999922214046978,0.16166318496984908,0.7999922214046978,0.18376826903245586,0.16166318496984908,0.18376826903245586
226,0.12326976529051764,0.7999926103344629,0.16474978967784984,0.7999926103344629,0.18015668250014918,0.16474978967784984,0.18015668250014918
227,0.12017614954766465,0.7999929798177398,0.1676489490152306,0.7999929798177398,0.1754782275627713,0.1676489490152306,0.1754782275627713
228,0.11364578196703085,0.7999933308268528,0.1665132411402574,0.7999933308268528,0.18186219600473283,0.1665132411402574,0.18186219600473283
229,0.11140433056119176,0.7999936642855101,0.1665132411402574,0.7999936642855101,0.17630299134242422,0.1665132411402574,0.17630299134242422
230,0.11016287180258016,0.7999939810712346,0.16915174686614973,0.7999939810712346,0.17393436581654592,0.16915174686614973,0.17393436581654592
231,0.10894812963771663,0.7999942820176729,0.171616736228665,0.7999942820176729,0.1706903374835406,0.171616736228665,0.1706903374835406
232,0.10449014106932546,0.7999945679167892,0.17010255205483152,0.7999945679167892,0.17774527858603645,0.17010255205483152,0.17774527858603645
233,0.10355503879157739,0.7999948395209497,0.17010255205483152,0.7999948395209497,0.1722286490407906,0.17010255205483152,0.1722286490407906
234,0.10064648627520419,0.7999950975449023,0.16827703570050673,0.7999950975449023,0.179686195137006,0.16827703570050673,0.179686195137006
235,0.10023247611800129,0.7999953426676571,0.16827703570050673,0.7999953426676571,0.17366299918101272,0.16827703570050673,0.17366299918101272
236,0.0979665451527716,0.7999955755342743,0.16660679089555572,0.7999955755342743,0.17842239528375317,0.16660679089555572,0.17842239528375317
237,0.09250696785153942,0.7999957967575605,0.1676062219772912,0.7999957967575605,0.17868055414286318,0.1676062219772912,0.17868055414286318
238,0.08917857928971873,0.7999960069196824,0.16786194057213133,0.7999960069196824,0.18006832639043233,0.16786194057213133,0.18006832639043233
239,0.08608736930791533,0.7999962065736983,0.1683249505567391,0.7999962065736983,0.18080277514636287,0.1683249505567391,0.18080277514636287
240,0.08369561235714568,0.7999963962450134,0.1686672804851119,0.7999963962450134,0.1815327981227,0.1686672804851119,0.1815327981227
241,0.0817053442435153,0.7999965764327627,0.169001661254534,0.7999965764327627,0.18435803359942324,0.169001661254534,0.18435803359942324
242,0.08414607567856078,0.7999967476111245,0.169001661254534,0.7999967476111245,0.17766546934188565,0.169001661254534,0.17766546934188565
243,0.10420458567534437,0.7999969102305683,0.16930041231539597,0.7999969102305683,0.17685138260618793,0.16930041231539597,0.17685138260618793
244,0.114115969510129,0.7999970647190399,0.163137315309599,0.7999970647190399,0.1843853157816563,0.163137315309599,0.1843853157816563
245,0.12213638183660183,0.7999972114830879,0.15881389759273057,0.7999972114830879,0.19106849613251142,0.15881389759273057,0.19106849613251142
246,0.12052995834115518,0.7999973509089335,0.16108367344550842,0.7999973509089335,0.1878448168646863,0.16108367344550842,0.1878448168646863
247,0.11238566309647027,0.7999974833634869,0.16172857415188302,0.7999974833634869,0.19061662857468287,0.16172857415188302,0.19061662857468287
248,0.11040912102617992,0.7999976091953125,0.16172857415188302,0.7999976091953125,0.18368435073133577,0.16172857415188302,0.18368435073133577
249,0.1092917135081361,0.7999977287355469,0.16484404553292464,0.7999977287355469,0.1786129941167137,0.16484404553292464,0.1786129941167137
250,0.10462464412183015,0.7999978422987695,0.16410685411978615,0.7999978422987695,0.18437012801372246,0.16410685411978615,0.18437012801372246
251,0.10367780510748037,0.799997950183831,0.16410685411978615,0.799997950183831,0.17737344898700935,0.16410685411978615,0.17737344898700935
252,0.10073921945909022,0.7999980526746394,0.1628721763796658,0.7999980526746394,0.1814138832274183,0.1628721763796658,0.1814138832274183
253,0.11322548067858629,0.7999981500409075,0.1598296622594133,0.7999981500409075,0.17767883092134076,0.1598296622594133,0.17767883092134076
254,0.12117744976815362,0.7999982425388621,0.15557605158878707,0.7999982425388621,0.18538481394203965,0.15557605158878707,0.18538481394203965
255,0.12724221145590034,0.799998330411919,0.15221828001096788,0.799998330411919,0.19182155911692425,0.15221828001096788,0.19182155911692425
256,0.13165869400555189,0.7999984138913231,0.14928426056390273,0.7999984138913231,0.19703419331834235,0.14928426056390273,0.19703419331834235
257,0.13491304825168013,0.799998493196757,0.14677906525114975,0.799998493196757,0.2012855917433611,0.14677906525114975,0.2012855917433611
258,0.13149057174417314,0.7999985685369191,0.15021269974404722,0.7999985685369191,0.19619009276548094,0.15021269974404722,0.19619009276548094
259,0.12130512919004055,0.7999986401100732,0.15192283897665945,0.7999986401100732,0.19471430284481106,0.15192283897665945,0.19471430284481106
260,0.11213398116820833,0.7999987081045695,0.1540108804570808,0.7999987081045695,0.19260535169052267,0.1540108804570808,0.19260535169052267
261,0.10495144930558518,0.799998772699341,0.15572413100386437,0.799998772699341,0.1911885232405335,0.15572413100386437,0.1911885232405335
262,0.11708865852714709,0.799998834064374,0.1547488622944631,0.799998834064374,0.18633501297454755,0.1547488622944631,0.18633501297454755
263,0.11612292454960883,0.7999988923611553,0.15753219225256856,0.7999988923611553,0.184206078026971,0.15753219225256856,0.184206078026971
264,0.12603940370289352,0.7999989477430975,0.1573034284407215,0.7999989477430975,0.18120372428254866,0.1573034284407215,0.18120372428254866
265,0.12376742051047207,0.7999990003559426,0.15987955914770252,0.7999990003559426,0.18012572224900839,0.15987955914770252,0.18012572224900839
266,0.1151624210069315,0.7999990503381454,0.16054819376506302,0.7999990503381454,0.18178008416957983,0.16054819376506302,0.18178008416957983
267,0.1243693397254047,0.7999990978212381,0.15857677041022292,0.7999990978212381,0.19389353822367755,0.15857677041022292,0.19389353822367755
268,0.12034394861071798,0.7999991429301763,0.15857677041022292,0.7999991429301763,0.1841044175683854,0.15857677041022292,0.1841044175683854
269,0.13113478230026873,0.7999991857836675,0.16074857219707328,0.7999991857836675,0.18235102001918835,0.16074857219707328,0.18235102001918835
270,0.12806941635579822,0.7999992264944841,0.16307918197515534,0.7999992264944841,0.1807689885689701,0.16307918197515534,0.1807689885689701
271,0.1187513697039659,0.7999992651697598,0.16337805614257594,0.7999992651697598,0.18238997074920224,0.16337805614257594,0.18238997074920224
272,0.10998058815855233,0.7999993019112719,0.16439171336349656,0.7999993019112719,0.18248989608725102,0.16439171336349656,0.18248989608725102
273,0.12089973443916478,0.7999993368157083,0.16233624594787258,0.7999993368157083,0.19474861922345965,0.16233624594787258,0.19474861922345965
274,0.11736088266666822,0.7999993699749229,0.16233624594787258,0.7999993699749229,0.18474634945244425,0.16233624594787258,0.18474634945244425
275,0.12894858517819854,0.7999994014761768,0.16397968773096042,0.7999994014761768,0.19822437427993905,0.16397968773096042,0.19822437427993905
276,0.12420985678585,0.799999431402368,0.16397968773096042,0.799999431402368,0.18731314828343407,0.16397968773096042,0.18731314828343407
277,0.11776397223754478,0.7999994598322495,0.16249351803299564,0.7999994598322495,0.1897830102444828,0.16249351803299564,0.1897830102444828
278,0.12566337579304018,0.799999486840637,0.15940036912275024,0.799999486840637,0.18448764314194058,0.15940036912275024,0.18448764314194058
279,0.1235121730890441,0.7999995124986052,0.16167568964850923,0.7999995124986052,0.18291654046666714,0.16167568964850923,0.18291654046666714
280,0.11486844010670147,0.799999536873675,0.16222708171064407,0.799999536873675,0.1839658192128233,0.16222708171064407,0.1839658192128233
281,0.12417906864149707,0.7999995600299912,0.16005154026031299,0.7999995600299912,0.19578667325013985,0.16005154026031299,0.19578667325013985
282,0.12018016797476308,0.7999995820284916,0.16005154026031299,0.7999995820284916,0.1855677543725737,0.16005154026031299,0.1855677543725737
283,0.11442810525830428,0.7999996029270671,0.15899599979009862,0.7999996029270671,0.18831310375896437,0.15899599979009862,0.18831310375896437
284,0.11419943744033716,0.7999996227807137,0.1607669142012471,0.7999996227807137,0.18667680079720655,0.1607669142012471,0.18667680079720655
285,0.1068669689015652,0.799999641641678,0.16167705078616726,0.799999641641678,0.18660172945838693,0.16167705078616726,0.18660172945838693
286,0.11842418430311391,0.7999996595595942,0.15975355434693111,0.7999996595595942,0.18254146251699802,0.15975355434693111,0.18254146251699802
287,0.11727104005144304,0.7999996765816144,0.16204453227182775,0.7999996765816144,0.1812821119034041,0.16204453227182775,0.1812821119034041
288,0.10982919644117019,0.7999996927525337,0.16253032987861538,0.7999996927525337,0.18267948385716326,0.16253032987861538,0.18267948385716326
289,0.12046147969889312,0.799999708114907,0.1602933706480762,0.799999708114907,0.17908733869875548,0.1602933706480762,0.17908733869875548
290,0.12640798441535858,0.7999997227091616,0.15585762280004867,0.7999997227091616,0.18646625546996173,0.15585762280004867,0.18646625546996173
291,0.13110428172680513,0.7999997365737036,0.15248241016782818,0.7999997365737036,0.1927147580965381,0.15248241016782818,0.1927147580965381
292,0.12822235165390425,0.7999997497450184,0.1553640830725718,0.7999997497450184,0.1891990171245945,0.1553640830725718,0.1891990171245945
293,0.11864659950130045,0.7999997622577675,0.15656967184199608,0.7999997622577675,0.18902355207167626,0.15656967184199608,0.18902355207167626
294,0.10996749352699632,0.7999997741448791,0.15820528727592856,0.7999997741448791,0.18796904428095637,0.15820528727592856,0.18796904428095637
295,0.10318720375166633,0.7999997854376352,0.15950935664031868,0.7999997854376352,0.18741260972799414,0.15950935664031868,0.18741260972799414
296,0.1157916593274511,0.7999997961657535,0.15799406075535996,0.7999997961657535,0.1829067923864291,0.15799406075535996,0.1829067923864291
