,-1,-2,0,3549,7427,28842,115492,174205,136643
0,,,,,,,,,
1,1.0,0.0,0.5680812967838619,0.8430065800719001,0.17334466658997208,0.9026628068414602,0.08042544700724964,0.16795545380692814,0.9564170950997676
2,0.0,1.0,0.8185746099306462,0.11364497858337322,0.9583846786624939,0.550759492703543,0.09753713969420341,0.9066797209035137,0.1313441114888185
3,0.0,0.0,0.002316709513723808,0.14627960924708291,0.7953682599332618,0.07790226610122265,0.7792898227360349,0.16795545380692814,0.1313441114888185
4,0.0,0.0,0.006138406532401104,0.28620560583608645,0.900428690558062,0.7793562068962714,0.09753713969420341,0.16795545380692814,0.1313441114888185
5,0.0,0.0,0.0072989073958043835,0.21608712197331564,0.5786246031329071,0.506981899985575,0.09753713969420341,0.16795545380692814,0.1313441114888185
6,0.0,0.0,0.025227316054612536,0.5609335509966771,0.7506372875001912,0.3044405606729806,0.09753713969420341,0.16795545380692814,0.1313441114888185
7,0.0,0.0,0.05786105678003097,0.4392929246639514,0.5873401732645523,0.31738824944870375,0.09753713969420341,0.16795545380692814,0.1313441114888185
8,0.0,0.0,0.07031728234398474,0.6086305254696673,0.6759467020044927,0.2654203067075843,0.09753713969420341,0.16795545380692814,0.1313441114888185
9,1.0,0.0,0.10172799404935669,0.5450639147934221,0.2656108161764097,0.9590570445223201,0.08042544700724964,0.16795545380692814,0.9564170950997676
10,0.0,1.0,0.39071112496370897,0.05541074311503323,0.9824190275869837,0.6705976738311146,0.09753713969420341,0.9066797209035137,0.1313441114888185
11,0.0,0.0,0.0015366220562396192,0.1248896137214325,0.7877338980049505,0.19306439788166782,0.7792898227360349,0.16795545380692814,0.1313441114888185
12,0.0,0.0,0.005732748580800497,0.28931157992655143,0.8850829762553462,0.8219986806317476,0.09753713969420341,0.16795545380692814,0.1313441114888185
13,0.0,0.0,0.007998691209677994,0.2299585273208169,0.5549458843674568,0.5368436140324007,0.09753713969420341,0.16795545380692814,0.1313441114888185
14,0.0,0.0,0.0302798132731749,0.59345624079174,0.7301145483867827,0.3267665244191763,0.09753713969420341,0.16795545380692814,0.1313441114888185
15,0.0,0.0,0.07413222886852211,0.4734196497716548,0.549527301750461,0.34149940581853805,0.09753713969420341,0.16795545380692814,0.1313441114888185
16,0.0,0.0,0.09778093161839205,0.6609087417502307,0.6392246279098945,0.28437292033900846,0.09753713969420341,0.16795545380692814,0.1313441114888185
17,0.0,0.0,0.15018268544929184,0.6036295951296217,0.5144583846960542,0.31512635364245883,0.09753713969420341,0.16795545380692814,0.1313441114888185
18,0.0,0.0,0.19849401936236394,0.7276647027693834,0.5468849468513446,0.2887716306868357,0.09753713969420341,0.16795545380692814,0.1313441114888185
19,0.0,0.0,0.28136703909502236,0.7219478534326514,0.4563306129006455,0.3020955907688888,0.09753713969420341,0.16795545380692814,0.1313441114888185
20,0.0,0.0,0.37437262699173085,0.8023051221826287,0.4544237312242642,0.27425220783311843,0.09753713969420341,0.16795545380692814,0.1313441114888185
21,1.0,0.0,0.474476564067051,0.8170920558630757,0.1564359674785283,0.9499378294793115,0.08042544700724964,0.16795545380692814,0.9564170950997676
22,0.0,1.0,0.8117911613498459,0.11947821645799203,0.9580491955010196,0.6137745771529366,0.09753713969420341,0.9066797209035137,0.1313441114888185
23,0.0,0.0,0.0023891052049739197,0.14727576719812233,0.7704550402172148,0.0927915568677014,0.7792898227360349,0.16795545380692814,0.1313441114888185
24,0.0,0.0,0.0069814973676991104,0.31254531085399245,0.8973954792220205,0.7863631256412437,0.09753713969420341,0.16795545380692814,0.1313441114888185
25,0.0,0.0,0.008443823665587883,0.22354833362220522,0.5534380283309148,0.5232951741887393,0.09753713969420341,0.16795545380692814,0.1313441114888185
26,0.0,0.0,0.029568305552385515,0.5936109917155901,0.7396318306765547,0.31616555836831844,0.09753713969420341,0.16795545380692814,0.1313441114888185
27,0.0,0.0,0.0709825328417463,0.4616152711381534,0.5546874060375336,0.33556897861004126,0.09753713969420341,0.16795545380692814,0.1313441114888185
28,0.0,0.0,0.09054898271711831,0.6522272098808953,0.6510350186494595,0.27804504928985846,0.09753713969420341,0.16795545380692814,0.1313441114888185
29,0.0,0.0,0.1375691159106679,0.5871552644125478,0.5249192289259511,0.3111015116810654,0.09753713969420341,0.16795545380692814,0.1313441114888185
30,0.0,0.0,0.17793380263919584,0.713567588981979,0.562549712540047,0.28540124133982664,0.09753713969420341,0.16795545380692814,0.1313441114888185
31,0.0,0.0,0.2522778988553854,0.7027966282051711,0.46978678068685537,0.30315987903303276,0.09753713969420341,0.16795545380692814,0.1313441114888185
32,1.0,0.0,0.3370339136309082,0.787993888403129,0.19635095753958445,0.9558068306629754,0.08042544700724964,0.16795545380692814,0.9564170950997676
33,0.0,1.0,0.7533621778972907,0.09724064211828377,0.9613667828556263,0.6663881718110085,0.09753713969420341,0.9066797209035137,0.1313441114888185
34,0.0,0.0,0.002103136304251628,0.14225976574673815,0.7648379910392172,0.11226260611827253,0.7792898227360349,0.16795545380692814,0.1313441114888185
35,0.0,0.0,0.007002362853448873,0.31744060916805916,0.8953105040712928,0.7935057001888526,0.09753713969420341,0.16795545380692814,0.1313441114888185
36,0.0,0.0,0.008741106252481123,0.22628397475535925,0.545803338923535,0.5302526331673668,0.09753713969420341,0.16795545380692814,0.1313441114888185
37,0.0,0.0,0.031092987415300796,0.603490560910898,0.7351354361255392,0.32114140992438467,0.09753713969420341,0.16795545380692814,0.1313441114888185
38,0.0,0.0,0.0758712279450137,0.46985447716827244,0.5439919867489185,0.34192818734720726,0.09753713969420341,0.16795545380692814,0.1313441114888185
39,0.0,0.0,0.09865340949522625,0.6662308604535577,0.6417812357518441,0.2825899833988916,0.09753713969420341,0.16795545380692814,0.1313441114888185
40,0.0,0.0,0.1519560159807389,0.6019401282467467,0.5108933526488089,0.3158483564615495,0.09753713969420341,0.16795545380692814,0.1313441114888185
41,1.0,0.0,0.19999019596107967,0.7308252393092871,0.25043707531895626,0.95759183003615,0.08042544700724964,0.16795545380692814,0.9564170950997676
42,0.0,1.0,0.6365338214606314,0.07174319345684985,0.96778435850671,0.7021252402369481,0.09753713969420341,0.9066797209035137,0.1313441114888185
43,0.0,0.0,0.001793492498758174,0.13514991446219413,0.7672569988025255,0.14268018100353388,0.7792898227360349,0.16795545380692814,0.1313441114888185
44,0.0,0.0,0.006678739019551827,0.31317776172848333,0.8917434009787077,0.8044751628164319,0.09753713969420341,0.16795545380692814,0.1313441114888185
45,0.0,0.0,0.008711015628457866,0.22861190358560832,0.5438641075616903,0.5357109621136803,0.09753713969420341,0.16795545380692814,0.1313441114888185
46,0.0,0.0,0.03174222498443027,0.606406458524408,0.731453482502819,0.32525906871130095,0.09753713969420341,0.16795545380692814,0.1313441114888185
47,0.0,0.0,0.07821686930873681,0.47522504747040895,0.5394996162018101,0.34531737884758806,0.09753713969420341,0.16795545380692814,0.1313441114888185
48,0.0,0.0,0.10312613718748936,0.6724809726417179,0.636044560382254,0.2854998306422176,0.09753713969420341,0.16795545380692814,0.1313441114888185
49,0.0,0.0,0.15984155520634694,0.6103930080709031,0.5041819775555003,0.31812724570317386,0.09753713969420341,0.16795545380692814,0.1313441114888185
50,0.0,0.0,0.2123974396108765,0.7391328316955588,0.5397493273020354,0.2891112905076239,0.09753713969420341,0.16795545380692814,0.1313441114888185
51,1.0,0.0,0.30055172147627773,0.7314836114642761,0.18199379945550898,0.9601020431589565,0.08042544700724964,0.16795545380692814,0.9564170950997676
52,0.0,1.0,0.7121521508379218,0.09820849694747572,0.9675567873081862,0.661573114459607,0.09753713969420341,0.9066797209035137,0.1313441114888185
53,0.0,0.0,0.002049043637286679,0.13864916870702687,0.7659987952710828,0.11931501916997189,0.7792898227360349,0.16795545380692814,0.1313441114888185
54,0.0,0.0,0.006838413281305933,0.3153449354881709,0.8951128490854958,0.7954980505263515,0.09753713969420341,0.16795545380692814,0.1313441114888185
55,0.0,0.0,0.008659259636887802,0.22606225728703253,0.5465508403759085,0.5306913070700373,0.09753713969420341,0.16795545380692814,0.1313441114888185
56,0.0,0.0,0.030947324219814856,0.6025387328125458,0.7351080410323096,0.321341248428239,0.09753713969420341,0.16795545380692814,0.1313441114888185
57,0.0,0.0,0.07554778049934557,0.46963347438726116,0.5446845275539183,0.3417180352891671,0.09753713969420341,0.16795545380692814,0.1313441114888185
58,0.0,0.0,0.09824798778006201,0.6654074804958523,0.6420492232907283,0.28252177539090434,0.09753713969420341,0.16795545380692814,0.1313441114888185
59,0.0,0.0,0.15125415324956357,0.601406650619637,0.5116184063909806,0.3156525411216992,0.09753713969420341,0.16795545380692814,0.1313441114888185
60,0.0,0.0,0.1989853082842422,0.7299983482299148,0.5484706105650484,0.2877947964473461,0.09753713969420341,0.16795545380692814,0.1313441114888185
61,0.0,0.0,0.28212386520117255,0.7208591133471742,0.45487633740032374,0.3022510491305586,0.09753713969420341,0.16795545380692814,0.1313441114888185
62,1.0,0.0,0.3748007996197485,0.803270839875024,0.18723749043211793,0.9546464706894886,0.08042544700724964,0.16795545380692814,0.9564170950997676
63,0.0,1.0,0.7753162637671971,0.10282145615069295,0.9595073646659933,0.6555715828158426,0.09753713969420341,0.9066797209035137,0.1313441114888185
64,0.0,0.0,0.0021826749382045955,0.14413724116436996,0.7653927659389088,0.10632109809674437,0.7792898227360349,0.16795545380692814,0.1313441114888185
65,0.0,0.0,0.007048498973821457,0.3172773527826727,0.8958420601971325,0.7914526585925239,0.09753713969420341,0.16795545380692814,0.1313441114888185
66,0.0,0.0,0.008711055861182667,0.2257882793213314,0.5469657291178732,0.5287976274233461,0.09753713969420341,0.16795545380692814,0.1313441114888185
67,0.0,0.0,0.030844196790260608,0.6019711901647973,0.7360300268402422,0.32011436976615004,0.09753713969420341,0.16795545380692814,0.1313441114888185
68,0.0,0.0,0.07502927630451298,0.4683333361104358,0.5457706625270232,0.34079648322674294,0.09753713969420341,0.16795545380692814,0.1313441114888185
69,0.0,0.0,0.09719597978925301,0.6638851959848525,0.6434783043186849,0.28174647513431117,0.09753713969420341,0.16795545380692814,0.1313441114888185
70,0.0,0.0,0.1493694593599302,0.5992992372639118,0.5132859737268576,0.3150452228107108,0.09753713969420341,0.16795545380692814,0.1313441114888185
71,0.0,0.0,0.1959939192442794,0.727902891578324,0.5505252217602454,0.28742061348108316,0.09753713969420341,0.16795545380692814,0.1313441114888185
72,1.0,0.0,0.2779403629439907,0.7183312687489246,0.18819406276210138,0.9603581179582104,0.08042544700724964,0.16795545380692814,0.9564170950997676
73,0.0,1.0,0.691916943599415,0.09428139539083473,0.9688989447751993,0.6661217430954429,0.09753713969420341,0.9066797209035137,0.1313441114888185
74,0.0,0.0,0.0019958702124758983,0.13734820954227678,0.7667162089395959,0.12402814503492489,0.7792898227360349,0.16795545380692814,0.1313441114888185
75,0.0,0.0,0.006770212884970984,0.3142692238103745,0.8946291906732616,0.7971571537345733,0.09753713969420341,0.16795545380692814,0.1313441114888185
76,0.0,0.0,0.008633884817343609,0.22628291171799608,0.5466162741282923,0.5313295812091671,0.09753713969420341,0.16795545380692814,0.1313441114888185
77,0.0,0.0,0.030970607715104355,0.6025172438588281,0.7347128720091811,0.3218100816076978,0.09753713969420341,0.16795545380692814,0.1313441114888185
78,0.0,0.0,0.07567837369357508,0.47011988278442424,0.5444678382914229,0.34197907927865007,0.09753713969420341,0.16795545380692814,0.1313441114888185
79,0.0,0.0,0.09855988377968622,0.6657651365287689,0.6415527685945418,0.2827920036770699,0.09753713969420341,0.16795545380692814,0.1313441114888185
80,0.0,0.0,0.1518032081661365,0.6020937509946264,0.5111821792205966,0.3158187286716274,0.09753713969420341,0.16795545380692814,0.1313441114888185
81,0.0,0.0,0.19988205881431745,0.7305735952295416,0.5478162680623697,0.28792554677049215,0.09753713969420341,0.16795545380692814,0.1313441114888185
82,0.0,0.0,0.2833706751120377,0.7216413356771139,0.45433214053756427,0.3021802324063879,0.09753713969420341,0.16795545380692814,0.1313441114888185
83,1.0,0.0,0.3763561523288987,0.8038332355672798,0.1868599147220882,0.9545957911136833,0.08042544700724964,0.16795545380692814,0.9564170950997676
84,0.0,1.0,0.7761339238325743,0.10305166648589648,0.9594379273228264,0.6550931321594758,0.09753713969420341,0.9066797209035137,0.1313441114888185
85,0.0,0.0,0.0021859404028143114,0.14421064575939962,0.7654273177837928,0.10609011011586605,0.7792898227360349,0.16795545380692814,0.1313441114888185
86,0.0,0.0,0.007049858720594712,0.3172570412526317,0.8958625476035796,0.7913726097272353,0.09753713969420341,0.16795545380692814,0.1313441114888185
87,0.0,0.0,0.008709294508263332,0.225766552537282,0.5470226416098863,0.5287347196222484,0.09753713969420341,0.16795545380692814,0.1313441114888185
88,0.0,0.0,0.030832445204767845,0.6018974043572529,0.7360688536273079,0.32007008154438904,0.09753713969420341,0.16795545380692814,0.1313441114888185
89,0.0,0.0,0.07499020914872505,0.4682652278005597,0.5458542168850385,0.3407447591289785,0.09753713969420341,0.16795545380692814,0.1313441114888185
90,1.0,0.0,0.09712945893380018,0.663775610958449,0.33230823510362356,0.9563557825736606,0.08042544700724964,0.16795545380692814,0.9564170950997676
91,0.0,1.0,0.4540667166967772,0.04557623025229275,0.9741721831635066,0.7171847551386134,0.09753713969420341,0.9066797209035137,0.1313441114888185
92,0.0,0.0,0.0015244906360107047,0.12827828891165283,0.7773600474431848,0.19039785197215314,0.7792898227360349,0.16795545380692814,0.1313441114888185
93,0.0,0.0,0.0061386167717315246,0.3008582776366065,0.8844716884224785,0.8218762517437177,0.09753713969420341,0.16795545380692814,0.1313441114888185
94,0.0,0.0,0.008495755277556144,0.23271141099496662,0.545414372539759,0.541833207321398,0.09753713969420341,0.16795545380692814,0.1313441114888185
95,0.0,0.0,0.03213632227127118,0.6056090019824153,0.7262931819349945,0.3305920449817422,0.09753713969420341,0.16795545380692814,0.1313441114888185
96,0.0,0.0,0.07980419438908096,0.481449106415491,0.5374911285953875,0.34801988144559487,0.09753713969420341,0.16795545380692814,0.1313441114888185
97,0.0,0.0,0.10699599839340707,0.6761572564945291,0.6299240358370481,0.28867677665262303,0.09753713969420341,0.16795545380692814,0.1313441114888185
98,0.0,0.0,0.16652983666003102,0.6185794519797347,0.4994944411887474,0.3197954241430206,0.09753713969420341,0.16795545380692814,0.1313441114888185
99,0.0,0.0,0.22336479500582468,0.7453024203520491,0.5320774489577765,0.29044635326449486,0.09753713969420341,0.16795545380692814,0.1313441114888185
100,0.0,0.0,0.31529817815634625,0.7402293952475869,0.4408502491821849,0.2996964955770262,0.09753713969420341,0.16795545380692814,0.1313441114888185
101,0.0,0.0,0.4146697530127156,0.8172518357743747,0.44044813747166367,0.26663489419076086,0.09753713969420341,0.16795545380692814,0.1313441114888185
102,1.0,0.0,0.5106056530156784,0.8295908733976514,0.15189723165722083,0.9464549862933604,0.08042544700724964,0.16795545380692814,0.9564170950997676
103,0.0,1.0,0.8244624608756116,0.1233332061124064,0.9566225622001239,0.6003306997117519,0.09753713969420341,0.9066797209035137,0.1313441114888185
104,0.0,0.0,0.002452880600548793,0.14869819542824184,0.772953375427817,0.08840979427834139,0.7792898227360349,0.16795545380692814,0.1313441114888185
105,0.0,0.0,0.006944301106500564,0.3101950660600007,0.8977691519217306,0.784822409258242,0.09753713969420341,0.16795545380692814,0.1313441114888185
106,0.0,0.0,0.008330553393952745,0.22278598591640217,0.5561545101949767,0.5212160857973233,0.09753713969420341,0.16795545380692814,0.1313441114888185
107,0.0,0.0,0.02907326082411685,0.590131885118049,0.740930313008864,0.3147187451425197,0.09753713969420341,0.16795545380692814,0.1313441114888185
108,0.0,0.0,0.06942331941450645,0.4590723292097757,0.5582903532512243,0.3335057558599466,0.09753713969420341,0.16795545380692814,0.1313441114888185
109,0.0,0.0,0.08805005567658948,0.6475055513813189,0.6539145348223757,0.27661755124069887,0.09753713969420341,0.16795545380692814,0.1313441114888185
110,0.0,0.0,0.13312174820623388,0.5824257375250049,0.5295878966568814,0.309472558731624,0.09753713969420341,0.16795545380692814,0.1313441114888185
111,0.0,0.0,0.1711639765203059,0.7077211640589803,0.5672597702210568,0.2845082363422129,0.09753713969420341,0.16795545380692814,0.1313441114888185
112,1.0,0.0,0.24245211071241532,0.696526054140358,0.19970131465713933,0.9604862059223016,0.08042544700724964,0.16795545380692814,0.9564170950997676
113,0.0,1.0,0.6553260910190353,0.08758820882966349,0.9710233481706106,0.6725687905993438,0.09753713969420341,0.9066797209035137,0.1313441114888185
114,0.0,0.0,0.0019099523386765513,0.1352499318545262,0.768404420556138,0.13249924892760317,0.7792898227360349,0.16795545380692814,0.1313441114888185
115,0.0,0.0,0.006644085525619258,0.3119681496718682,0.8936784166779096,0.8001813076361841,0.09753713969420341,0.16795545380692814,0.1313441114888185
116,0.0,0.0,0.00857628771625518,0.22668194619117848,0.547018630633377,0.5323381064688131,0.09753713969420341,0.16795545380692814,0.1313441114888185
117,0.0,0.0,0.030970109224362215,0.6021382148755859,0.7340546887645748,0.32257923340350586,0.09753713969420341,0.16795545380692814,0.1313441114888185
118,0.0,0.0,0.0757760673558133,0.4708381335532703,0.5443985610720973,0.34228236787073746,0.09753713969420341,0.16795545380692814,0.1313441114888185
119,0.0,0.0,0.09891028010870528,0.6660141536520012,0.6408572876267513,0.2831844778745334,0.09753713969420341,0.16795545380692814,0.1313441114888185
120,0.0,0.0,0.15241227167235794,0.6029907098187758,0.5107754406235027,0.315995881919037,0.09753713969420341,0.16795545380692814,0.1313441114888185
121,0.0,0.0,0.20092659512517502,0.7311634749244583,0.5469817162352464,0.28811744319782734,0.09753713969420341,0.16795545380692814,0.1313441114888185
122,1.0,0.0,0.2848192127987737,0.7226060154754816,0.18631429069158403,0.9602922154494159,0.08042544700724964,0.16795545380692814,0.9564170950997676
123,0.0,1.0,0.6984376480110936,0.09548359465574147,0.968467654606556,0.6648601604134133,0.09753713969420341,0.9066797209035137,0.1313441114888185
124,0.0,0.0,0.0020122051924400712,0.1377575022186683,0.7664494877193039,0.12253795980053035,0.7792898227360349,0.16795545380692814,0.1313441114888185
125,0.0,0.0,0.006792979680819742,0.3146516613822473,0.8947829702377608,0.796633212454195,0.09753713969420341,0.16795545380692814,0.1313441114888185
126,0.0,0.0,0.008643676125895807,0.2262203503115047,0.5465600604994337,0.5311469656048868,0.09753713969420341,0.16795545380692814,0.1313441114888185
127,0.0,0.0,0.030969655199889846,0.6025684331886794,0.7348255990018486,0.3216750648940653,0.09753713969420341,0.16795545380692814,0.1313441114888185
128,0.0,0.0,0.07565685334971185,0.46999320086719637,0.5444927756072577,0.34191996912631445,0.09753713969420341,0.16795545380692814,0.1313441114888185
129,0.0,0.0,0.09849255058906635,0.665707054586098,0.6416779785484795,0.28272147707035367,0.09753713969420341,0.16795545380692814,0.1313441114888185
130,1.0,0.0,0.1516852434166961,0.6019287787249231,0.22382449071355368,0.9626674693779148,0.08042544700724964,0.16795545380692814,0.9564170950997676
131,0.0,1.0,0.5122305409092155,0.07136856773918238,0.9786479029477094,0.6743626440176641,0.09753713969420341,0.9066797209035137,0.1313441114888185
132,0.0,0.0,0.0016956599028800812,0.12888063030332778,0.7773264783791748,0.16430066185923115,0.7792898227360349,0.16795545380692814,0.1313441114888185
133,0.0,0.0,0.006158045502581047,0.30102994674269085,0.8895450263013297,0.811623127844053,0.09753713969420341,0.16795545380692814,0.1313441114888185
134,0.0,0.0,0.00829177469662196,0.22824529710110664,0.5503953576802514,0.5351365294642895,0.09753713969420341,0.16795545380692814,0.1313441114888185
135,0.0,0.0,0.03069915753235438,0.5984908666166722,0.7319226053256255,0.32495513350622135,0.09753713969420341,0.16795545380692814,0.1313441114888185
136,1.0,0.0,0.07524716909692852,0.4725166308793177,0.2491640363511565,0.9667556193352307,0.08042544700724964,0.16795545380692814,0.9564170950997676
137,0.0,1.0,0.32633103206117714,0.055629292250615976,0.9859531421053032,0.6569007753924573,0.09753713969420341,0.9066797209035137,0.1313441114888185
138,0.0,0.0,0.0015113963740639213,0.12299649011154168,0.7921968323760803,0.20728863891462834,0.7792898227360349,0.16795545380692814,0.1313441114888185
139,0.0,0.0,0.005554420783408371,0.28433039781395153,0.8827909996578147,0.8269680941049651,0.09753713969420341,0.16795545380692814,0.1313441114888185
140,0.0,0.0,0.007892703605255137,0.23104043922429976,0.556599136926231,0.5379367785231405,0.09753713969420341,0.16795545380692814,0.1313441114888185
141,0.0,0.0,0.03019604451079436,0.591741627789409,0.7289627690647156,0.32788815178169506,0.09753713969420341,0.16795545380692814,0.1313441114888185
142,0.0,0.0,0.07393930514020078,0.4743954472711178,0.5503918667484549,0.3414978933928643,0.09753713969420341,0.16795545380692814,0.1313441114888185
143,0.0,0.0,0.09783000715214484,0.6601748947898272,0.6384695472201363,0.2848129492465546,0.09753713969420341,0.16795545380692814,0.1313441114888185
144,0.0,0.0,0.15019623602828985,0.6043437424229667,0.5148519938075302,0.31506725762691107,0.09753713969420341,0.16795545380692814,0.1313441114888185
145,0.0,0.0,0.19874912131609465,0.7274269201941589,0.5463203533202303,0.28900329377326633,0.09753713969420341,0.16795545380692814,0.1313441114888185
146,1.0,0.0,0.2816975623728394,0.7224628764803069,0.1879504863516377,0.9602813739152222,0.08042544700724964,0.16795545380692814,0.9564170950997676
147,0.0,1.0,0.6965605068561813,0.09476615264624424,0.968482992970851,0.6661427656089658,0.09753713969420341,0.9066797209035137,0.1313441114888185
148,0.0,0.0,0.0020048609135311954,0.13765672299635237,0.7664174224372785,0.12315525052087041,0.7792898227360349,0.16795545380692814,0.1313441114888185
149,0.0,0.0,0.00679066206544099,0.31466284935892536,0.8946975462607147,0.7968709845618105,0.09753713969420341,0.16795545380692814,0.1313441114888185
150,0.0,0.0,0.0086478164298137,0.2262972320026156,0.5464318668954512,0.5313104169089576,0.09753713969420341,0.16795545380692814,0.1313441114888185
151,0.0,0.0,0.031000442100897835,0.60274173136897,0.7347110378250462,0.32179881702455865,0.09753713969420341,0.16795545380692814,0.1313441114888185
152,0.0,0.0,0.0757575690343819,0.4701823432967575,0.5442865582634674,0.34205206097199914,0.09753713969420341,0.16795545380692814,0.1313441114888185
153,0.0,0.0,0.09866821342185343,0.6659817515949522,0.6414706872232325,0.28282341454306675,0.09753713969420341,0.16795545380692814,0.1313441114888185
154,1.0,0.0,0.151995607447195,0.6022479086340876,0.22362862093805116,0.9626830732412691,0.08042544700724964,0.16795545380692814,0.9564170950997676
155,0.0,1.0,0.51287388471429,0.07145628321308926,0.9786248465363182,0.6743682199859454,0.09753713969420341,0.9066797209035137,0.1313441114888185
156,0.0,0.0,0.0016965977264166367,0.12890417189686934,0.7772735586471927,0.16415356402392633,0.7792898227360349,0.16795545380692814,0.1313441114888185
157,0.0,0.0,0.00616038570833988,0.3010909549321892,0.8895664175842127,0.8115697352898508,0.09753713969420341,0.16795545380692814,0.1313441114888185
158,0.0,0.0,0.008293403708590805,0.2282380209424785,0.5503713320963458,0.535127991668386,0.09753713969420341,0.16795545380692814,0.1313441114888185
159,0.0,0.0,0.03070164967002907,0.5985178515369165,0.7319307775604387,0.3249465380819862,0.09753713969420341,0.16795545380692814,0.1313441114888185
160,0.0,0.0,0.07525371476509622,0.4725136839461918,0.546227824473132,0.342318563867272,0.09753713969420341,0.16795545380692814,0.1313441114888185
161,0.0,0.0,0.09884180129709864,0.6643787277980204,0.639544828716099,0.2840346891286524,0.09753713969420341,0.16795545380692814,0.1313441114888185
162,0.0,0.0,0.15220377991981363,0.6041398138369221,0.5117186800783408,0.3158636853387492,0.09753713969420341,0.16795545380692814,0.1313441114888185
163,0.0,0.0,0.20109190902751434,0.7304789473550731,0.5460917839044143,0.2885611994691795,0.09753713969420341,0.16795545380692814,0.1313441114888185
164,0.0,0.0,0.2850284609268022,0.7233496702161619,0.4540929992762074,0.302004824873291,0.09753713969420341,0.16795545380692814,0.1313441114888185
165,0.0,0.0,0.3786443708258283,0.804311211534611,0.45330266510733225,0.273304267244407,0.09753713969420341,0.16795545380692814,0.1313441114888185
166,1.0,0.0,0.4783767995834833,0.8182495546307876,0.1558006891059082,0.9495982393776993,0.08042544700724964,0.16795545380692814,0.9564170950997676
167,0.0,1.0,0.813156893849748,0.11994420230185242,0.9579203710377081,0.6122705708780025,0.09753713969420341,0.9066797209035137,0.1313441114888185
168,0.0,0.0,0.0023962040521129132,0.14741969076769765,0.77071489837004,0.09230559650201021,0.7792898227360349,0.16795545380692814,0.1313441114888185
169,0.0,0.0,0.006977479785070206,0.31229947298173794,0.8974412546586713,0.786188372973474,0.09753713969420341,0.16795545380692814,0.1313441114888185
170,0.0,0.0,0.008431624711667385,0.22346270080896655,0.5537291035187932,0.5230687940836984,0.09753713969420341,0.16795545380692814,0.1313441114888185
171,0.0,0.0,0.029514307078941347,0.5932376179214964,0.7397751158984233,0.3160067517793294,0.09753713969420341,0.16795545380692814,0.1313441114888185
172,0.0,0.0,0.0708123686816956,0.4613373798497333,0.5550761144757917,0.3353455367152753,0.09753713969420341,0.16795545380692814,0.1313441114888185
173,1.0,0.0,0.09027488504620701,0.6517183605073874,0.3399281611961926,0.9555578840065734,0.08042544700724964,0.16795545380692814,0.9564170950997676
174,0.0,1.0,0.4298070270474605,0.0434054111308835,0.9752102251314989,0.7149566652292653,0.09753713969420341,0.9066797209035137,0.1313441114888185
175,0.0,0.0,0.0015002628171016956,0.12743904240093,0.7793925863806489,0.1961890020347647,0.7792898227360349,0.16795545380692814,0.1313441114888185
176,0.0,0.0,0.006051632231790224,0.29853581369875287,0.8835626632314357,0.8238996172647316,0.09753713969420341,0.16795545380692814,0.1313441114888185
177,0.0,0.0,0.008436430538697805,0.23307693580265793,0.5463351778187582,0.5421504668084491,0.09753713969420341,0.16795545380692814,0.1313441114888185
178,0.0,0.0,0.03205007830546498,0.6046028451769155,0.7259218589321299,0.3309525064105083,0.09753713969420341,0.16795545380692814,0.1313441114888185
179,1.0,0.0,0.07957140842726021,0.48164232232856374,0.2431120246459225,0.9675348349376344,0.08042544700724964,0.16795545380692814,0.9564170950997676
180,0.0,1.0,0.34322889038758364,0.05777276898631238,0.985500038874213,0.6592487265998751,0.09753713969420341,0.9066797209035137,0.1313441114888185
181,0.0,0.0,0.0015311163721486857,0.1234905204455517,0.7902256474379851,0.20359989634364326,0.7792898227360349,0.16795545380692814,0.1313441114888185
182,0.0,0.0,0.005622921333450768,0.2864488494758374,0.8833880839544592,0.8256871558852238,0.09753713969420341,0.16795545380692814,0.1313441114888185
183,0.0,0.0,0.007952491769058722,0.23091506738090659,0.5554815007616347,0.5380249192211375,0.09753713969420341,0.16795545380692814,0.1313441114888185
184,0.0,0.0,0.030341672197686374,0.5930583860836355,0.7290107881299754,0.3278634623746463,0.09753713969420341,0.16795545380692814,0.1313441114888185
185,1.0,0.0,0.07437484823119102,0.47468889238271866,0.25148530022526794,0.9667055629866279,0.08042544700724964,0.16795545380692814,0.9564170950997676
186,0.0,1.0,0.32616727052950184,0.055144359158879504,0.9858531972966013,0.6581496522837066,0.09753713969420341,0.9066797209035137,0.1313441114888185
187,0.0,0.0,0.0015084942074720486,0.12299410636581268,0.7920500166147251,0.20773980424751068,0.7792898227360349,0.16795545380692814,0.1313441114888185
188,0.0,0.0,0.005558411109216133,0.2844792745522308,0.8826976164820408,0.8271396213182688,0.09753713969420341,0.16795545380692814,0.1313441114888185
189,0.0,0.0,0.00790219423221334,0.23115187226547573,0.5563903807831304,0.5381159807950263,0.09753713969420341,0.16795545380692814,0.1313441114888185
190,0.0,0.0,0.030242962279111295,0.5920227261853374,0.7288174059508813,0.32803404979204853,0.09753713969420341,0.16795545380692814,0.1313441114888185
191,1.0,0.0,0.07408544181758434,0.4746521036272409,0.2520754325973877,0.9666650916073295,0.08042544700724964,0.16795545380692814,0.9564170950997676
192,0.0,1.0,0.32547871581739013,0.054988763925728164,0.9858560581417374,0.658236538046767,0.09753713969420341,0.9066797209035137,0.1313441114888185
193,0.0,0.0,0.0015073013311512902,0.12297450448459385,0.7921071716379179,0.2079505958489431,0.7792898227360349,0.16795545380692814,0.1313441114888185
194,0.0,0.0,0.005556290136946141,0.28441681542093655,0.8826603925213733,0.8272148197284106,0.09753713969420341,0.16795545380692814,0.1313441114888185
195,0.0,0.0,0.007901205106541407,0.23117300558068876,0.5564046881843985,0.5381381340584172,0.09753713969420341,0.16795545380692814,0.1313441114888185
196,0.0,0.0,0.030243963258289954,0.5920109403363638,0.7287945505247991,0.32805598969513283,0.09753713969420341,0.16795545380692814,0.1313441114888185
197,0.0,0.0,0.07408923859431987,0.4746774370935582,0.55008433258159,0.3416884059519742,0.09753713969420341,0.16795545380692814,0.1313441114888185
198,0.0,0.0,0.09809047059232749,0.6605878153760917,0.6381622646111248,0.28496222588149855,0.09753713969420341,0.16795545380692814,0.1313441114888185
199,0.0,0.0,0.15065643927819655,0.6048172651295066,0.514430523731263,0.3152073814010972,0.09753713969420341,0.16795545380692814,0.1313441114888185
200,1.0,0.0,0.19946271074787444,0.7279454813290811,0.24887001610516346,0.9578388319680113,0.08042544700724964,0.16795545380692814,0.9564170950997676
201,0.0,1.0,0.635013944706121,0.0720592644157693,0.9680690053792155,0.7013702301495585,0.09753713969420341,0.9066797209035137,0.1313441114888185
202,0.0,0.0,0.0017937738096984973,0.13502336472073106,0.7673395136573145,0.14286653959577741,0.7792898227360349,0.16795545380692814,0.1313441114888185
203,0.0,0.0,0.006671807782312393,0.31305973891155126,0.8917481177493257,0.8045163681003549,0.09753713969420341,0.16795545380692814,0.1313441114888185
204,0.0,0.0,0.008705717862089945,0.2285853492507435,0.5439417723436187,0.5356876336777046,0.09753713969420341,0.16795545380692814,0.1313441114888185
205,0.0,0.0,0.031726213198193506,0.6063069498024076,0.731480236562142,0.3252370321781914,0.09753713969420341,0.16795545380692814,0.1313441114888185
206,0.0,0.0,0.07817136433174286,0.47516498345209457,0.5395936510736796,0.34526987791164354,0.09753713969420341,0.16795545380692814,0.1313441114888185
207,0.0,0.0,0.10305489506824772,0.6723631702442189,0.6361134182029207,0.2854696128784561,0.09753713969420341,0.16795545380692814,0.1313441114888185
208,0.0,0.0,0.15971625990594993,0.6102809795500498,0.5042960753944147,0.318092902548693,0.09753713969420341,0.16795545380692814,0.1313441114888185
209,0.0,0.0,0.21220836363602186,0.7389995664748437,0.5398599626625341,0.28910021999965824,0.09753713969420341,0.16795545380692814,0.1313441114888185
210,0.0,0.0,0.30029541947836197,0.7313467704549509,0.44674335504380397,0.30106034421047306,0.09753713969420341,0.16795545380692814,0.1313441114888185
211,0.0,0.0,0.3968584034962337,0.8113512681940273,0.44712936581271234,0.26985568226223183,0.09753713969420341,0.16795545380692814,0.1313441114888185
212,1.0,0.0,0.49488017805638523,0.8238967729388913,0.1536198983268109,0.9480664596934526,0.08042544700724964,0.16795545380692814,0.9564170950997676
213,0.0,1.0,0.8190308027624696,0.12174825047568309,0.9572761049314025,0.606151451220672,0.09753713969420341,0.9066797209035137,0.1313441114888185
214,0.0,0.0,0.0024256460433451903,0.1480697469603346,0.7718243105379654,0.09028753125095511,0.7792898227360349,0.16795545380692814,0.1313441114888185
215,0.0,0.0,0.0069615838761008155,0.3112593195629966,0.8976149957242856,0.7854777718299403,0.09753713969420341,0.16795545380692814,0.1313441114888185
216,0.0,0.0,0.008381031793091962,0.2231179211122002,0.5549459049564365,0.5221294016557674,0.09753713969420341,0.16795545380692814,0.1313441114888185
217,0.0,0.0,0.02929148325268869,0.5916790466524894,0.7403623322696036,0.3153523979487366,0.09753713969420341,0.16795545380692814,0.1313441114888185
218,0.0,0.0,0.07010966873386058,0.4601911779863291,0.5566937066246217,0.33441756177088916,0.09753713969420341,0.16795545380692814,0.1313441114888185
219,0.0,0.0,0.0891464049561136,0.6495996036391214,0.6526471328397742,0.2772470826909458,0.09753713969420341,0.16795545380692814,0.1313441114888185
220,0.0,0.0,0.13507330092574782,0.5845134736879588,0.527519727416046,0.3101973404818266,0.09753713969420341,0.16795545380692814,0.1313441114888185
221,1.0,0.0,0.17413207737535982,0.7103180676563062,0.26378634951727886,0.9570091345974386,0.08042544700724964,0.16795545380692814,0.9564170950997676
222,0.0,1.0,0.5965400308780424,0.06604888160073975,0.9698972959240395,0.7044106947013827,0.09753713969420341,0.9066797209035137,0.1313441114888185
223,0.0,0.0,0.0017249486015696715,0.13321071424194011,0.7698371653783056,0.1518663883499161,0.7792898227360349,0.16795545380692814,0.1313441114888185
224,0.0,0.0,0.006530487548376184,0.30996303896290334,0.890577288285368,0.8077517614442214,0.09753713969420341,0.16795545380692814,0.1313441114888185
225,0.0,0.0,0.008623009161926234,0.22903034620992171,0.5449012412406901,0.5364785995962102,0.09753713969420341,0.16795545380692814,0.1313441114888185
226,0.0,0.0,0.03164728629799519,0.605275658059648,0.7308729584457676,0.3259127531930446,0.09753713969420341,0.16795545380692814,0.1313441114888185
227,1.0,0.0,0.07801872750671444,0.47564547960443626,0.2445702551184728,0.9671759265452362,0.08042544700724964,0.16795545380692814,0.9564170950997676
228,0.0,1.0,0.3348759515196989,0.05702913470574909,0.9857950591553944,0.657235371316642,0.09753713969420341,0.9066797209035137,0.1313441114888185
229,0.0,0.0,0.0015231975589155543,0.12324445090714627,0.7913107225300937,0.20514241005000886,0.7792898227360349,0.16795545380692814,0.1313441114888185
230,0.0,0.0,0.005585829347141658,0.2852872179333072,0.8831524024164062,0.8262132140676376,0.09753713969420341,0.16795545380692814,0.1313441114888185
231,0.0,0.0,0.007916049597779634,0.2309023534734026,0.5561822285646836,0.5378599860730471,0.09753713969420341,0.16795545380692814,0.1313441114888185
232,0.0,0.0,0.030236896806778372,0.5922092385067573,0.7290849479159159,0.3277773910682233,0.09753713969420341,0.16795545380692814,0.1313441114888185
233,0.0,0.0,0.07405765474597964,0.47436859008706356,0.5500586845337181,0.3416069737943634,0.09753713969420341,0.16795545380692814,0.1313441114888185
234,0.0,0.0,0.09796527060350992,0.6605420519949127,0.638439561656734,0.28481515727235907,0.09753713969420341,0.16795545380692814,0.1313441114888185
235,0.0,0.0,0.15044986332351348,0.6044740549347198,0.5145430113365096,0.31515736548419376,0.09753713969420341,0.16795545380692814,0.1313441114888185
236,1.0,0.0,0.19909913681233724,0.7277609162110622,0.24910432862498644,0.9578242017502151,0.08042544700724964,0.16795545380692814,0.9564170950997676
237,0.0,1.0,0.6345283886455136,0.07196769947387145,0.9680890638572525,0.7014387950601711,0.09753713969420341,0.9066797209035137,0.1313441114888185
238,0.0,0.0,0.0017927747474961867,0.13500014547597386,0.7673696941038605,0.1429835890854009,0.7792898227360349,0.16795545380692814,0.1313441114888185
239,0.0,0.0,0.006670038537891341,0.31302191489451225,0.891732845923268,0.8045588443435694,0.09753713969420341,0.16795545380692814,0.1313441114888185
240,0.0,0.0,0.008704744797037395,0.2285916369914931,0.5439520131099574,0.5356992702988844,0.09753713969420341,0.16795545380692814,0.1313441114888185
241,0.0,0.0,0.031725606025791116,0.6062963425083865,0.7314714794189126,0.3252467599994945,0.09753713969420341,0.16795545380692814,0.1313441114888185
242,0.0,0.0,0.07817069771944374,0.4751730563687691,0.5395976218605739,0.3452715815342227,0.09753713969420341,0.16795545380692814,0.1313441114888185
243,0.0,0.0,0.10305679097697538,0.6723607102736043,0.6361063495230448,0.28547382188384973,0.09753713969420341,0.16795545380692814,0.1313441114888185
244,0.0,0.0,0.15971935253487154,0.6102887559466493,0.5042960170780096,0.3180935497933956,0.09753713969420341,0.16795545380692814,0.1313441114888185
245,0.0,0.0,0.21221491258874206,0.7390012367173813,0.5398531534354772,0.28910227436734937,0.09753713969420341,0.16795545380692814,0.1313441114888185
246,1.0,0.0,0.3003043280031637,0.7313538128673258,0.18206228360590876,0.9601054310572776,0.08042544700724964,0.16795545380692814,0.9564170950997676
247,0.0,1.0,0.7119488767456055,0.09816580929761898,0.9675702480004527,0.6616291892302224,0.09753713969420341,0.9066797209035137,0.1313441114888185
248,0.0,0.0,0.002048469644232777,0.13863564569404885,0.7660042039423681,0.11936385845120821,0.7792898227360349,0.16795545380692814,0.1313441114888185
249,0.0,0.0,0.006837770424507259,0.3153359550727156,0.8951078605139028,0.7955152891137846,0.09753713969420341,0.16795545380692814,0.1313441114888185
250,0.0,0.0,0.008659088303103567,0.22606493053310167,0.5465496927833869,0.5306989118830627,0.09753713969420341,0.16795545380692814,0.1313441114888185
251,0.0,0.0,0.030947897151812,0.602540795877419,0.7351033060385345,0.3213467946010789,0.09753713969420341,0.16795545380692814,0.1313441114888185
252,0.0,0.0,0.07555015442632587,0.4696399242576712,0.544680035038059,0.3417219498722264,0.09753713969420341,0.16795545380692814,0.1313441114888185
253,1.0,0.0,0.09825283510771064,0.6654140267817769,0.33084849589598725,0.9565237758754134,0.08042544700724964,0.16795545380692814,0.9564170950997676
254,0.0,1.0,0.45790938439622586,0.04597203478981927,0.9740248604609669,0.717443325280983,0.09753713969420341,0.9066797209035137,0.1313441114888185
255,0.0,0.0,0.0015286298873058634,0.12840834239324586,0.7770396384972594,0.18946881419149994,0.7792898227360349,0.16795545380692814,0.1313441114888185
256,0.0,0.0,0.006152373275737887,0.30122481970252174,0.8846185118811802,0.821548661715521,0.09753713969420341,0.16795545380692814,0.1313441114888185
257,0.0,0.0,0.008505014359680162,0.23265076224153863,0.5452731465966402,0.5417776791167003,0.09753713969420341,0.16795545380692814,0.1313441114888185
258,0.0,0.0,0.03214885582857411,0.6057620606812772,0.7263559203708615,0.33053080957462416,0.09753713969420341,0.16795545380692814,0.1313441114888185
259,0.0,0.0,0.0798373642444293,0.4814119102884042,0.5373941060816512,0.34804122314236424,0.09753713969420341,0.16795545380692814,0.1313441114888185
260,0.0,0.0,0.10702458316812179,0.676254708908239,0.6299431075560133,0.2886611852498192,0.09753713969420341,0.16795545380692814,0.1313441114888185
261,0.0,0.0,0.16658423905032377,0.6185816950983297,0.4994205181577922,0.3198132734822843,0.09753713969420341,0.16795545380692814,0.1313441114888185
262,0.0,0.0,0.2234308658040136,0.7453730349359885,0.5320666087476336,0.2904352285865541,0.09753713969420341,0.16795545380692814,0.1313441114888185
263,1.0,0.0,0.3153861092073071,0.74025442818286,0.1785039241794476,0.9598551873190467,0.08042544700724964,0.16795545380692814,0.9564170950997676
264,0.0,1.0,0.724553663418705,0.10061560134813743,0.966635766953204,0.6585841467759127,0.09753713969420341,0.9066797209035137,0.1313441114888185
265,0.0,0.0,0.002083354651242194,0.13951071017707298,0.765631037488699,0.11644869527076049,0.7792898227360349,0.16795545380692814,0.1313441114888185
266,0.0,0.0,0.006880284919013388,0.31594239840971433,0.8953839096102044,0.7945045949185345,0.09753713969420341,0.16795545380692814,0.1313441114888185
267,0.0,0.0,0.00867328051946672,0.22593764327952187,0.5465504813699329,0.5302872319055423,0.09753713969420341,0.16795545380692814,0.1313441114888185
268,0.0,0.0,0.030928697867225532,0.6025070487444718,0.7353481681604261,0.3210515240744282,0.09753713969420341,0.16795545380692814,0.1313441114888185
269,0.0,0.0,0.07545291834000903,0.4693259420393954,0.5448558584928112,0.3415400527880368,0.09753713969420341,0.16795545380692814,0.1313441114888185
270,0.0,0.0,0.09803606650067165,0.6651430249729712,0.6423689463060318,0.28234887428681327,0.09753713969420341,0.16795545380692814,0.1313441114888185
271,0.0,0.0,0.15087956159661034,0.6009551328740148,0.5119273829424629,0.3155372904228367,0.09753713969420341,0.16795545380692814,0.1313441114888185
272,0.0,0.0,0.19837992541389643,0.729597899292278,0.5489035295690865,0.2877110861823575,0.09753713969420341,0.16795545380692814,0.1313441114888185
273,0.0,0.0,0.2812807218689398,0.720336542937772,0.45525157794231513,0.30229672622430326,0.09753713969420341,0.16795545380692814,0.1313441114888185
274,1.0,0.0,0.37374949377131567,0.8028852024105955,0.18749056191955749,0.9546809658811704,0.08042544700724964,0.16795545380692814,0.9564170950997676
275,0.0,1.0,0.774759456129156,0.10266655036437214,0.9595549324214898,0.6558926678011654,0.09753713969420341,0.9066797209035137,0.1313441114888185
276,0.0,0.0,0.002180471202382419,0.14408734502020826,0.7653698255437211,0.10647777968792645,0.7792898227360349,0.16795545380692814,0.1313441114888185
277,0.0,0.0,0.00704755574463389,0.31729056848409815,0.8958281942486658,0.7915069082876736,0.09753713969420341,0.16795545380692814,0.1313441114888185
278,0.0,0.0,0.0087122252126809,0.22580288499636159,0.5469276155745697,0.5288400191127995,0.09753713969420341,0.16795545380692814,0.1313441114888185
279,0.0,0.0,0.03085207739855821,0.6020206152718388,0.736003883623244,0.3201442093963322,0.09753713969420341,0.16795545380692814,0.1313441114888185
280,0.0,0.0,0.07505550268002556,0.4683791272288542,0.545714605854269,0.34083123206528465,0.09753713969420341,0.16795545380692814,0.1313441114888185
281,0.0,0.0,0.09724067412520769,0.6639587301038886,0.6434269543313222,0.28177186523771586,0.09753713969420341,0.16795545380692814,0.1313441114888185
282,0.0,0.0,0.14944881449524308,0.5993798921873686,0.5132115069546986,0.31507019628025124,0.09753713969420341,0.16795545380692814,0.1313441114888185
283,0.0,0.0,0.19611616868218773,0.7279938163582448,0.550445755194371,0.2874330006547989,0.09753713969420341,0.16795545380692814,0.1313441114888185
284,0.0,0.0,0.2781113740713679,0.7184314472807357,0.4567265384224141,0.30244583457817936,0.09753713969420341,0.16795545380692814,0.1313441114888185
285,1.0,0.0,0.3698023163092007,0.8013893658017597,0.18842076547388026,0.9548125116390875,0.08042544700724964,0.16795545380692814,0.9564170950997676
286,0.0,1.0,0.7726355957034808,0.10209121438425878,0.9597391113604661,0.657078310655548,0.09753713969420341,0.9066797209035137,0.1313441114888185
287,0.0,0.0,0.0021722243563638754,0.1438975270748045,0.7652871092534078,0.10707008942420305,0.7792898227360349,0.16795545380692814,0.1313441114888185
288,0.0,0.0,0.00704380930693301,0.3173359133431223,0.89577613557598,0.7917115085198503,0.09753713969420341,0.16795545380692814,0.1313441114888185
289,0.0,0.0,0.00871643226068725,0.22585692303196908,0.5467876086644362,0.5289979280646078,0.09753713969420341,0.16795545380692814,0.1313441114888185
290,0.0,0.0,0.03088110054636286,0.6022022557254868,0.735906725724435,0.3202552906309522,0.09753713969420341,0.16795545380692814,0.1313441114888185
291,0.0,0.0,0.07515233396315922,0.46854876163240355,0.5455078744331584,0.3409597706654811,0.09753713969420341,0.16795545380692814,0.1313441114888185
292,0.0,0.0,0.09740599560682042,0.66423003060802,0.6432367859086503,0.28186596144287734,0.09753713969420341,0.16795545380692814,0.1313441114888185
293,0.0,0.0,0.14974234728419236,0.5996782763824835,0.5129365483976912,0.3151624075636617,0.09753713969420341,0.16795545380692814,0.1313441114888185
294,0.0,0.0,0.19656851309147536,0.7283295017778256,0.5501518341038873,0.2874787499137806,0.09753713969420341,0.16795545380692814,0.1313441114888185
295,0.0,0.0,0.27874383146133186,0.71880165293814,0.4564240400310915,0.3024164063713472,0.09753713969420341,0.16795545380692814,0.1313441114888185
296,0.0,0.0,0.37058652255140995,0.8016933316120709,0.4568828651932757,0.2742847319055981,0.09753713969420341,0.16795545380692814,0.1313441114888185
297,1.0,0.0,0.47064948612950863,0.8151480885670195,0.15669851199980353,0.9502368223385935,0.08042544700724964,0.16795545380692814,0.9564170950997676
298,0.0,1.0,0.8100997366813117,0.11912050852515824,0.9582865891032446,0.6148755172135434,0.09753713969420341,0.9066797209035137,0.1313441114888185
299,0.0,0.0,0.002382023877928978,0.14707847017256745,0.7702745550675962,0.0932595226619815,0.7792898227360349,0.16795545380692814,0.1313441114888185
300,0.0,0.0,0.006980914628675734,0.3126936097175957,0.8973695322896861,0.7865132965186123,0.09753713969420341,0.16795545380692814,0.1313441114888185
301,0.0,0.0,0.008451121177199225,0.22359855532174283,0.553240107151171,0.5234628269981363,0.09753713969420341,0.16795545380692814,0.1313441114888185
302,0.0,0.0,0.029603927424053482,0.5938627336067164,0.7395342167244503,0.31627868529287145,0.09753713969420341,0.16795545380692814,0.1313441114888185
303,0.0,0.0,0.07109780883123921,0.46180389891438495,0.5544222700407286,0.33572359726282525,0.09753713969420341,0.16795545380692814,0.1313441114888185
304,0.0,0.0,0.09073599329014634,0.652573869645809,0.6508202597421908,0.2781521053832777,0.09753713969420341,0.16795545380692814,0.1313441114888185
305,1.0,0.0,0.13790249924399875,0.5875059363326295,0.2332213740283706,0.9618980882401724,0.08042544700724964,0.16795545380692814,0.9564170950997676
306,0.0,1.0,0.4824655174770193,0.06733544632298327,0.9796674779255131,0.6739692271629253,0.09753713969420341,0.9066797209035137,0.1313441114888185
307,0.0,0.0,0.0016534281660193742,0.12782475030228357,0.7797974880328971,0.1711780747638415,0.7792898227360349,0.16795545380692814,0.1313441114888185
308,0.0,0.0,0.006051055006137407,0.2981988827384065,0.8885259500779698,0.8141184491549208,0.09753713969420341,0.16795545380692814,0.1313441114888185
309,0.0,0.0,0.008217605546727425,0.22860641979081275,0.5515011846297998,0.5355435879858058,0.09753713969420341,0.16795545380692814,0.1313441114888185
310,0.0,0.0,0.030588551161479974,0.5972549739829465,0.7315234203333851,0.32536931528913265,0.09753713969420341,0.16795545380692814,0.1313441114888185
311,0.0,0.0,0.0749565742562729,0.47268263474610406,0.5470670918234181,0.34209880877901494,0.09753713969420341,0.16795545380692814,0.1313441114888185
312,0.0,0.0,0.0985436699055379,0.6634829786740294,0.6395162830809833,0.28409627347197036,0.09753713969420341,0.16795545380692814,0.1313441114888185
313,0.0,0.0,0.1516451131873596,0.6039434120638748,0.5124389547082595,0.3156686724709461,0.09753713969420341,0.16795545380692814,0.1313441114888185
314,0.0,0.0,0.20035657928438744,0.7297276426903027,0.5463527209251927,0.2886032872586981,0.09753713969420341,0.16795545380692814,0.1313441114888185
315,0.0,0.0,0.2839981744107397,0.722926599252492,0.45469723409575596,0.3020382485815087,0.09753713969420341,0.16795545380692814,0.1313441114888185
316,0.0,0.0,0.3774366407175444,0.803763461177928,0.4536379402882017,0.27356452292956457,0.09753713969420341,0.16795545380692814,0.1313441114888185
317,1.0,0.0,0.47727518897037036,0.8179123489313235,0.15597356006917593,0.9496951906047036,0.08042544700724964,0.16795545380692814,0.9564170950997676
318,0.0,1.0,0.812769097563163,0.11981472112498633,0.957958100327717,0.6126917686406953,0.09753713969420341,0.9066797209035137,0.1313441114888185
319,0.0,0.0,0.002394206331775267,0.14737847298407708,0.7706415415129491,0.09244248168420637,0.7792898227360349,0.16795545380692814,0.1313441114888185
320,0.0,0.0,0.006978593298474782,0.3123687251954036,0.8974285718120425,0.7862373981800733,0.09753713969420341,0.16795545380692814,0.1313441114888185
321,0.0,0.0,0.008435050505155639,0.22348663711542238,0.5536472126348236,0.5231324407895084,0.09753713969420341,0.16795545380692814,0.1313441114888185
322,0.0,0.0,0.02952946700631906,0.5933426331555293,0.7397349265170984,0.31605134223734627,0.09753713969420341,0.16795545380692814,0.1313441114888185
323,0.0,0.0,0.07086015441943601,0.4614153992157965,0.5549668306413039,0.3354083418715166,0.09753713969420341,0.16795545380692814,0.1313441114888185
324,0.0,0.0,0.09035182624995178,0.6518614299944421,0.6512610468149511,0.27793343353301164,0.09753713969420341,0.16795545380692814,0.1313441114888185
325,0.0,0.0,0.13721842032786555,0.586785853289965,0.525281587892996,0.3109760479653122,0.09753713969420341,0.16795545380692814,0.1313441114888185
326,0.0,0.0,0.17739924079366587,0.713115818051664,0.5629171422805576,0.28533370262918023,0.09753713969420341,0.16795545380692814,0.1313441114888185
327,0.0,0.0,0.25150603860226106,0.702311126585161,0.470198504062555,0.3031657900469073,0.09753713969420341,0.16795545380692814,0.1313441114888185
328,1.0,0.0,0.3360322586241575,0.7875623786577686,0.1966063832390695,0.9558330643724253,0.08042544700724964,0.16795545380692814,0.9564170950997676
329,0.0,1.0,0.7527234335236219,0.09708787506220183,0.9614185849167398,0.6666593192748144,0.09753713969420341,0.9066797209035137,0.1313441114888185
330,0.0,0.0,0.002100990737661832,0.1422081096540276,0.7648318426309298,0.1124299571546594,0.7792898227360349,0.16795545380692814,0.1313441114888185
331,0.0,0.0,0.007000780881231022,0.31743522627185694,0.8952951116968018,0.7935636484205123,0.09753713969420341,0.16795545380692814,0.1313441114888185
332,0.0,0.0,0.008741539908741311,0.22629643531930646,0.545778837080208,0.5302892613236626,0.09753713969420341,0.16795545380692814,0.1313441114888185
333,0.0,0.0,0.03109855558469474,0.6035230841546724,0.7351129025659371,0.32116741619129996,0.09753713969420341,0.16795545380692814,0.1313441114888185
334,0.0,0.0,0.07589053167829522,0.46989125942772975,0.5439518877433679,0.34195472906836455,0.09753713969420341,0.16795545380692814,0.1313441114888185
335,0.0,0.0,0.09868759653106836,0.6662842432381808,0.6417405372654107,0.28261037041894477,0.09753713969420341,0.16795545380692814,0.1313441114888185
336,0.0,0.0,0.15201664500210008,0.6020026490267273,0.5108382948892287,0.315866903190194,0.09753713969420341,0.16795545380692814,0.1313441114888185
337,0.0,0.0,0.20008427192424227,0.7308926233960797,0.5478679504656003,0.2878326407791251,0.09753713969420341,0.16795545380692814,0.1313441114888185
338,0.0,0.0,0.28364220554073666,0.7216583866882198,0.45411310613252526,0.3021690154614287,0.09753713969420341,0.16795545380692814,0.1313441114888185
339,1.0,0.0,0.3766332533761229,0.8040087619938584,0.18685465591705794,0.9545730302544482,0.08042544700724964,0.16795545380692814,0.9564170950997676
340,0.0,1.0,0.7762909418501297,0.10307155706768853,0.959416777675752,0.6550308654129707,0.09753713969420341,0.9066797209035137,0.1313441114888185
341,0.0,0.0,0.0021863880254905,0.14422633878963917,0.765437883402354,0.10604902553217589,0.7792898227360349,0.16795545380692814,0.1313441114888185
342,0.0,0.0,0.007050038186327608,0.3172492562459702,0.8958653653878134,0.7913592113313812,0.09753713969420341,0.16795545380692814,0.1313441114888185
343,0.0,0.0,0.008708836827245728,0.22576262556825957,0.5470358151690294,0.5287222076606298,0.09753713969420341,0.16795545380692814,0.1313441114888185
344,0.0,0.0,0.030829890333972907,0.6018806086495495,0.7360763184137523,0.320061476118885,0.09753713969420341,0.16795545380692814,0.1313441114888185
345,0.0,0.0,0.07498179523312296,0.46825143428479427,0.5458724977553617,0.34073381373725714,0.09753713969420341,0.16795545380692814,0.1313441114888185
346,0.0,0.0,0.09711539597352145,0.6637518985635913,0.6435703801367931,0.2817010124338,0.09753713969420341,0.16795545380692814,0.1313441114888185
347,0.0,0.0,0.14922633830654086,0.5991542282351477,0.5134206767050117,0.31500009581174404,0.09753713969420341,0.16795545380692814,0.1313441114888185
348,0.0,0.0,0.19577362742800064,0.7277385586233746,0.5506682012423454,0.28739839810262957,0.09753713969420341,0.16795545380692814,0.1313441114888185
349,0.0,0.0,0.277632096264131,0.7181508082949566,0.45695648898572233,0.30246773409694533,0.09753713969420341,0.16795545380692814,0.1313441114888185
350,0.0,0.0,0.36920755352027707,0.8011581992115413,0.45739937467302677,0.2745032227027048,0.09753713969420341,0.16795545380692814,0.1313441114888185
351,1.0,0.0,0.4693396686411953,0.814671703518543,0.15687773588324622,0.9503441401234017,0.08042544700724964,0.16795545380692814,0.9564170950997676
352,0.0,1.0,0.8095949356557075,0.11897276716955651,0.958341825910313,0.6153372720801442,0.09753713969420341,0.9066797209035137,0.1313441114888185
353,0.0,0.0,0.002379613359892673,0.14702388875632258,0.7701974671053159,0.09342317170038178,0.7792898227360349,0.16795545380692814,0.1313441114888185
354,0.0,0.0,0.006981694769263461,0.3127638285245191,0.8973560003972009,0.7865702138783385,0.09753713969420341,0.16795545380692814,0.1313441114888185
355,0.0,0.0,0.008454630928152686,0.22362341961014146,0.5531534614179456,0.5235323000883273,0.09753713969420341,0.16795545380692814,0.1313441114888185
356,0.0,0.0,0.029619948665711958,0.5939736723614404,0.7394911387165026,0.31632697520706626,0.09753713969420341,0.16795545380692814,0.1313441114888185
357,1.0,0.0,0.07114868420868004,0.4618871035999299,0.25530709315840316,0.9658072755710319,0.08042544700724964,0.16795545380692814,0.9564170950997676
358,0.0,1.0,0.3081698334189376,0.05345581100174894,0.9864644344690399,0.6537199575310686,0.09753713969420341,0.9066797209035137,0.1313441114888185
359,0.0,0.0,0.0014912732121872313,0.12246941767554233,0.7944453093348062,0.21105701469312335,0.7792898227360349,0.16795545380692814,0.1313441114888185
360,0.0,0.0,0.005478289705122944,0.2819334446361935,0.8821860970461346,0.8282631387577828,0.09753713969420341,0.16795545380692814,0.1313441114888185
361,0.0,0.0,0.007822849644146734,0.2311195466470432,0.5579397863732289,0.5377345505789297,0.09753713969420341,0.16795545380692814,0.1313441114888185
362,0.0,0.0,0.030011874370328793,0.5901418334094821,0.7289909065921462,0.32783167266011237,0.09753713969420341,0.16795545380692814,0.1313441114888185
363,0.0,0.0,0.07338389328704549,0.47393114501379996,0.5517486719161548,0.3408843801838735,0.09753713969420341,0.16795545380692814,0.1313441114888185
364,0.0,0.0,0.09702929656151153,0.6585389505826522,0.6391147750177999,0.28452699383397473,0.09753713969420341,0.16795545380692814,0.1313441114888185
365,0.0,0.0,0.14874622354403236,0.6031507824827668,0.5163677012540243,0.3145906380030477,0.09753713969420341,0.16795545380692814,0.1313441114888185
366,0.0,0.0,0.19660116959132862,0.7256662030714333,0.5475509887692367,0.2888710703002692,0.09753713969420341,0.16795545380692814,0.1313441114888185
367,0.0,0.0,0.2786810558874095,0.7208463173487635,0.45794573900509117,0.3021516880708782,0.09753713969420341,0.16795545380692814,0.1313441114888185
368,1.0,0.0,0.3711966427319026,0.8008321126063751,0.18727453535003102,0.9549222764183279,0.08042544700724964,0.16795545380692814,0.9564170950997676
369,0.0,1.0,0.7731525077016552,0.10256257377684223,0.9598027900792484,0.6563038545129988,0.09753713969420341,0.9066797209035137,0.1313441114888185
370,0.0,0.0,0.002176647094031236,0.14392078994029053,0.7652835281503878,0.10686056073801532,0.7792898227360349,0.16795545380692814,0.1313441114888185
371,0.0,0.0,0.007044748128673286,0.3173452152463551,0.8958083050486019,0.7916253793567368,0.09753713969420341,0.16795545380692814,0.1313441114888185
372,0.0,0.0,0.008715444385035995,0.22583055079283773,0.5468229297644603,0.5289447479319782,0.09753713969420341,0.16795545380692814,0.1313441114888185
373,0.0,0.0,0.030871870257992148,0.6021531498341758,0.7359447809605502,0.32021443182402953,0.09753713969420341,0.16795545380692814,0.1313441114888185
374,0.0,0.0,0.07512204913514228,0.4684882231699495,0.5455691811525126,0.3409191610673523,0.09753713969420341,0.16795545380692814,0.1313441114888185
375,1.0,0.0,0.09735244677776433,0.6641471309109898,0.3320641155303671,0.9563815180538563,0.08042544700724964,0.16795545380692814,0.9564170950997676
376,0.0,1.0,0.4548298788201288,0.04564676714874228,0.9741394764620669,0.7172492289517146,0.09753713969420341,0.9066797209035137,0.1313441114888185
377,0.0,0.0,0.0015252766080045873,0.12830506577071127,0.777296547402754,0.19021615071673748,0.7792898227360349,0.16795545380692814,0.1313441114888185
378,0.0,0.0,0.006141371252815345,0.30093112724427584,0.8844999570412185,0.8218125858960921,0.09753713969420341,0.16795545380692814,0.1313441114888185
379,0.0,0.0,0.008497633140343111,0.23270017073358612,0.545385583359677,0.5418231120269129,0.09753713969420341,0.16795545380692814,0.1313441114888185
380,0.0,0.0,0.032139051554214766,0.6056404936226762,0.7263047315758148,0.33058074125254305,0.09753713969420341,0.16795545380692814,0.1313441114888185
381,0.0,0.0,0.07981151694787211,0.48144314939597305,0.5374705168966291,0.3480249866335601,0.09753713969420341,0.16795545380692814,0.1313441114888185
382,0.0,0.0,0.10700299971083434,0.6761784190818879,0.6299262966989357,0.28867439909641757,0.09753713969420341,0.16795545380692814,0.1313441114888185
383,0.0,0.0,0.16654295464884233,0.6185821577604719,0.4994778796811897,0.31979954769639585,0.09753713969420341,0.16795545380692814,0.1313441114888185
384,0.0,0.0,0.223381507219175,0.7453186917956722,0.5320731162913868,0.2904443909818453,0.09753713969420341,0.16795545380692814,0.1313441114888185
385,1.0,0.0,0.31532041919539827,0.7402369276649009,0.17852796639056775,0.9598559690858623,0.08042544700724964,0.16795545380692814,0.9564170950997676
386,0.0,1.0,0.7245122068989431,0.10060301976509661,0.9666376107602802,0.6586060316919984,0.09753713969420341,0.9066797209035137,0.1313441114888185
387,0.0,0.0,0.002083204703666781,0.13950797819229685,0.7656306938482778,0.11646056945131113,0.7792898227360349,0.16795545380692814,0.1313441114888185
388,0.0,0.0,0.006880203322346711,0.3159421343919997,0.8953825247511876,0.7945089711630146,0.09753713969420341,0.16795545380692814,0.1313441114888185
389,0.0,0.0,0.008673328704873662,0.2259388045838304,0.5465485129612787,0.5302900449071731,0.09753713969420341,0.16795545380692814,0.1313441114888185
390,0.0,0.0,0.03092916689122924,0.602509705115911,0.7353463050389827,0.3210535964656003,0.09753713969420341,0.16795545380692814,0.1313441114888185
391,0.0,0.0,0.07545449474917583,0.46932897409947144,0.5448526102624757,0.34154218231123873,0.09753713969420341,0.16795545380692814,0.1313441114888185
392,0.0,0.0,0.09803884320899753,0.6651473690118679,0.6423656209932476,0.2823505283640011,0.09753713969420341,0.16795545380692814,0.1313441114888185
393,0.0,0.0,0.15088447445424696,0.6009602410294587,0.5119229055160397,0.31553879823015185,0.09753713969420341,0.16795545380692814,0.1313441114888185
394,0.0,0.0,0.19838754727570404,0.7296034003218456,0.548898530363639,0.2877118758800027,0.09753713969420341,0.16795545380692814,0.1313441114888185
395,1.0,0.0,0.281291335726934,0.7203427708848983,0.18723403594385477,0.9603296804226028,0.08042544700724964,0.16795545380692814,0.9564170950997676
396,0.0,1.0,0.695075053101659,0.09487780696189543,0.9686965576323538,0.6654806635471952,0.09753713969420341,0.9066797209035137,0.1313441114888185
397,0.0,0.0,0.002003841639979373,0.13754426560556354,0.7665894046860863,0.12329866437289737,0.7792898227360349,0.16795545380692814,0.1313441114888185
398,0.0,0.0,0.006781076705228186,0.31445135153911535,0.8947058547679514,0.7968995276585017,0.09753713969420341,0.16795545380692814,0.1313441114888185
399,0.0,0.0,0.00863839948297299,0.226250114469298,0.5465935586785244,0.531237242455555,0.09753713969420341,0.16795545380692814,0.1313441114888185
400,0.0,0.0,0.030969094904899852,0.602535992211874,0.734770636821252,0.3217415259011019,0.09753713969420341,0.16795545380692814,0.1313441114888185
401,0.0,0.0,0.075664728590786,0.47005296080702724,0.5444865313130444,0.34194652229180533,0.09753713969420341,0.16795545380692814,0.1313441114888185
402,0.0,0.0,0.09852185763536225,0.6657283130434675,0.6416195328322468,0.28275492398297575,0.09753713969420341,0.16795545380692814,0.1313441114888185
403,0.0,0.0,0.1517365309373964,0.6020042785843365,0.5112317597984626,0.3157987828781407,0.09753713969420341,0.16795545380692814,0.1313441114888185
404,1.0,0.0,0.19977088883505778,0.730505842579457,0.25041542434855607,0.9576085471584503,0.08042544700724964,0.16795545380692814,0.9564170950997676
405,0.0,1.0,0.6361893214159123,0.07172751571661343,0.9678167205151958,0.7021008466231237,0.09753713969420341,0.9066797209035137,0.1313441114888185
406,0.0,0.0,0.0017930625281962925,0.1351290308674794,0.7672751847088872,0.14275046673697994,0.7792898227360349,0.16795545380692814,0.1313441114888185
407,0.0,0.0,0.0066774431830118235,0.31315336981105485,0.89173647997246,0.8044986181235316,0.09753713969420341,0.16795545380692814,0.1313441114888185
408,0.0,0.0,0.008710261342548192,0.22861337743455507,0.5438726820414956,0.5357159411049787,0.09753713969420341,0.16795545380692814,0.1313441114888185
409,0.0,0.0,0.03174113382533153,0.6063966043320144,0.7314505375298028,0.32526288485471505,0.09753713969420341,0.16795545380692814,0.1313441114888185
410,0.0,0.0,0.07821437860631204,0.47522607520235455,0.539505922005037,0.3453160586545234,0.09753713969420341,0.16795545380692814,0.1313441114888185
411,0.0,0.0,0.10312369633898374,0.6724742719086445,0.6360443782704108,0.28550048562207314,0.09753713969420341,0.16795545380692814,0.1313441114888185
412,0.0,0.0,0.15983717825388677,0.6103915098665884,0.5041872704189883,0.3181259815708479,0.09753713969420341,0.16795545380692814,0.1313441114888185
413,0.0,0.0,0.2123917594553634,0.7391274180764829,0.5397512102664261,0.2891117798184161,0.09753713969420341,0.16795545380692814,0.1313441114888185
414,0.0,0.0,0.3005440520791863,0.7314806180318334,0.4466315116758985,0.30104135422259665,0.09753713969420341,0.16795545380692814,0.1313441114888185
415,1.0,0.0,0.39715248586843355,0.8114588838021576,0.1822351444133228,0.9537975673783848,0.08042544700724964,0.16795545380692814,0.9564170950997676
416,0.0,1.0,0.7865962500299692,0.10598374871191403,0.9584939987127564,0.6486373001777427,0.09753713969420341,0.9066797209035137,0.1313441114888185
417,0.0,0.0,0.0022286218825340615,0.14518522817027132,0.7659980199774702,0.10308906368467269,0.7792898227360349,0.16795545380692814,0.1313441114888185
418,0.0,0.0,0.007064008928906238,0.3168662436476414,0.8961218718994878,0.790336813952443,0.09753713969420341,0.16795545380692814,0.1313441114888185
419,0.0,0.0,0.008681275328515106,0.22546654328862864,0.5478653731571352,0.5278637594770696,0.09753713969420341,0.16795545380692814,0.1313441114888185
420,0.0,0.0,0.03066216634077549,0.6008098839281965,0.7366055147578726,0.3194590938550978,0.09753713969420341,0.16795545380692814,0.1313441114888185
421,0.0,0.0,0.07442882942288405,0.46730583824996863,0.547064531903616,0.34000645910917904,0.09753713969420341,0.16795545380692814,0.1313441114888185
422,0.0,0.0,0.0961822433171393,0.6621928032525728,0.6446344284983486,0.28117627566872505,0.09753713969420341,0.16795545380692814,0.1313441114888185
423,0.0,0.0,0.14756884436344445,0.5974723836625425,0.5149925288300129,0.31447262359625006,0.09753713969420341,0.16795545380692814,0.1313441114888185
424,0.0,0.0,0.193224885371127,0.725818567795702,0.5523279243418354,0.28713762314547364,0.09753713969420341,0.16795545380692814,0.1313441114888185
425,1.0,0.0,0.2740568183958766,0.7160481589886875,0.1893530049536243,0.9603882628128558,0.08042544700724964,0.16795545380692814,0.9564170950997676
426,0.0,1.0,0.6882362024776849,0.09357913478345223,0.9691272539444754,0.6668818901335062,0.09753713969420341,0.9066797209035137,0.1313441114888185
427,0.0,0.0,0.00198662370671132,0.13712357352258095,0.7668635481614472,0.12488534976881244,0.7792898227360349,0.16795545380692814,0.1313441114888185
428,0.0,0.0,0.006757717841870239,0.31405840850215033,0.8945372204468891,0.797461242032928,0.09753713969420341,0.16795545380692814,0.1313441114888185
429,0.0,0.0,0.008628800124313484,0.226323707488251,0.5466396261887099,0.5314403127374999,0.09753713969420341,0.16795545380692814,0.1313441114888185
430,0.0,0.0,0.03097322537549758,0.6024997942034267,0.7346426313532446,0.3218927508149465,0.09753713969420341,0.16795545380692814,0.1313441114888185
431,0.0,0.0,0.07569683971964787,0.4702026933578514,0.5444410018100719,0.3420201253479789,0.09753713969420341,0.16795545380692814,0.1313441114888185
432,0.0,0.0,0.09860860292038902,0.665814822174046,0.6414697932608641,0.28283767792990433,0.09753713969420341,0.16795545380692814,0.1313441114888185
433,0.0,0.0,0.1518886343641637,0.6022059495355044,0.5111174766298057,0.3158442274778568,0.09753713969420341,0.16795545380692814,0.1313441114888185
434,0.0,0.0,0.20002355466726204,0.7306610299251197,0.5477102217120611,0.2879476907263257,0.09753713969420341,0.16795545380692814,0.1313441114888185
435,0.0,0.0,0.28356716893456607,0.7217667282283208,0.45424829924295534,0.30216861684584745,0.09753713969420341,0.16795545380692814,0.1313441114888185
436,1.0,0.0,0.3766017327531281,0.8039206002891718,0.1867995235194669,0.9545879152683407,0.08042544700724964,0.16795545380692814,0.9564170950997676
437,0.0,1.0,0.7762622606466283,0.10308827224464531,0.9594271306710896,0.6550170399096429,0.09753713969420341,0.9066797209035137,0.1313441114888185
438,0.0,0.0,0.002186457425512595,0.14422216975651994,0.7654328165420073,0.10605372674716548,0.7792898227360349,0.16795545380692814,0.1313441114888185
439,0.0,0.0,0.007050069611854631,0.31725377201160404,0.8958657862236555,0.7913599866073715,0.09753713969420341,0.16795545380692814,0.1313441114888185
440,0.0,0.0,0.008709013586524643,0.22576310714483652,0.5470316712987405,0.5287247708385435,0.09753713969420341,0.16795545380692814,0.1313441114888185
441,0.0,0.0,0.030830581369546004,0.6018856975905137,0.7360749997809478,0.3200630749901078,0.09753713969420341,0.16795545380692814,0.1313441114888185
442,0.0,0.0,0.07498401739476596,0.46825443942813405,0.5458674631979497,0.34073656473402386,0.09753713969420341,0.16795545380692814,0.1313441114888185
443,0.0,0.0,0.0971189207960431,0.6637582384561251,0.6435667929208845,0.2817027347332629,0.09753713969420341,0.16795545380692814,0.1313441114888185
444,1.0,0.0,0.14923264003739825,0.5991601743731817,0.22532163880704928,0.96253720412348,0.08042544700724964,0.16795545380692814,0.9564170950997676
445,0.0,1.0,0.5069003524586543,0.07067810510623636,0.97884669664192,0.6742150516826328,0.09753713969420341,0.9066797209035137,0.1313441114888185
446,0.0,0.0,0.0016881499570393127,0.12868574721774587,0.7777788904510673,0.16549547377789386,0.7792898227360349,0.16795545380692814,0.1313441114888185
447,0.0,0.0,0.006138269494914357,0.30051011556949847,0.8893723502035634,0.8120553234322014,0.09753713969420341,0.16795545380692814,0.1313441114888185
448,0.0,0.0,0.008277513554345875,0.22829885177531134,0.5506114166302318,0.5351941737786796,0.09753713969420341,0.16795545380692814,0.1313441114888185
449,0.0,0.0,0.030674988779076397,0.5982450956879684,0.7318645076552999,0.32501634123328504,0.09753713969420341,0.16795545380692814,0.1313441114888185
450,0.0,0.0,0.07518189886766785,0.4725231165182019,0.5464198658741424,0.3422592144138957,0.09753713969420341,0.16795545380692814,0.1313441114888185
451,1.0,0.0,0.09876050432077313,0.6641668513903529,0.3284701071340649,0.9568318375561035,0.08042544700724964,0.16795545380692814,0.9564170950997676
452,0.0,1.0,0.4593137112891679,0.046436961075685505,0.9741149109314627,0.716945232751652,0.09753713969420341,0.9066797209035137,0.1313441114888185
453,0.0,0.0,0.0015314934139279584,0.12841394315426619,0.7769433169613508,0.1889790615070569,0.7792898227360349,0.16795545380692814,0.1313441114888185
454,0.0,0.0,0.006155490090500196,0.3013274710699011,0.8847174041438672,0.8213586291864594,0.09753713969420341,0.16795545380692814,0.1313441114888185
455,0.0,0.0,0.008505172857762032,0.23258221572657753,0.5452827615985784,0.5416976916772842,0.09753713969420341,0.16795545380692814,0.1313441114888185
456,0.0,0.0,0.03213669795374247,0.6057329641192142,0.7264337251143315,0.3304559074580814,0.09753713969420341,0.16795545380692814,0.1313441114888185
457,0.0,0.0,0.07979810641666907,0.48130697291461294,0.5374559543672186,0.3479893276335396,0.09753713969420341,0.16795545380692814,0.1313441114888185
458,0.0,0.0,0.10694491048688379,0.6761622763892892,0.6300496276406388,0.28860897322530554,0.09753713969420341,0.16795545380692814,0.1313441114888185
459,0.0,0.0,0.1664461779928349,0.6184325556589926,0.4995244254437595,0.3197798162095972,0.09753713969420341,0.16795545380692814,0.1313441114888185
460,0.0,0.0,0.2232114125537258,0.7452439507697107,0.5322080614215933,0.29041567611305374,0.09753713969420341,0.16795545380692814,0.1313441114888185
461,0.0,0.0,0.3150941136933361,0.7400916959307271,0.44091388966557643,0.2997192983715598,0.09753713969420341,0.16795545380692814,0.1313441114888185
462,0.0,0.0,0.4144254292990612,0.8171821715016995,0.44055072694253644,0.2666746868144309,0.09753713969420341,0.16795545380692814,0.1313441114888185
463,1.0,0.0,0.5103904307590377,0.8295077443813347,0.15191701803017602,0.9464778654911995,0.08042544700724964,0.16795545380692814,0.9564170950997676
464,0.0,1.0,0.8243879767499671,0.12331283900710081,0.9566322258133024,0.6004087951901088,0.09753713969420341,0.9066797209035137,0.1313441114888185
465,0.0,0.0,0.0024525132225793793,0.14868930486543344,0.7729377242413269,0.08843513674361067,0.7792898227360349,0.16795545380692814,0.1313441114888185
466,0.0,0.0,0.006944534219319835,0.3102097639278338,0.8977671987254676,0.7848311370873109,0.09753713969420341,0.16795545380692814,0.1313441114888185
467,0.0,0.0,0.008331241207237248,0.22279041552260706,0.5561379841297784,0.5212284887607116,0.09753713969420341,0.16795545380692814,0.1313441114888185
468,0.0,0.0,0.029076218654187146,0.590153024185572,0.7409226555035872,0.31472731373504875,0.09753713969420341,0.16795545380692814,0.1313441114888185
469,0.0,0.0,0.06943262182013736,0.4590874856808614,0.5582685904258459,0.33351816327825906,0.09753713969420341,0.16795545380692814,0.1313441114888185
470,0.0,0.0,0.08806487939247613,0.6475341093243753,0.6538973551095724,0.276626100992105,0.09753713969420341,0.16795545380692814,0.1313441114888185
471,0.0,0.0,0.13314814112760195,0.5824541021160323,0.5295597162473998,0.3094824695793194,0.09753713969420341,0.16795545380692814,0.1313441114888185
472,0.0,0.0,0.17120408956044095,0.7077566222596102,0.5672314876638643,0.2845137737544878,0.09753713969420341,0.16795545380692814,0.1313441114888185
473,0.0,0.0,0.24251065155028292,0.6965640095136554,0.4750949998488319,0.30316552229528987,0.09753713969420341,0.16795545380692814,0.1313441114888185
474,0.0,0.0,0.32426400027169894,0.7823863432246664,0.4750812508214878,0.2805851503745802,0.09753713969420341,0.16795545380692814,0.1313441114888185
475,1.0,0.0,0.42432000237954426,0.7977106982401585,0.16370736449395587,0.9534939075404002,0.08042544700724964,0.16795545380692814,0.9564170950997676
476,0.0,0.0,0.7905803484791748,0.9500459456956651,0.14788324377492432,0.6304928244544366,0.09753713969420341,0.9066797209035137,0.1313441114888185
477,0.0,0.0,0.8974515710139064,0.9603973459925582,0.16644208820161882,0.3385152887718556,0.7792898227360349,0.16795545380692814,0.1313441114888185
478,0.0,0.0,0.8936127496761475,0.9571721879257349,0.25792908195861314,0.8471627270495501,0.09753713969420341,0.16795545380692814,0.1313441114888185
479,0.0,0.0,0.8395152897328358,0.9337572281571128,0.11183871555131608,0.43012928109997794,0.09753713969420341,0.16795545380692814,0.1313441114888185
480,0.0,0.0,0.9061921686261668,0.9661423356489274,0.24009576317205658,0.20970332398031757,0.09753713969420341,0.16795545380692814,0.1313441114888185
481,0.0,0.0,0.8567608663353408,0.9396138512380826,0.3065758858401393,0.12112281255541078,0.09753713969420341,0.16795545380692814,0.1313441114888185
482,0.0,0.0,0.7897800808953003,0.9155806698476944,0.366232152524178,0.10248782685765026,0.09753713969420341,0.16795545380692814,0.1313441114888185
483,0.0,0.0,0.7120073081123821,0.8869159933706626,0.39409260952174713,0.105874253821654,0.09753713969420341,0.16795545380692814,0.1313441114888185
484,0.0,0.0,0.6507931486413606,0.8686952899927576,0.4156282786894784,0.11645789662159724,0.09753713969420341,0.16795545380692814,0.1313441114888185
485,0.0,0.0,0.6043791766285022,0.8534833091290405,0.4253299069330601,0.12863836322342187,0.09753713969420341,0.16795545380692814,0.1313441114888185
486,0.0,0.0,0.5742414364497112,0.8451829880921864,0.4318179555452833,0.13959817594070575,0.09753713969420341,0.16795545380692814,0.1313441114888185
