,-1,-2,0,528,15014,184307,527,7545,88973,46465
0,1,0,0.05363799270693995,0.9975039678127032,0.0019670360637334457,0.24953888055450288,0.4883825596383389,0.5197787028730797,0.9517373816209868,0.0
1,0,0,0.41506687590331487,0.9369927622267595,0.01658227804601703,0.4828983325408262,0.48749618569507036,0.7933535005765324,0.9517373816209868,0.0
2,0,0,0.7051425095369713,0.9073384241564416,0.011766177877773109,0.7857408259838654,0.23351471081614153,0.9210338318000061,0.9517373816209868,0.0
3,0,0,0.9222622313240176,0.8655060648008396,0.010020003755186248,0.8741149038590131,0.15187868171978294,0.9511871196994464,0.9517373816209868,0.0
4,0,1,0.9453334372431156,0.0678164648308216,0.00964659694258309,0.8897910666189147,0.13641018292434234,0.20257763790184577,0.9517373816209868,0.0
5,0,0,0.05250141225864042,0.24013054532030567,0.024621261413537796,0.1605099500956119,0.7807564162286328,0.023010586071790344,0.9517373816209868,0.0
6,1,0,0.00251429461127387,0.9726035441952346,0.0028429413065069347,0.07227386795274661,0.7615912590326691,0.01846497559952824,0.9517373816209868,0.0
7,0,0,0.017418381605973192,0.9424136907234255,0.03091766870163817,0.07076468030654767,0.8845567126669099,0.23009304188229648,0.9517373816209868,0.0
8,0,0,0.027757995068158084,0.9397550925038747,0.02379457451096856,0.1799241195548064,0.7605264895149618,0.4292448125582871,0.9517373816209868,0.0
9,0,0,0.11310852756100633,0.9317019771033282,0.0185686182782255,0.3725943946619466,0.5809688838181718,0.6640784461557189,0.9517373816209868,0.0
10,0,1,0.4573872586374986,0.13408081706758251,0.013840068838180801,0.6577008999530184,0.3428628094044908,0.07404111960848755,0.9517373816209868,0.0
11,0,0,0.014635817892627436,0.3365544248125015,0.028868374151123612,0.09136165610725196,0.8587582237315062,0.01588099354303455,0.9517373816209868,0.0
12,0,0,0.0022629498233664464,0.6517225213560545,0.031016300796322345,0.06991980242150733,0.8856503199758889,0.025550398334477278,0.9517373816209868,0.0
13,0,0,0.00479552169883974,0.8510379545148915,0.03064876940134202,0.07312998320772401,0.8815112364658787,0.08360881501972732,0.9517373816209868,0.0
14,1,0,0.010852863085505107,0.9969307856347869,0.0026325905660000374,0.09541134675669286,0.7128425451003537,0.20570477633190346,0.9517373816209868,0.0
15,0,0,0.0555179197531778,0.9455961579712149,0.024525915673724388,0.16262800480859782,0.7785205429914849,0.45089968448782203,0.9517373816209868,0.0
16,0,0,0.11819195976611792,0.9341553570110579,0.018073238497427105,0.3982341047515669,0.5588830647526116,0.6920970678659453,0.9517373816209868,0.0
17,0,0,0.516494436746443,0.9137814606999387,0.013361969283462814,0.6885091106999071,0.3170919595209729,0.8753539729230299,0.9517373816209868,0.0
18,0,1,0.8720894844214995,0.09461214923123674,0.0106131051333949,0.846764023013141,0.1780179243916899,0.17387798373594499,0.9517373816209868,0.0
19,0,0,0.04158574698971844,0.26626407245343114,0.025513345618809805,0.14210238301986872,0.8005156173459199,0.022155339201806994,0.9517373816209868,0.0
20,0,0,0.00247060681262239,0.5806292847079174,0.030777331713041835,0.07198766882808695,0.8829790957248149,0.020273213624925096,0.9517373816209868,0.0
21,1,0,0.0039321579012076,0.9922273472320875,0.0028528293186611273,0.07136151433714635,0.7636535741807381,0.06352148857035798,0.9517373816209868,0.0
22,0,0,0.02264184354653288,0.9460370424331849,0.029245887756465548,0.08708807576953209,0.863985460009416,0.28655869148335944,0.9517373816209868,0.0
23,0,0,0.03991946540018099,0.9393389255431094,0.02218204139548449,0.22538895608275733,0.7151589022297608,0.5014365093089007,0.9517373816209868,0.0
24,0,0,0.18038495130100743,0.9283976938750126,0.016967074780719644,0.46004926260261725,0.5065770181100099,0.7376795725418249,0.9517373816209868,0.0
25,0,1,0.6208551657914203,0.12251894546162068,0.012618752593894332,0.7351811616954181,0.2775052078085587,0.10175547758128652,0.9517373816209868,0.0
26,0,0,0.021180224670594102,0.3100662620483127,0.02789630142480795,0.10353500381914062,0.8441813575214665,0.017383019261685628,0.9517373816209868,0.0
27,0,0,0.00225994983912752,0.627317178139721,0.030958930596539154,0.07040977405632913,0.8850157267576839,0.02332412196075278,0.9517373816209868,0.0
28,0,0,0.0044653450147450115,0.8399341224886743,0.030733014033504744,0.07237905192581139,0.8824755596212583,0.07599173052199565,0.9517373816209868,0.0
29,1,0,0.010118973075269945,0.9968139430721746,0.0026581536593235427,0.0921745363120917,0.7192875011284694,0.1930012692952433,0.9517373816209868,0.0
30,0,0,0.050973121746511155,0.9457469663769117,0.02491549540741787,0.1541624332143938,0.7875021313558187,0.4354190849694883,0.9517373816209868,0.0
31,0,0,0.1068383098792868,0.9347609075849076,0.018426032658903805,0.3798390445986444,0.574700731868324,0.6758147516652938,0.9517373816209868,0.0
32,0,0,0.4803584523698477,0.9154587279162336,0.013637785548815024,0.6707870414212737,0.33194399090723725,0.8666446929491065,0.9517373816209868,0.0
33,0,1,0.8605114094141465,0.09671882404123842,0.01073006557532277,0.841027962453937,0.18338369951104694,0.16872191240451467,0.9517373816209868,0.0
34,0,0,0.039932134355679896,0.26887939719064774,0.025676916466409242,0.13898842203362025,0.803920197161637,0.021784354878880693,0.9517373816209868,0.0
35,1,0,0.002448454778787051,0.9757062188959863,0.0028473664999971457,0.07186384830560617,0.7625166178718144,0.020435416405026247,0.9517373816209868,0.0
36,0,0,0.017661175341351566,0.9430162217058031,0.030842659957216884,0.07141527814380164,0.883716670548339,0.2339186525416181,0.9517373816209868,0.0
37,0,0,0.028416571786400648,0.9398273032652724,0.023681801425708943,0.1827637902857295,0.7576148168588253,0.43441009909522627,0.9517373816209868,0.0
38,0,0,0.11697015706844292,0.9315199674230992,0.018449260028377205,0.3786513767389597,0.575726758519675,0.6697658662739983,0.9517373816209868,0.0
39,0,1,0.46967824352113924,0.13326802179227853,0.01374167546086753,0.6640739467722975,0.33754988973162203,0.07592742102622227,0.9517373816209868,0.0
40,0,0,0.015061200052544738,0.3344408163272668,0.028801182971310377,0.0921476332645457,0.8578033591129814,0.015977497096791436,0.9517373816209868,0.0
41,1,0,0.0022605224880316403,0.9815384542601957,0.002868415602451244,0.06995118755841774,0.7668650252440016,0.02536257337898902,0.9517373816209868,0.0
42,0,0,0.018045507596082304,0.9441953168467961,0.030655868248525998,0.07306635297564361,0.8815928576352345,0.24232831370483682,0.9517373816209868,0.0
43,0,0,0.02994006046687916,0.9399422839094252,0.023435727899717824,0.18912813300794587,0.7511300293012092,0.44567664816523295,0.9517373816209868,0.0
44,0,0,0.1258392593171946,0.9311008498558393,0.01819152110880144,0.3919927080068781,0.5642348558428564,0.6819637897275519,0.9517373816209868,0.0
45,0,1,0.4963804068090126,0.13148639012336857,0.013532969473639201,0.6775405628109114,0.32629369054017315,0.08011442989435351,0.9517373816209868,0.0
46,0,0,0.01601563569816136,0.32994710440128255,0.028652581050098047,0.09391400215533464,0.8556646085728407,0.01619513717913236,0.9517373816209868,0.0
47,0,0,0.0022565117673672176,0.6458276103697353,0.03100429350699729,0.0700220168610461,0.8855178496879748,0.02496918809156017,0.9517373816209868,0.0
48,1,0,0.004712190690311127,0.9938019335706718,0.002835887371154846,0.0729332494648178,0.760108095792152,0.08169175033253405,0.9517373816209868,0.0
49,0,0,0.02519449658875187,0.9462315199053029,0.028596793250452387,0.09458725867035157,0.8548519952701259,0.30638743623462583,0.9517373816209868,0.0
50,0,0,0.04551584335917266,0.9388689257836247,0.02164151001966681,0.2431678233778832,0.6980546559250375,0.5259067269009261,0.9517373816209868,0.0
51,0,0,0.21039013875621174,0.9270059073113621,0.016455641609492026,0.4905528134398379,0.48112675232181507,0.7599030031892219,0.9517373816209868,0.0
52,0,1,0.6692730210537068,0.11861575341075459,0.012271350175536138,0.7562424860095305,0.25934831421583215,0.11163080128758188,0.9517373816209868,0.0
53,0,0,0.02366844994635167,0.30250569351077217,0.02755766895440916,0.10820845823626304,0.8386985168608266,0.017965810711397658,0.9517373816209868,0.0
54,0,0,0.0022730751179993246,0.6199087206339196,0.030936698422753584,0.07060073799399849,0.8847686782976121,0.022740961676471317,0.9517373816209868,0.0
55,1,0,0.004372654324174246,0.9932196820483831,0.002843913731971407,0.07218352800047093,0.761794939704161,0.07383960143851961,0.9517373816209868,0.0
56,0,0,0.024049775638987136,0.9461685825039997,0.028875561334196574,0.09127804568405035,0.8588599168651485,0.2978026553253044,0.9517373816209868,0.0
57,0,0,0.04299983948316791,0.939080413986567,0.021873931696559698,0.2353555505699828,0.7055314062573065,0.5153410195529258,0.9517373816209868,0.0
58,0,0,0.19694964588184347,0.9276210041915443,0.016674581025098504,0.47736004654121134,0.4921113439851294,0.7504740206758996,0.9517373816209868,0.0
59,0,1,0.6489370744990639,0.1202948510055001,0.012417577716688251,0.747447179856567,0.266956843797765,0.10735134701427983,0.9517373816209868,0.0
60,0,0,0.02257971149628135,0.30568686470403006,0.027703921559239234,0.10616087818698412,0.8410933946124831,0.01771012301723008,0.9517373816209868,0.0
61,0,0,0.002266610541246454,0.6230540354284998,0.030946450425574108,0.07051689766172678,0.8848771224916999,0.022983422026610155,0.9517373816209868,0.0
62,1,0,0.004411593982715568,0.9932932513765713,0.0028430392611419547,0.07226476168728498,0.7616117848160378,0.07474462838022794,0.9517373816209868,0.0
63,0,0,0.02417838931955326,0.9461772510788174,0.02884329698399575,0.09165408400444275,0.8584027285536291,0.2987901957769504,0.9517373816209868,0.0
64,0,0,0.04328186245953967,0.9390566508155584,0.021847071611359726,0.23624531671999874,0.7046768303626274,0.5165586691021502,0.9517373816209868,0.0
65,0,0,0.19846058836953165,0.927551214774217,0.016649203979944485,0.47887919254288625,0.490844830184902,0.7515735979667428,0.9517373816209868,0.0
66,0,1,0.6513260656823625,0.12010080812631468,0.012400436901235998,0.7484836026971505,0.2660622894707425,0.10784357937659364,0.9517373816209868,0.0
67,0,0,0.022704117870733332,0.305313867908838,0.027687060954488876,0.10639464614132936,0.8408194052097886,0.01773928965008019,0.9517373816209868,0.0
68,0,0,0.002267295267523937,0.6226874129533042,0.030945337851383686,0.07052645678796057,0.8848647566067203,0.022954773661314126,0.9517373816209868,0.0
69,0,0,0.00440702398472211,0.8377496329518829,0.030747012228996222,0.07225515897606323,0.8826348852566078,0.07463848340021244,0.9517373816209868,0.0
70,1,0,0.009988894413382009,0.9967903459491573,0.0026627210137221808,0.09160990881371604,0.7204232393054415,0.1906834761102392,0.9517373816209868,0.0
71,0,0,0.05019035159701477,0.9457726734070554,0.024987223041277727,0.1526573232151615,0.7891118460659122,0.43260510092616467,0.9517373816209868,0.0
72,0,0,0.10488898602788035,0.9348680864353398,0.018490883695669164,0.3765303636920911,0.5775606085527831,0.6728058093946406,0.9517373816209868,0.0
73,0,0,0.4737532824918944,0.9157570004986982,0.013689367103730985,0.6674561953470797,0.33472674474659175,0.8649778542412909,0.9517373816209868,0.0
74,0,1,0.8582204815597222,0.09711422759642735,0.010752595149502758,0.839910511828617,0.18442481649610215,0.16773704105587922,0.9517373816209868,0.0
75,0,0,0.03962031216477186,0.2693804677309554,0.025708276395600357,0.13840016806485048,0.8045654917889306,0.021713620843407763,0.9517373816209868,0.0
76,0,0,0.0024443072962241725,0.5842586671866556,0.030794096811361107,0.0718402622760017,0.8831689094284102,0.020466671307399764,0.9517373816209868,0.0
77,1,0,0.0039698549113467065,0.9923249607207784,0.002852129380735405,0.07142564220347059,0.763508230016495,0.0644052982629312,0.9517373816209868,0.0
78,0,0,0.022758683905522274,0.9460508806683966,0.029213987468317743,0.08744004832580442,0.8635526414447957,0.28752164601757685,0.9517373816209868,0.0
79,0,0,0.04017406067314661,0.9393177106623003,0.022155489057581402,0.2262306726261086,0.7143418326286706,0.5026301580467352,0.9517373816209868,0.0
80,0,0,0.1817578742811414,0.9283324709048193,0.016941768709569125,0.4615321470123731,0.5053352837126608,0.7387950690151549,0.9517373816209868,0.0
81,0,1,0.6233219731772267,0.12232748096377664,0.012601085674901646,0.7362656154304111,0.2765753876847322,0.10223374940091107,0.9517373816209868,0.0
82,0,0,0.021298782142333675,0.30968155644505824,0.027879808377327887,0.10375716955305825,0.8439193574180722,0.017410653445390088,0.9517373816209868,0.0
83,0,0,0.0022604362445390698,0.6269456730151624,0.03095787606581216,0.07041881818895875,0.8850040228922842,0.023293874184388743,0.9517373816209868,0.0
84,0,0,0.004460615943774969,0.8397597683697617,0.030734160183598477,0.0723688983548488,0.8824886146381105,0.07588210665741696,0.9517373816209868,0.0
85,1,0,0.010108434948592837,0.9968120670806581,0.002658523360622018,0.09212868082053184,0.7193796096758873,0.19281425861802487,0.9517373816209868,0.0
86,0,0,0.050909448158429786,0.9457490616181699,0.024921275288340462,0.1540405450648267,0.787632342917001,0.43519190849358136,0.9517373816209868,0.0
87,0,0,0.10667966692974921,0.9347695927279804,0.018431259873013157,0.3795715111618491,0.574931801597589,0.6755723867834497,0.9517373816209868,0.0
88,0,0,0.47982543877584394,0.9154828837777677,0.013641933242929593,0.6705193767079036,0.33216770584318017,0.8665111023620164,0.9517373816209868,0.0
89,0,1,0.8603286892106075,0.09675060216725968,0.010731869509877978,0.8409386368497946,0.1834669726799793,0.1686429428971577,0.9517373816209868,0.0
90,0,0,0.03990708481658871,0.2689195468477393,0.02567942961175274,0.13894117711108325,0.8039719978898113,0.021778680916702854,0.9517373816209868,0.0
91,0,0,0.002448121168933442,0.5837240512233759,0.03079162694855183,0.07186195607821487,0.8831409688223003,0.02043791845795865,0.9517373816209868,0.0
92,0,0,0.003964274166385469,0.8183410513365136,0.030842564823692877,0.07141610776815469,0.8837156005015958,0.06427432018157347,0.9517373816209868,0.0
93,1,0,0.008989247025439346,0.9965717921904366,0.0026979616802975848,0.08738780593000552,0.7290276435895064,0.17217854806733587,0.9517373816209868,0.0
94,0,0,0.044414495367480766,0.9459572030215014,0.025567145978244523,0.14106964488639914,0.8016426423912856,0.4102809564987198,0.9517373816209868,0.0
95,0,0,0.09058653896926164,0.9356882496800215,0.01901336173816389,0.35070947421494103,0.6000502502325958,0.6484276757488318,0.9517373816209868,0.0
96,0,0,0.42142333523274256,0.9180502444555015,0.014114429752669189,0.6398726608131593,0.35768454252966136,0.850794279090654,0.9517373816209868,0.0
97,0,1,0.837753195460984,0.1003888112088486,0.010946207982579627,0.8301434862434823,0.1934692400104347,0.15941670116140874,0.9517373816209868,0.0
98,0,0,0.037035181464470025,0.2736590233038971,0.025974702093785666,0.13351356479238052,0.809952884392005,0.021119764034144558,0.9517373816209868,0.0
99,1,0,0.0024105060344800614,0.9762380351245842,0.0028497677287062113,0.07164252421063923,0.763017107880963,0.020736473065944144,0.9517373816209868,0.0
100,0,0,0.017675613293138822,0.9431273090809897,0.030831215163868247,0.07151516563384896,0.8835878569985492,0.23454650025610935,0.9517373816209868,0.0
101,0,0,0.028525942448328984,0.9398420242975103,0.023663343331261296,0.18323313771430172,0.7571346689422511,0.4352706190466363,0.9517373816209868,0.0
102,0,0,0.11762312730119782,0.9314904787789086,0.018429448618874716,0.3796641960407786,0.5748517458381901,0.6707108831178046,0.9517373816209868,0.0
103,0,1,0.4717290304628351,0.13313292860899048,0.013725393462298808,0.6651271988241273,0.33667101542199757,0.07624529172886434,0.9517373816209868,0.0
104,0,0,0.01513314192417831,0.3340915455807088,0.028789875178130763,0.09228067914761313,0.8576419205997897,0.015993928453555368,0.9517373816209868,0.0
105,1,0,0.002260160771401925,0.9815136950852686,0.0028683558225647003,0.06995653270486238,0.7668527993189789,0.025331723953564894,0.9517373816209868,0.0
106,0,0,0.01804252665272428,0.9441905118059503,0.030657034355276197,0.07305590686643315,0.881606258899801,0.24228324013554767,0.9517373816209868,0.0
107,0,0,0.029931561496153797,0.9399420737625257,0.023437040113877976,0.18909357331339582,0.751165093436046,0.44561752678589567,0.9517373816209868,0.0
108,0,0,0.12579089689054251,0.9311032210500142,0.018192864330539734,0.3919222569570199,0.5642953514873014,0.6819007342388288,0.9517373816209868,0.0
109,0,1,0.496241205771043,0.13149580343057268,0.013534040270633402,0.6774716773451542,0.3263513799368314,0.08009231069332662,0.9517373816209868,0.0
110,0,0,0.016010555023047896,0.3299702436210558,0.028653364128345283,0.09390459150357396,0.8556759771374837,0.016193979877177755,0.9517373816209868,0.0
111,0,0,0.002256528710970576,0.6458484554555082,0.03100433773347,0.07002164005063553,0.8855183379522994,0.02497119404848828,0.9517373816209868,0.0
112,1,0,0.004712481268094514,0.9938023805709115,0.0028358801556238587,0.07293392762148689,0.7601065735367921,0.08169844007815409,0.9517373816209868,0.0
113,0,0,0.02519549957238398,0.9462315627870728,0.02859655686738998,0.09459012327530236,0.8548485407326403,0.30639476920044006,0.9517373816209868,0.0
114,0,0,0.0455180555817795,0.9388687406638033,0.02164131252520327,0.2431745711351166,0.6980482235098902,0.5259157330567852,0.9517373816209868,0.0
115,0,0,0.21040191543504552,0.9270053738109765,0.016455456197658223,0.49056406712048034,0.48111739537949993,0.7599109321468436,0.9517373816209868,0.0
116,0,1,0.669289970537891,0.11861432689518067,0.012271227929274982,0.7562497940471391,0.25934197575066226,0.11163445578076608,0.9517373816209868,0.0
117,0,0,0.023669386638195757,0.30250303488555774,0.027557544381340855,0.1082102215306614,0.8386964593238708,0.017966031095299696,0.9517373816209868,0.0
118,0,0,0.0022730811247398354,0.6199060741726854,0.030936690018530985,0.07060081029788495,0.8847685847884167,0.022740760821402566,0.9517373816209868,0.0
119,0,0,0.004372621813880222,0.8364250552963352,0.030755126079522407,0.07218346074110066,0.8827271181750614,0.07383884527043855,0.9517373816209868,0.0
120,1,0,0.009912029848567601,0.9967759394046813,0.0026654235563379793,0.09127773207757026,0.7210930274182441,0.189304199078482,0.9517373816209868,0.0
121,0,0,0.04973108632517752,0.9457877003863497,0.025030002314831875,0.15176738993943367,0.7900655090791926,0.430932258992024,0.9517373816209868,0.0
122,0,0,0.10374628255597448,0.9349313889584844,0.01852954206891272,0.37456885870152884,0.5792582841241917,0.6710100750758162,0.9517373816209868,0.0
123,0,0,0.46982439738147935,0.9159333446411936,0.01372024255392021,0.6654603160983577,0.3363929991183489,0.8639744356272112,0.9517373816209868,0.0
124,0,1,0.8568297450699296,0.09735111809495595,0.010766180261264779,0.8392347582727742,0.18505375995142737,0.16714467367831112,0.9517373816209868,0.0
125,0,0,0.039433370006969004,0.26968223673297237,0.025727156306764143,0.1380473602769157,0.8049528400570437,0.02167110971101019,0.9517373816209868,0.0
126,0,0,0.002441826699497011,0.584608230272749,0.030795710756762813,0.07182609051601058,0.8831871630671301,0.020485525795594584,0.9517373816209868,0.0
127,1,0,0.0039735094826587845,0.9923342976641424,0.0028520611735728453,0.07143189498334092,0.7634940613983004,0.06449108974048,0.9517373816209868,0.0
128,0,0,0.022770054420025762,0.9460521978625817,0.029210892702374563,0.08747428273236155,0.8635105660224206,0.2876151148690851,0.9517373816209868,0.0
129,0,0,0.040198863070252985,0.9393156420576518,0.02215291341853068,0.22631249187131547,0.7142624491991655,0.502745993027025,0.9517373816209868,0.0
130,0,0,0.18189159097022914,0.9283261271952022,0.016939314913675653,0.46167608689168393,0.5052147786176052,0.7389031492687952,0.9517373816209868,0.0
131,0,1,0.6235608160726706,0.12230890553970482,0.012599375228424303,0.7363705363712592,0.2764853999063083,0.10228018629247765,0.9517373816209868,0.0
132,0,0,0.021310303673748508,0.30964431176170226,0.027878207520832296,0.1037787627482807,0.843893899902729,0.017413339772447054,0.9517373816209868,0.0
133,0,0,0.0022604843173776824,0.6269096763724651,0.030957773556427086,0.07041969742898828,0.8850028851008404,0.023290949049335742,0.9517373816209868,0.0
134,0,0,0.0044601581846229746,0.8397428658396041,0.030734271025141407,0.0723679165154097,0.88248987706714,0.07587149443046183,0.9517373816209868,0.0
135,1,0,0.010107414807607691,0.9968118851468915,0.002658559152577865,0.09212424283089689,0.7193885253397199,0.19279614798396327,0.9517373816209868,0.0
136,0,0,0.050903286665363444,0.9457492643311575,0.0249218350974695,0.15402874526473706,0.7876449498711305,0.4351699092947025,0.9517373816209868,0.0
137,0,0,0.10666431625979902,0.9347704334717308,0.018431766140555132,0.379545607780618,0.5749541760722688,0.6755489116218856,0.9517373816209868,0.0
138,0,0,0.47977382064387275,0.9154852222629415,0.013642335049507792,0.6704934451566392,0.3321893786195221,0.8664981567166329,0.9517373816209868,0.0
139,0,1,0.8603109744103707,0.09675368081647566,0.010732044336767926,0.8409299785563371,0.18347504385525448,0.16863529064129665,0.9517373816209868,0.0
140,0,0,0.03990465791651841,0.26892343764590193,0.025679673151783846,0.13893659972776617,0.8039770169029213,0.02177813112221146,0.9517373816209868,0.0
141,0,0,0.0024480888513468474,0.5837285675513876,0.030791647819488725,0.07186177272797331,0.8831412049605458,0.020438160946633678,0.9517373816209868,0.0
142,0,0,0.00396432126892272,0.818343407412809,0.030842555603758277,0.0714161881724062,0.8837154967966139,0.06427542549756401,0.9517373816209868,0.0
143,1,0,0.008989354338577334,0.9965718196921387,0.0026979578972634735,0.08738824668226827,0.7290267348698753,0.17218059872635552,0.9517373816209868,0.0
144,0,0,0.044415091469913924,0.9459571846073763,0.025567080992408682,0.14107088727248696,0.8016412853354685,0.4102834148194633,0.9517373816209868,0.0
145,0,0,0.09058800537526292,0.9356881622175198,0.019013303413597308,0.3507122731699085,0.6000477949241586,0.648430407887703,0.9517373816209868,0.0
146,0,0,0.4214290620653295,0.9180499991061677,0.014114381392979184,0.6398758087179742,0.35768193022016836,0.8507959375504303,0.9517373816209868,0.0
147,0,1,0.8377556900828979,0.10038843710577527,0.010946185143440637,0.8301446554981944,0.19346816302234554,0.15941766581811506,0.9517373816209868,0.0
148,0,0,0.03703547622825721,0.2736585210183307,0.025974671049264056,0.1335141227879104,0.8099522664205959,0.02111983239279191,0.9517373816209868,0.0
149,0,0,0.002410509816157803,0.5891771790158975,0.03081664755201837,0.07164254694326731,0.8834236491748038,0.0207364410536433,0.9517373816209868,0.0
150,1,0,0.0040217097389928435,0.9924552891288693,0.00285115362846697,0.07151515500564627,0.7633054498526736,0.0656235941640452,0.9517373816209868,0.0
151,0,0,0.022920687261233696,0.9460691455785601,0.029170069530820464,0.08792733668313657,0.8629541181113085,0.28884889321592133,0.9517373816209868,0.0
152,0,0,0.04052775397064643,0.9392881795337512,0.022118942686171896,0.2273944581869736,0.7132133576262163,0.5042745516335505,0.9517373816209868,0.0
153,0,0,0.18366417139304128,0.9282421769503851,0.016906967315594115,0.4635761072797258,0.503624541748927,0.7403265445349574,0.9517373816209868,0.0
154,0,1,0.6267035174436202,0.12206386572025002,0.01257687036688493,0.7377498215371628,0.27530196842601695,0.1028933543972387,0.9517373816209868,0.0
155,0,0,0.021462611061226176,0.3091542901472554,0.027857077652480248,0.10406425926890592,0.8435574330041401,0.017448864542927833,0.9517373816209868,0.0
156,1,0,0.0022611330468005836,0.9796079725270732,0.0028630674559299726,0.07043132570925817,0.765768470203004,0.02325251713550523,0.9517373816209868,0.0
157,0,0,0.017850661921158716,0.9438160094196774,0.030735727353725317,0.07235501774955684,0.8825064624106688,0.23909437422631213,0.9517373816209868,0.0
158,0,0,0.02933921545974698,0.9399178451163666,0.023530058892386362,0.18666082570404877,0.7536374175849361,0.4414063803663267,0.9517373816209868,0.0
159,0,0,0.12239537270795099,0.9312679380177508,0.01828879124923185,0.38691584952043423,0.5685993570544523,0.6773846059622683,0.9517373816209868,0.0
160,0,1,0.48630039167706224,0.1321648040590089,0.013610950059020601,0.6725180806269977,0.33049677633513963,0.07852112447872595,0.9517373816209868,0.0
161,0,0,0.015650702381237513,0.3316302441124725,0.028709041446189132,0.09323828678394866,0.8564816138061032,0.016112002382698127,0.9517373816209868,0.0
162,0,0,0.0022578480501625415,0.6473401576128428,0.03100747067144302,0.06999495345187973,0.8855529195472257,0.02511563690849534,0.9517373816209868,0.0
163,1,0,0.004733349754733537,0.9938342833498702,0.002835360635290191,0.07298277489470273,0.7599969431798397,0.08217879537299184,0.9517373816209868,0.0
164,0,0,0.025267640726968413,0.9462345996654442,0.02857958840450113,0.09479601859613404,0.854600310186176,0.30692140966641607,0.9517373816209868,0.0
165,0,0,0.045677220155131475,0.9388554271346693,0.021627133434190187,0.24365951520727855,0.6975860557592187,0.5265624539622806,0.9517373816209868,0.0
166,0,0,0.2112490195653474,0.9269670227820115,0.016442147371868065,0.4913722042962275,0.48044551995993556,0.7604798183726186,0.9517373816209868,0.0
167,0,1,0.6705053532261636,0.11851191307673116,0.01226246015216376,0.7567737429744463,0.2588874668412077,0.11189690338987862,0.9517373816209868,0.0
168,0,0,0.023736686447652578,0.30231235606133605,0.027548599590757714,0.10833691863132505,0.8385486417758548,0.017981867031989018,0.9517373816209868,0.0
169,1,0,0.002273514627830274,0.979028507328172,0.002861132545468757,0.07060600595523715,0.7653703611849855,0.02272636309317808,0.9517373816209868,0.0
170,0,0,0.01780688823876154,0.9436999975781318,0.030755672013787042,0.0721786395936933,0.8827333208938676,0.23822484524016954,0.9517373816209868,0.0
171,0,0,0.029180818853447688,0.9399075094870137,0.023555485385843764,0.18600167149902117,0.7543086862461374,0.44024650330619525,0.9517373816209868,0.0
172,0,0,0.12147731875469554,0.931311698862097,0.018315299497113524,0.3855410713381898,0.5697830212122929,0.676131791053388,0.9517373816209868,0.0
173,0,1,0.483553592330115,0.13234847145323053,0.01363236179523299,0.6711370084733166,0.3316514621472928,0.07808975508830583,0.9517373816209868,0.0
174,0,0,0.015552266374686012,0.33209160396608944,0.028724346022115967,0.09305609626590382,0.8567021454744421,0.01608956654760469,0.9517373816209868,0.0
175,1,0,0.002258249940451787,0.9813710138090034,0.0028680079006406438,0.0699876514266607,0.7667816299254756,0.025155967747617285,0.9517373816209868,0.0
176,0,0,0.018025588292543235,0.9441627966256926,0.03066367875065532,0.07299641924419856,0.8816825839094025,0.2420254216520332,0.9517373816209868,0.0
177,0,0,0.02988301456228222,0.9399408087348399,0.023444547289259904,0.18889598671700264,0.7513655949706134,0.44527916840033915,0.9517373816209868,0.0
178,0,0,0.12551447998593443,0.9311167628360824,0.01820055361442612,0.39151914425906686,0.5646415380729216,0.681539680750116,0.9517373816209868,0.0
179,0,1,0.49544434867964454,0.13154966682484256,0.013540173225521656,0.6770770932307548,0.32668180858268875,0.07996575429759702,0.9517373816209868,0.0
180,0,0,0.015981493414055182,0.33010275967058833,0.02865784495904799,0.09385076412141023,0.855741008779307,0.01618736014217226,0.9517373816209868,0.0
181,1,0,0.0022566265296105953,0.9812275640103802,0.0028676521807326186,0.07001948474159966,0.7667088408787471,0.024982685950692318,0.9517373816209868,0.0
182,0,0,0.018008966451119546,0.9441348891788663,0.030670230967143212,0.07293781281694454,0.8817577926566186,0.241769478093337,0.9517373816209868,0.0
183,0,0,0.029834933183165734,0.9399394454005959,0.0234520021918129,0.1886999937166662,0.7515645314566048,0.44494295064394557,0.9517373816209868,0.0
184,0,0,0.12524043020166842,0.9311301699381184,0.01820819741137411,0.3911187283943697,0.564985472083799,0.6811806074639983,0.9517373816209868,0.0
185,0,1,0.49465220805771704,0.13160317230758417,0.013546275262614788,0.6766844229344492,0.3270105957264253,0.07984005623050544,0.9517373816209868,0.0
186,0,0,0.01595264204231906,0.330234585322796,0.028662296073072465,0.09379732918625115,0.8558055752469919,0.016180788386234598,0.9517373816209868,0.0
187,1,0,0.002256725159660239,0.9812371214860302,0.0028676760838275014,0.07001734511467408,0.766713732817664,0.02499412470608205,0.9517373816209868,0.0
188,0,0,0.018010060965218126,0.9441367499697398,0.03066979839750932,0.07294168023382624,0.8817528292195941,0.2417864292715224,0.9517373816209868,0.0
189,0,0,0.029838114142305836,0.9399395390932322,0.023451508381027445,0.18871296953381558,0.7515513591604327,0.44496522856622694,0.9517373816209868,0.0
190,0,0,0.1252585697508303,0.9311292831180903,0.01820769083289615,0.39114525558045277,0.5649626848106686,0.681204409240158,0.9517373816209868,0.0
191,0,1,0.4947047056382235,0.13159962755474003,0.01354587069491308,0.6767104594610606,0.3269887962536073,0.0798483832802372,0.9517373816209868,0.0
192,0,0,0.0159545529377231,0.3302258459316006,0.028662001181854267,0.09380086821685178,0.8558012986915275,0.01618122364809204,0.9517373816209868,0.0
193,0,0,0.002256718580390022,0.6460786200873352,0.031004825218778353,0.07001748682500421,0.8855237196701122,0.024993366165670956,0.9517373816209868,0.0
194,0,0,0.004715691641863291,0.8485304625199273,0.030669827082400708,0.07294142376720958,0.8817531583665441,0.08177234771772722,0.9517373816209868,0.0
195,1,0,0.010675471415394315,0.996904850903203,0.0026387312677075368,0.09462177631476787,0.7144044799190419,0.20269062503883598,0.9517373816209868,0.0
196,0,0,0.054399570509298105,0.9456334287368824,0.024617810178467273,0.16058608780571249,0.7806759149452384,0.44721853755291163,0.9517373816209868,0.0
197,0,0,0.11539313082697772,0.9343018348170827,0.018156524150882328,0.3938316567501946,0.5626564554032691,0.6882675530402308,0.9517373816209868,0.0
198,0,0,0.5079451857557742,0.9141858450025684,0.013426340773266402,0.6843878897248553,0.32055313692083987,0.873352235540649,0.9517373816209868,0.0
199,0,1,0.8694866230602584,0.09510266128727593,0.010639875148660409,0.8454608366937844,0.17924020568419718,0.17269227579856328,0.9517373816209868,0.0
200,0,0,0.041202273311878784,0.2668649517756942,0.025550870859489355,0.14138117130853992,0.8013024566109521,0.022069980669450033,0.9517373816209868,0.0
201,1,0,0.0024654515831323254,0.975476517344186,0.0028463351273400567,0.07195916196251852,0.7623012953458927,0.020310356249137462,0.9517373816209868,0.0
202,0,0,0.017655313788153333,0.942968193869193,0.030847415379826326,0.07137382234872226,0.8837701438194431,0.23365220001650133,0.9517373816209868,0.0
203,0,0,0.02837035082071474,0.9398208169398109,0.023689639108785243,0.18256488605294063,0.7578183917877016,0.43404419592563925,0.9517373816209868,0.0
204,0,0,0.116693648978797,0.9315324081016705,0.018457690402427146,0.3782210339514177,0.576098680702211,0.6693634266890806,0.9517373816209868,0.0
205,0,1,0.468805857768521,0.13332542474597447,0.013748615002649681,0.6636249180874925,0.3379245036695073,0.07579239277181662,0.9517373816209868,0.0
206,0,0,0.015030665117327672,0.33458962698718386,0.028805987711377237,0.09209116889459851,0.8578718903266209,0.015970523250522915,0.9517373816209868,0.0
207,1,0,0.002260679244637048,0.9815489887568137,0.0028684409747875045,0.06994891906932273,0.766870214073296,0.025375731495127087,0.9517373816209868,0.0
208,0,0,0.018046779882345085,0.9441973608556594,0.030655370885456345,0.07307080894295066,0.881587141233153,0.2423475223955425,0.9517373816209868,0.0
209,0,0,0.029943683473052585,0.9399423724516656,0.02343516870429263,0.1891428625451953,0.7511150852578434,0.4457018404812919,0.9517373816209868,0.0
210,0,0,0.12585987292934286,0.9310998389991257,0.018190948775773524,0.3920227293960686,0.5642090773551195,0.6819906555585978,0.9517373816209868,0.0
211,0,1,0.49643971890893435,0.1314823788411467,0.013532513268302715,0.6775699102572904,0.3262691126188285,0.08012385567890108,0.9517373816209868,0.0
212,0,0,0.01601780087924515,0.3299372458933396,0.02865224735869417,0.09391801262829096,0.8556597637936656,0.016195630375671916,0.9517373816209868,0.0
213,1,0,0.0022565045608544925,0.9812155540654305,0.002867622100138853,0.07002217744338096,0.766702684511408,0.024968333512578142,0.9517373816209868,0.0
214,0,0,0.01800759374042109,0.9441325506010815,0.030670773729382816,0.07293296055786876,0.8817640201264183,0.24174819770332204,0.9517373816209868,0.0
215,0,0,0.029830940529403837,0.9399393270847916,0.023452622132770995,0.18868370493630449,0.7515810672028056,0.4449149810095015,0.9517373816209868,0.0
216,0,0,0.12521766008238822,0.9311312830153169,0.01820883343348552,0.3910854247769226,0.56501408081265,0.6811507227459142,0.9517373816209868,0.0
217,0,1,0.49458629602601467,0.13160762258685,0.013546783241232822,0.6766517307876014,0.3270379674769745,0.07982960207942419,0.9517373816209868,0.0
218,0,0,0.015950243100155494,0.33024555843162257,0.028662666296880503,0.0937928862982498,0.8558109440768943,0.016180241957605146,0.9517373816209868,0.0
219,0,0,0.0022567334286732114,0.6460963634923542,0.031004862734850612,0.07001716721161018,0.8855241338257921,0.02499507716491984,0.9517373816209868,0.0
220,1,0,0.004715939275033679,0.9938076941691275,0.002835794248223328,0.07294200226648863,0.760088448909907,0.08177804843406437,0.9517373816209868,0.0
221,0,0,0.025207438732682157,0.9462320718326704,0.028593744040971262,0.09462421820194993,0.854807426299418,0.3064820347975173,0.9517373816209868,0.0
222,0,0,0.04554439043674255,0.9388665371074377,0.021638962387385195,0.24325488224097713,0.6979716689033754,0.5260229078712575,0.9517373816209868,0.0
223,0,0,0.21054210208643184,0.9269990238592767,0.01645324992238992,0.49069798860000785,0.48100604716389034,0.760005273951244,0.9517373816209868,0.0
224,0,1,0.6694916213123951,0.11859735177139863,0.01226977348826388,0.7563367365109143,0.2592665659658188,0.11167794556670813,0.9517373816209868,0.0
225,0,0,0.02368053452548259,0.3024714036519721,0.02755606195893242,0.10823120730748778,0.8386719722654178,0.01796865400904888,0.9517373816209868,0.0
226,0,0,0.0022731526696661048,0.6198745853407986,0.03093658999528336,0.07060167083267876,0.8847674718774076,0.022738371358517997,0.9517373816209868,0.0
227,0,0,0.004372235023744455,0.8364100062849876,0.030755216682726776,0.07218266059759716,0.8827281476048177,0.07382984871189012,0.9517373816209868,0.0
228,1,0,0.009911165015016932,0.996775775299772,0.002665453977627154,0.0912740009985969,0.7211005574619787,0.18928863917172747,0.9517373816209868,0.0
229,0,0,0.04972593287730235,0.9457878687511398,0.025030485323404444,0.15175737476175782,0.7900762494616549,0.430913394757511,0.9517373816209868,0.0
230,0,0,0.10373346456076277,0.9349321010605083,0.018529978461884297,0.3745467626221108,0.579277417796277,0.6709897954576673,0.9517373816209868,0.0
231,0,0,0.4697800855721156,0.9159353290955746,0.013720591628926554,0.6654377421842732,0.3364118398469249,0.8639630667611224,0.9517373816209868,0.0
232,0,1,0.8568139378048554,0.09735379725819934,0.010766334279609267,0.8392270887003912,0.18506089545309323,0.1671379644896679,0.9517373816209868,0.0
233,0,0,0.039431255292447634,0.26968565642008235,0.025727370219069515,0.1380433686839847,0.8049572238535729,0.021670628381270506,0.9517373816209868,0.0
234,1,0,0.0024417986651659473,0.9757972627450435,0.002847777261311923,0.0718259300718787,0.7626023146022461,0.020485739595177604,0.9517373816209868,0.0
235,0,0,0.017663539599823957,0.9430352552128689,0.030840746614084542,0.07143196588934164,0.88369514731141,0.23402498469277747,0.9517373816209868,0.0
236,0,0,0.028435048712771412,0.9398298555724778,0.023678674379021696,0.1828432131611811,0.7575335445403922,0.4345560144352799,0.9517373816209868,0.0
237,0,0,0.11708061086329057,0.9315149912500762,0.018445899206722828,0.37882304273132666,0.5755784189610521,0.6699262534973538,0.9517373816209868,0.0
238,0,1,0.470026079093178,0.13324512436231803,0.013738910756618719,0.6642528189277012,0.33740064884321236,0.07598129150582532,0.9517373816209868,0.0
239,0,0,0.015073386361579733,0.3343815224306909,0.028799266303209118,0.09217016880466902,0.8577760104074786,0.01598028043069532,0.9517373816209868,0.0
240,0,0,0.002260460473556757,0.6497968850735258,0.031012505337625347,0.06995209295478529,0.8856084664206122,0.025357332910122096,0.9517373816209868,0.0
241,1,0,0.00476803702149124,0.9938864613892678,0.0028344915350178137,0.07306457837200009,0.7598134222265054,0.0829769345182636,0.9517373816209868,0.0
242,0,0,0.02538803769448874,0.9462394654440724,0.028551415891556114,0.09513901331567924,0.854187081378111,0.30779689499907104,0.9517373816209868,0.0
243,0,0,0.04594306986478301,0.9388332147702096,0.021603582262749676,0.24446713417189092,0.6968168637239869,0.5276371890228001,0.9517373816209868,0.0
244,0,0,0.2126630243053992,0.9269031111865078,0.016420053877003352,0.4927152821487674,0.47932914016563083,0.7614231013324505,0.9517373816209868,0.0
245,0,1,0.672517501977286,0.1183418186349271,0.012247935737248961,0.7576408287595693,0.258134978541874,0.1123331402559661,0.9517373816209868,0.0
246,0,0,0.023848687769588144,0.3019965001210887,0.027533737922246837,0.1085478011757019,0.8383026994713196,0.01800822881636239,0.9517373816209868,0.0
247,1,0,0.0022742444549506565,0.9790010609775904,0.0028610368805271633,0.0706146558514115,0.7653506589282136,0.022702547237840313,0.9517373816209868,0.0
248,0,0,0.017804974736076538,0.9436944763664091,0.030756575085982365,0.07217066539372821,0.8827435804334395,0.23818469756159283,0.9517373816209868,0.0
249,0,0,0.029173538323240107,0.9399069883505974,0.023556660019006692,0.18597128060835633,0.7543396500930114,0.4401928108952851,0.9517373816209868,0.0
250,0,0,0.12143500106944745,0.9313137062938429,0.0183165275154868,0.3854774748592466,0.5698377955577403,0.6760736994669581,0.9517373816209868,0.0
251,0,1,0.4834263484921415,0.13235696671222646,0.013633355438258126,0.671072897699709,0.3317050528985032,0.07806979975150562,0.9517373816209868,0.0
252,0,0,0.015547716472838624,0.33211300485527895,0.028725054210068823,0.09304767578901463,0.8567123405337032,0.0160885293232596,0.9517373816209868,0.0
253,0,0,0.0022582689434655413,0.6477726232687643,0.03100836779895452,0.06998731386596538,0.8855628198070831,0.02515784050677316,0.9517373816209868,0.0
254,1,0,0.0047394271528643115,0.9938435011270091,0.0028352088587358625,0.07299705287552197,0.7599649046967041,0.08231865862124728,0.9517373816209868,0.0
255,0,0,0.025288690939290523,0.9462354684261719,0.028574649598059592,0.09485604374302144,0.854527967640271,0.3070747866765457,0.9517373816209868,0.0
256,0,0,0.045723681197543053,0.93885154291025,0.021623005671513318,0.24380087189414593,0.6974513802430029,0.52675077125224,0.9517373816209868,0.0
257,0,0,0.21149621854029885,0.9269558402148365,0.0164382739931468,0.4916075327124342,0.4802498911670493,0.7606452922618584,0.9517373816209868,0.0
258,0,1,0.6708586125374663,0.11848209979678634,0.012259911000449453,0.756926002233268,0.25875535962215096,0.11197333328456455,0.9517373816209868,0.0
259,0,0,0.023756297064615708,0.30225691931850185,0.027545995222635244,0.10837383980787257,0.8385055738451724,0.01798648212541525,0.9517373816209868,0.0
260,0,0,0.002273641660826592,0.6196609535205222,0.030935910139020778,0.07060752020080549,0.8847599071007336,0.022722180064229734,0.9517373816209868,0.0
261,0,0,0.004369612481184572,0.8363078769513733,0.030755830627988145,0.07217723894233304,0.8827351229409703,0.07376884598278843,0.9517373816209868,0.0
262,1,0,0.009905300822863797,0.9967746613567902,0.002665660263601273,0.09124870538791006,0.7211516129436512,0.1891831076491034,0.9517373816209868,0.0
263,0,0,0.04969099699323445,0.9457890099641979,0.025033761458679707,0.15168946342164383,0.7901490830103369,0.4307854568027193,0.9517373816209868,0.0
264,0,0,0.10364657231944405,0.9349369295384627,0.01853293836169476,0.3743969199757307,0.5794071767990469,0.6708522409670056,0.9517373816209868,0.0
265,0,0,0.4694795579511112,0.9159487853050255,0.013722959598700814,0.6652846057415251,0.3365396482328674,0.863885931088651,0.9517373816209868,0.0
266,0,1,0.8567066588038156,0.09737197204199317,0.010767379323401752,0.8391750442457161,0.185109314140124,0.16709244534853054,0.9517373816209868,0.0
267,0,0,0.03941690934331762,0.2697088587383327,0.025728821573583888,0.13801628989424758,0.8049869641748935,0.02166736284675396,0.9517373816209868,0.0
268,0,0,0.002441608499861291,0.5846390510426822,0.030795853011295993,0.07182484156309822,0.8831887717954207,0.020487190291600326,0.9517373816209868,0.0
269,1,0,0.003973831917532112,0.9923351203509776,0.0028520551522438486,0.07143244701024491,0.7634928105481678,0.06449865964971692,0.9517373816209868,0.0
270,0,0,0.02277105797010865,0.9460523138627275,0.0292106196474255,0.08747730402616932,0.8635068529249491,0.28762336215834633,0.9517373816209868,0.0
271,0,0,0.040201052294804876,0.9393154594526242,0.022152686169274224,0.2263197122544676,0.7142554441115323,0.5027562135807218,0.9517373816209868,0.0
272,0,0,0.181903393415328,0.9283255673440851,0.016939098422852655,0.46168878755289916,0.5052041459729177,0.7389126841435624,0.9517373816209868,0.0
273,0,1,0.6235818854457661,0.12230726660185398,0.012599224343288388,0.736379791244032,0.2764774620239391,0.1022842837946577,0.9517373816209868,0.0
274,0,0,0.021311320400188245,0.3096410262726208,0.02787806626861468,0.10378066828114223,0.8438916534179668,0.017413576836276017,0.9517373816209868,0.0
275,0,0,0.0022604885664030032,0.6269065007233575,0.03095776451016264,0.07041977502092416,0.8850027846921954,0.023290691040126738,0.9517373816209868,0.0
276,1,0,0.004460117804685003,0.9933822362342615,0.002841931433017534,0.07236782991363296,0.7613795344144361,0.07587055829433222,0.9517373816209868,0.0
277,0,0,0.024339602897302748,0.946187480240976,0.028803206235608517,0.09212385135184044,0.8578322221510627,0.3000193671160537,0.9517373816209868,0.0
278,0,0,0.043635545970665615,0.9390268577150109,0.02181368445779593,0.2373560319230952,0.7036111475563426,0.5180734436922553,0.9517373816209868,0.0
279,0,0,0.20035396961634191,0.9274639968040801,0.016617687539018617,0.4807695755238489,0.48926943358855574,0.7529367902209909,0.9517373816209868,0.0
280,0,1,0.6542817125473388,0.11985960040035168,0.012379219144683377,0.7497645731344253,0.26495592943016993,0.10845631784101685,0.9517373816209868,0.0
281,0,0,0.02285927816774626,0.3048521890720001,0.02766608654112532,0.10668627760007257,0.8404778040113866,0.0177756852169885,0.9517373816209868,0.0
282,1,0,0.0022681692878781428,0.9792469226290911,0.0028618808738749015,0.07053838681788838,0.7655244176678354,0.022919394608367876,0.9517373816209868,0.0
283,0,0,0.017822625685466834,0.9437438497347603,0.030748353408995167,0.07224330181401636,0.8826501368727797,0.23854762620163417,0.9517373816209868,0.0
284,0,0,0.02923945899666482,0.939911556147086,0.02354604359861977,0.18624614867560532,0.7540596462154183,0.44067772823490853,0.9517373816209868,0.0
285,0,0,0.1218177678638104,0.9312955169691243,0.018305439727027244,0.3860519813297944,0.5693430449964827,0.6765980349367973,0.9517373816209868,0.0
286,0,1,0.484575248249158,0.13228021998733788,0.01362438938892648,0.6716513314369882,0.3312215001205297,0.07825006680199618,0.9517373816209868,0.0
287,0,0,0.015588830301224725,0.3319198659685353,0.028718657390667823,0.09312376720116194,0.8566202212827229,0.016097901226951768,0.9517373816209868,0.0
288,1,0,0.002258098598574628,0.9813586889340448,0.002867977581895265,0.0699903639708284,0.7667754269311204,0.02514094547521871,0.9517373816209868,0.0
289,0,0,0.018024144019452654,0.9441604006282843,0.030664246726537604,0.07299133677592155,0.8816891056004869,0.2420033035265442,0.9517373816209868,0.0
290,0,0,0.029878855034661787,0.9399406952018042,0.023445191435573335,0.18887904323517607,0.7513827908667493,0.44525012592557034,0.9517373816209868,0.0
291,0,0,0.1254907832383705,0.9311179228866857,0.018201213760973986,0.39148455058377746,0.5646712495372482,0.681508676012955,0.9517373816209868,0.0
292,0,1,0.495375936384692,0.1315542893087494,0.013540700008380308,0.6770431973476166,0.3267101915031899,0.07995489425043593,0.9517373816209868,0.0
293,0,0,0.015979000199619488,0.33011414093915104,0.028658229499408775,0.09384614637925552,0.8557465881341029,0.01618679223599899,0.9517373816209868,0.0
294,0,0,0.0022566349930721263,0.6459780536775649,0.03100461241165373,0.07001929984078542,0.8855213703690038,0.024983673260033822,0.9517373816209868,0.0
295,0,0,0.004714288494610609,0.8484854581471255,0.03067019363067692,0.072938146616512,0.8817573642563075,0.08174004566918562,0.9517373816209868,0.0
296,1,0,0.010672354602565118,0.9969043830326835,0.0026388394056812564,0.09460794088109871,0.7144319074758091,0.20263735124621732,0.9517373816209868,0.0
297,0,0,0.05438003281165403,0.9456340792750023,0.0246194373879664,0.16055018499612278,0.7807138742029822,0.44715351678117904,0.9517373816209868,0.0
298,0,0,0.11534426101724594,0.9343044079655117,0.01815799862115982,0.3937540479436633,0.562723041689851,0.6881996713450573,0.9517373816209868,0.0
299,0,0,0.5077938781575786,0.9141929567831834,0.013427484572318005,0.6843145725309481,0.320614669375122,0.873316496403527,0.9517373816209868,0.0
300,0,1,0.8694398357384978,0.09511138341839585,0.010640353708536797,0.8454374874441442,0.1792620878500297,0.17267110556429538,0.9517373816209868,0.0
301,0,0,0.04119544424049831,0.2668756802719518,0.025551541342404727,0.14136832225420834,0.8013164840090385,0.022068456625132175,0.9517373816209868,0.0
302,0,0,0.002465359850847348,0.581344092276677,0.030780628579577668,0.0719586530778482,0.8830164517309735,0.020311020023563036,0.9517373816209868,0.0
303,0,0,0.003939548687966217,0.8170961546228515,0.03084739013787598,0.07137404232255172,0.8837698600588929,0.06369456998621478,0.9517373816209868,0.0
304,1,0,0.008932930987385033,0.9965572283595797,0.00269994665187558,0.08715690346178401,0.7295040128973405,0.1711007026130045,0.9517373816209868,0.0
305,0,0,0.044102438030577985,0.945966821749523,0.025601325407390168,0.14041789989124923,0.8023549567026782,0.40898936331787084,0.9517373816209868,0.0
306,0,0,0.08981925936121735,0.935734118325967,0.01904402953651644,0.3492403372144435,0.6013395629455196,0.6469908301577872,0.9517373816209868,0.0
307,0,0,0.4184163877125798,0.918178930711482,0.014139884998479341,0.638215500540542,0.3590595375117321,0.8499199166311986,0.9517373816209868,0.0
308,0,1,0.8364347116906331,0.10058577461075811,0.010958255650250392,0.8295261475957253,0.1940376773419829,0.15890844108093494,0.9517373816209868,0.0
309,0,0,0.036880031552449025,0.2739239129169935,0.025991063911066186,0.13321984133014436,0.810278268435791,0.021083765828165124,0.9517373816209868,0.0
310,1,0,0.0024085182084154235,0.9762669394322466,0.002849897851214938,0.07163055395305651,0.7630441966350311,0.020753367269544524,0.9517373816209868,0.0
311,0,0,0.017676452525653672,0.9431333376231005,0.03083057304559415,0.07152077477553738,0.8835806247811119,0.23458112552062885,0.9517373816209868,0.0
312,0,0,0.028531993561370744,0.9398428099377173,0.02366232579167635,0.18325904900512016,0.7571081704072942,0.4353179958565074,0.9517373816209868,0.0
313,0,0,0.11765918916399089,0.9314888446651943,0.018428358487855817,0.3797199883950458,0.5748035574397965,0.6707628511248501,0.9517373816209868,0.0
314,0,1,0.4718418982906842,0.13312548661119533,0.013724498640858894,0.6651850712933868,0.336622717389637,0.0762628039760921,0.9517373816209868,0.0
315,0,0,0.015137107814637653,0.334072344876431,0.02878925233033908,0.09228801397250493,0.8576330221298867,0.01599483421497421,0.9517373816209868,0.0
316,0,0,0.0022601411338924256,0.6495217624239422,0.031011949025133878,0.0699568273614742,0.8856023302739106,0.02533002940572075,0.9517373816209868,0.0
317,0,0,0.004764132690536206,0.8500644600207757,0.030657098410345127,0.07305533310527297,0.881606994988399,0.08288711539522321,0.9517373816209868,0.0
318,1,0,0.010783104675096852,0.9969207481393106,0.002635002052896268,0.09510035878918745,0.7134569664957062,0.20452369441945178,0.9517373816209868,0.0
319,0,0,0.05507665286171057,0.945610871516261,0.024561884218573467,0.16182540669079182,0.7793669174216749,0.4494566977018731,0.9517373816209868,0.0
320,0,0,0.11708729712901136,0.9342129632545566,0.018105841175016735,0.39650636732962175,0.5603630459619509,0.6905991162885353,0.9517373816209868,0.0
321,0,0,0.513147314006147,0.9139403865820482,0.013387112479041945,0.6869005613323581,0.318443451055286,0.874574354339002,0.9517373816209868,0.0
322,0,1,0.8710798754090533,0.09480365729384985,0.010623523345953343,0.8462575431107399,0.17849318939747388,0.17341620256964577,0.9517373816209868,0.0
323,0,0,0.041436168990955195,0.2664980950725246,0.025527953667087072,0.1418211384678874,0.8008223344964098,0.02212209663017801,0.9517373816209868,0.0
324,1,0,0.002468595050636918,0.9754343574720094,0.0028461469808234844,0.07197656569415477,0.762261992595542,0.02028767170412896,0.9517373816209868,0.0
325,0,0,0.017654246024202777,0.9429593796750118,0.030848278037553196,0.07136630510136079,0.8837798409977135,0.23360355409142708,0.9517373816209868,0.0
326,0,0,0.028361924306119324,0.9398196201461951,0.023691070298591296,0.18252859049488618,0.7578555456624423,0.4339773583352763,0.9517373816209868,0.0
327,0,0,0.11664321237257791,0.9315346752350889,0.018459230742346962,0.37814244620876797,0.5761666084558463,0.6692898782971084,0.9517373816209868,0.0
328,0,1,0.46864648423807476,0.13333590802677567,0.013749883621441127,0.6635428232560103,0.3379929887450048,0.07576773760987489,0.9517373816209868,0.0
329,0,0,0.015025091273140539,0.33461682828304573,0.02880686510539535,0.0920808622749096,0.8578844006444898,0.015969250316205896,0.9517373816209868,0.0
330,0,0,0.0022607080733651956,0.6500061076669391,0.031012926965705578,0.06994850500994995,0.8856131167315257,0.02537813762433523,0.9517373816209868,0.0
331,0,0,0.004771009570880637,0.8502791839034877,0.030655279937126318,0.07307162380042709,0.8815860958903514,0.0830453139266292,0.9517373816209868,0.0
332,1,0,0.010798390644651136,0.9969229655782853,0.002634473259908756,0.0951684504795471,0.7133223509790055,0.20478298407299683,0.9517373816209868,0.0
333,0,0,0.05517318669465467,0.9456076536902465,0.024553983435934238,0.1620013313741898,0.7791813068519681,0.4497734258700493,0.9517373816209868,0.0
334,0,0,0.11732892867768695,0.9342003398657964,0.01809868011387095,0.3968853773097687,0.560038288696572,0.6909282630171272,0.9517373816209868,0.0
335,0,0,0.5138824643756906,0.9139055483896336,0.013381583736252783,0.6872543973562314,0.31814622306030105,0.87474603254132,0.9517373816209868,0.0
336,0,1,0.8713026516362304,0.09476153737684562,0.010621228304537796,0.8463691914945805,0.1783884470696181,0.1735178937116623,0.9517373816209868,0.0
337,0,0,0.04146908282373792,0.26644656146084333,0.025524736056490988,0.14188303281695402,0.8007548212110602,0.02212941732275983,0.9517373816209868,0.0
338,1,0,0.0024690376364852164,0.9754284273430676,0.0028461205530071533,0.07197901069516142,0.7622564714074906,0.02028448709602814,0.9517373816209868,0.0
339,0,0,0.017654095872000133,0.942958139950732,0.030848399145082365,0.07136524983842223,0.8837812022961887,0.23359671761706527,0.9517373816209868,0.0
340,0,0,0.02836074037377536,0.9398194516717788,0.023691271438179173,0.1825234901334495,0.7578607667860933,0.4339679645286925,0.9517373816209868,0.0
341,0,0,0.11663612542534738,0.9315349937514049,0.018459447242236568,0.37813140146929747,0.5761761552507075,0.6692795404192032,0.9517373816209868,0.0
342,0,1,0.46862408436566366,0.13333738136710976,0.013750061946300443,0.6635312833086744,0.338002615473455,0.0757642726589297,0.9517373816209868,0.0
343,0,0,0.015024307984080828,0.3346206518005774,0.02880698841338573,0.09207941390139796,0.8578861587275379,0.015969071433805326,0.9517373816209868,0.0
344,0,0,0.0022607121300205453,0.6500095061608545,0.031012933803562764,0.06994844682336299,0.8856131921472266,0.025378475862403434,0.9517373816209868,0.0
345,1,0,0.004771057879951109,0.9938909560501521,0.0028344155209699866,0.07307173834848725,0.7597973637156837,0.08304642517734821,0.9517373816209868,0.0
346,0,0,0.02539855158856258,0.9462398785924137,0.028548964303893785,0.09516892893749092,0.8541510572123263,0.3078731463332706,0.9517373816209868,0.0
347,0,0,0.0459662987474461,0.9388312754699181,0.021601532235919076,0.24453756026575124,0.6967498178157666,0.5277307721498596,0.9517373816209868,0.0
348,0,0,0.2127865203736977,0.9268975354591713,0.0164181314563617,0.4928322366231804,0.479231940410479,0.7615051137938541,0.9517373816209868,0.0
349,0,0,0.6726922607624259,0.903455775416597,0.012246673734740593,0.7577161169386748,0.2580696218954732,0.9056704986423194,0.9517373816209868,0.0
350,0,0,0.9077185240153306,0.8673566397693462,0.010215724107336363,0.8654164470054323,0.1602991994975092,0.946828870171648,0.9517373816209868,0.0
351,0,0,0.9426112064632812,0.8374661272786139,0.009699703619263398,0.8876359326502794,0.1385609925516553,0.9499809839808759,0.9517373816209868,0.0
352,0,0,0.9440776997542252,0.8194334480514811,0.009661265212627229,0.8891982889915231,0.1370025854903547,0.945097759806381,0.9517373816209868,0.0
353,1,0,0.9405629467682692,0.9918659540986701,0.0008815242130293436,0.8867697410602047,0.06440114155643815,0.940091412987109,0.9517373816209868,0.0
354,0,0,0.9701090957469335,0.8839317752817976,0.009782371931465436,0.88423188772425,0.1419418794989769,0.9672284861451932,0.9517373816209868,0.0
355,0,0,0.9534181662611526,0.8424879688421018,0.00945359635786095,0.89741397508157,0.12873486398240014,0.9571869422085714,0.9517373816209868,0.0
356,0,0,0.9486072553807197,0.8204597452567317,0.00957395791363281,0.8926986497790592,0.13349531206620363,0.9478554654579615,0.9517373816209868,0.0
357,0,1,0.9422618065229608,0.0575246192706366,0.009687168218247305,0.888146869676665,0.1380518164484247,0.17392777899614525,0.9517373816209868,0.0
358,0,0,0.04437962502123435,0.2340086795126229,0.025511770875084366,0.14213273825012251,0.8004825219350278,0.019299632203056166,0.9517373816209868,0.0
359,0,0,0.0022414174535701687,0.5532357851732479,0.030885874304264236,0.07103959510774877,0.8842015262910233,0.01772772581166203,0.9517373816209868,0.0
360,0,0,0.003599966621298721,0.80229665333334,0.030945778954513774,0.0705226666908932,0.8848696595082084,0.05692085099852401,0.9517373816209868,0.0
