,2931-0,17642-0,2931-2931,17642-2931,67363-2931,-1-2931,2931-17642,67363-17642
0,0.0,0.0,0.0,0.0,0.0,0.0,0.0,0.0
1,0.027184372356234512,0.02009602086219755,0.027184372356234512,0.02009602086219755,0.007028654308365936,0.04000000000000001,0.027184372356234512,0.007028654308365936
2,0.05571276844442925,0.04361807398570022,0.05571276844442925,0.04361807398570022,0.006463744801389595,0.07800000000000001,0.05571276844442925,0.006463744801389595
3,0.07413116359952732,0.04229905253603489,0.07413116359952732,0.04229905253603489,0.016134787096642532,0.11410000000000002,0.07413116359952732,0.016134787096642532
4,0.11288370466851042,0.07942548940082214,0.11288370466851042,0.07942548940082214,0.01992110340796461,0.14839500000000003,0.11288370466851042,0.01992110340796461
5,0.1377206631481099,0.09580221198140897,0.1377206631481099,0.09580221198140897,0.017399985342384884,0.18097525000000003,0.1377206631481099,0.017399985342384884
6,0.1309741976118493,0.08475035645803038,0.1309741976118493,0.08475035645803038,0.025692342589345628,0.21192648750000004,0.1309741976118493,0.025692342589345628
7,0.14084296882934463,0.0735624404203818,0.14084296882934463,0.0735624404203818,0.027064060426543766,0.24133016312500002,0.14084296882934463,0.027064060426543766
8,0.16038773866007366,0.0984374850967666,0.16038773866007366,0.0984374850967666,0.027615418704954653,0.26926365496875004,0.16038773866007366,0.027615418704954653
9,0.17300116570807464,0.11027282795267332,0.17300116570807464,0.11027282795267332,0.02329696031804671,0.2958004722203126,0.17300116570807464,0.02329696031804671
10,0.1554699618385875,0.09476453971864629,0.1554699618385875,0.09476453971864629,0.02981561120607628,0.32101044860929695,0.1554699618385875,0.02981561120607628
11,0.15888533550249265,0.09126404957116299,0.15888533550249265,0.09126404957116299,0.0325670059025689,0.3449599261788321,0.15888533550249265,0.0325670059025689
12,0.16340264713612138,0.09575685541098855,0.16340264713612138,0.09575685541098855,0.02675196646255423,0.36771192986989043,0.16340264713612138,0.02675196646255423
13,0.1509218032374826,0.07569842723533553,0.1509218032374826,0.07569842723533553,0.029978195276923775,0.3893263333763959,0.1509218032374826,0.029978195276923775
14,0.16617998517471913,0.10187640469522503,0.16617998517471913,0.10187640469522503,0.029588924452458986,0.4098600167075761,0.16617998517471913,0.029588924452458986
15,0.1768477729385051,0.11223715617531549,0.1768477729385051,0.11223715617531549,0.024888420198701997,0.4293670158721973,0.1768477729385051,0.024888420198701997
16,0.14241964943199362,0.08510116255184319,0.14241964943199362,0.08510116255184319,0.02896346476294727,0.44789866507858744,0.14241964943199362,0.02896346476294727
17,0.16043137325565418,0.10858371544260026,0.16043137325565418,0.10858371544260026,0.028863265717781566,0.4655037318246581,0.16043137325565418,0.028863265717781566
18,0.1725399617004371,0.1170562086144448,0.1725399617004371,0.1170562086144448,0.024339365271870812,0.4822285452334252,0.1725399617004371,0.024339365271870812
19,0.13959184705280098,0.08831716987219967,0.13959184705280098,0.08831716987219967,0.028597259461064815,0.49811711797175395,0.13959184705280098,0.028597259461064815
20,0.15834581411147347,0.11071085623566389,0.15834581411147347,0.11071085623566389,0.028607792786118667,0.5132112620731663,0.15834581411147347,0.028607792786118667
21,0.1710079949727675,0.10599474477615181,0.1710079949727675,0.10599474477615181,0.03158085003527244,0.5275506989695079,0.1710079949727675,0.03158085003527244
22,0.17056668735478284,0.09251167493454485,0.17056668735478284,0.09251167493454485,0.03292649759761121,0.5411731640210325,0.17056668735478284,0.03292649759761121
23,0.17326405100551018,0.0870928142560161,0.17326405100551018,0.0870928142560161,0.03417928227179558,0.5541145058199809,0.17326405100551018,0.03417928227179558
24,0.17436713185975533,0.08213832925859876,0.17436713185975533,0.08213832925859876,0.034995917576273454,0.5664087805289819,0.17436713185975533,0.034995917576273454
25,0.17542694788659996,0.0790108739948611,0.17542694788659996,0.0790108739948611,0.035627252902699066,0.5780883415025329,0.17542694788659996,0.035627252902699066
26,0.17613647426647305,0.06647391888830204,0.17613647426647305,0.06647391888830204,0.03335957926269465,0.5891839244274062,0.17613647426647305,0.03335957926269465
27,0.18670592313843343,0.0896876537547515,0.18670592313843343,0.0896876537547515,0.02740606459103692,0.5997247282060358,0.18670592313843343,0.02740606459103692
28,0.1641951005705604,0.09282685621656533,0.1641951005705604,0.09282685621656533,0.03270885630347942,0.609738491795734,0.1641951005705604,0.03270885630347942
29,0.16551163603427474,0.09011394850861859,0.16551163603427474,0.09011394850861859,0.034726287942963854,0.6192515672059473,0.16551163603427474,0.034726287942963854
30,0.1682290685091148,0.07306507204489981,0.1682290685091148,0.07306507204489981,0.032648061085431404,0.62828898884565,0.1682290685091148,0.032648061085431404
31,0.18099733970486068,0.09674254425767705,0.18099733970486068,0.09674254425767705,0.03423173872622472,0.6368745394033675,0.18099733970486068,0.03423173872622472
32,0.1760904882755394,0.08356636226527682,0.1760904882755394,0.08356636226527682,0.027888630440753136,0.6450308124331992,0.1760904882755394,0.027888630440753136
33,0.18385707716471092,0.1063342120168822,0.18385707716471092,0.1063342120168822,0.028084178840737183,0.6527792718115392,0.18385707716471092,0.028084178840737183
34,0.1900058718139687,0.11573949167400667,0.1900058718139687,0.11573949167400667,0.02369847285881661,0.6601403082209623,0.1900058718139687,0.02369847285881661
35,0.1672010593663719,0.11068230940380654,0.1672010593663719,0.11068230940380654,0.024457512092912463,0.6671332928099142,0.1672010593663719,0.024457512092912463
36,0.1560474954287134,0.0862324989007278,0.1560474954287134,0.0862324989007278,0.027996018088822495,0.6737766281694185,0.1560474954287134,0.027996018088822495
37,0.1699500089778,0.10581557638845258,0.1699500089778,0.10581557638845258,0.02316900673130899,0.6800877967609475,0.1699500089778,0.02316900673130899
38,0.15090216552859712,0.11627859766573473,0.15090216552859712,0.11627859766573473,0.024326925588433832,0.6860834069229002,0.15090216552859712,0.024326925588433832
39,0.14421551776181224,0.10155319697449336,0.14421551776181224,0.10155319697449336,0.029822814620172403,0.6917792365767551,0.14421551776181224,0.029822814620172403
40,0.15538571049006888,0.09542030133826285,0.15538571049006888,0.09542030133826285,0.0323736312516147,0.6971902747479174,0.15538571049006888,0.0323736312516147
41,0.16092699558626258,0.09894873114858029,0.16092699558626258,0.09894873114858029,0.02661522753729851,0.7023307610105215,0.16092699558626258,0.02661522753729851
42,0.1485823434888711,0.10012586776918311,0.1485823434888711,0.10012586776918311,0.026078235455858873,0.7072142229599955,0.1485823434888711,0.026078235455858873
43,0.1415676538320816,0.10136192480604435,0.1415676538320816,0.10136192480604435,0.025250347623406458,0.7118535118119957,0.1415676538320816,0.025250347623406458
44,0.1364109156312776,0.10234832851067731,0.1364109156312776,0.10234832851067731,0.024660822794781663,0.7162608362213959,0.1364109156312776,0.024660822794781663
45,0.13255713394209417,0.09139311835852136,0.13255713394209417,0.09139311835852136,0.03035635611285719,0.7204477944103261,0.13255713394209417,0.03035635611285719
46,0.14680226172492536,0.07742872895488088,0.14680226172492536,0.07742872895488088,0.030182062681189184,0.7244254046898099,0.14680226172492536,0.030182062681189184
47,0.1648388427362425,0.09928242608172155,0.1648388427362425,0.09928242608172155,0.03245632942866218,0.7282041344553194,0.1648388427362425,0.03245632942866218
48,0.16515018570336876,0.09659166887105237,0.16515018570336876,0.09659166887105237,0.028964707382577157,0.7317939277325535,0.16515018570336876,0.028964707382577157
49,0.1695305236924197,0.09027095432156822,0.1695305236924197,0.09027095432156822,0.03129797959493754,0.7352042313459258,0.1695305236924197,0.03129797959493754
50,0.17155267996288906,0.09549120477782533,0.17155267996288906,0.09549120477782533,0.025822615633992962,0.7384440197786295,0.17155267996288906,0.025822615633992962
51,0.15653644127231867,0.07548810962497009,0.15653644127231867,0.07548810962497009,0.02936775767131363,0.741521818789698,0.15653644127231867,0.02936775767131363
52,0.17031791739170285,0.09794084429423705,0.17031791739170285,0.09794084429423705,0.024262580125450663,0.7444457278502131,0.17031791739170285,0.024262580125450663
53,0.1511733000665051,0.11048971015081242,0.1511733000665051,0.11048971015081242,0.025130170006951443,0.7472234414577025,0.1511733000665051,0.025130170006951443
54,0.14441429898620115,0.1094457618441095,0.14441429898620115,0.1094457618441095,0.024201178488715648,0.7498622693848174,0.14441429898620115,0.024201178488715648
55,0.13846090082989737,0.10831050140754807,0.13846090082989737,0.10831050140754807,0.02390793794967012,0.7523691559155765,0.13846090082989737,0.02390793794967012
56,0.13534915636598666,0.08439572524067021,0.13534915636598666,0.08439572524067021,0.027832662889833614,0.7547506981197977,0.13534915636598666,0.027832662889833614
57,0.1547085514394265,0.10761466074242411,0.1547085514394265,0.10761466074242411,0.0280718857088979,0.7570131632138077,0.1547085514394265,0.0280718857088979
58,0.16841742110766664,0.10393611077732745,0.16841742110766664,0.10393611077732745,0.031177880967729305,0.7591625050531173,0.16841742110766664,0.031177880967729305
59,0.16863081498658394,0.09103156924296148,0.16863081498658394,0.09103156924296148,0.03262779044538947,0.7612043798004615,0.16863081498658394,0.03262779044538947
60,0.17185000607275905,0.09741392664221875,0.17185000607275905,0.09741392664221875,0.026919355671677317,0.7631441608104385,0.17185000607275905,0.026919355671677317
61,0.1562784929054002,0.09882178314570783,0.1562784929054002,0.09882178314570783,0.026359150734654155,0.7649869527699166,0.1562784929054002,0.026359150734654155
62,0.14728195868420949,0.08893290424455368,0.14728195868420949,0.08893290424455368,0.03149046450770001,0.7667376051314208,0.14728195868420949,0.03149046450770001
63,0.1576722300841036,0.0758531485197628,0.1576722300841036,0.0758531485197628,0.030969100027997992,0.7684007248748497,0.1576722300841036,0.030969100027997992
64,0.1728181454834224,0.09618568981736694,0.1728181454834224,0.09618568981736694,0.02559510689745693,0.7699806886311071,0.1728181454834224,0.02559510689745693
65,0.13892033778382876,0.0862173721606619,0.13892033778382876,0.0862173721606619,0.029478715844965947,0.7714816541995517,0.13892033778382876,0.029478715844965947
66,0.15804879701750305,0.10950186649859886,0.15804879701750305,0.10950186649859886,0.0292158799595471,0.7729075714895741,0.15804879701750305,0.0292158799595471
67,0.1707579721879918,0.11768963467918957,0.1707579721879918,0.11768963467918957,0.024616828557073936,0.7742621929150955,0.1707579721879918,0.024616828557073936
68,0.15316697420435235,0.1121894724723302,0.15316697420435235,0.1121894724723302,0.0251127679582293,0.7755490832693407,0.15316697420435235,0.0251127679582293
69,0.14549401326154413,0.11049798060694462,0.14549401326154413,0.11049798060694462,0.02433894313371119,0.7767716291058736,0.14549401326154413,0.02433894313371119
70,0.13927259989144106,0.10907586006469248,0.13927259989144106,0.10907586006469248,0.024001747222327605,0.7779330476505799,0.13927259989144106,0.024001747222327605
71,0.13464823943851698,0.10796204339404812,0.13464823943851698,0.10796204339404812,0.0237637704819999,0.7790363952680509,0.13464823943851698,0.0237637704819999
72,0.1327237778277086,0.08418706367852982,0.1327237778277086,0.08418706367852982,0.027729768454694187,0.7800845755046484,0.1327237778277086,0.027729768454694187
73,0.15277226734586666,0.10593011569225591,0.15277226734586666,0.10593011569225591,0.030589257781107576,0.781080346729416,0.15277226734586666,0.030589257781107576
74,0.15594830965598963,0.08917099179843982,0.15594830965598963,0.08917099179843982,0.025566708190695737,0.7820263293929451,0.15594830965598963,0.025566708190695737
75,0.1691630555132228,0.1087804485373085,0.1691630555132228,0.1087804485373085,0.028958200047115443,0.7829250129232979,0.1691630555132228,0.028958200047115443
76,0.16760265410239714,0.0912969347453494,0.16760265410239714,0.0912969347453494,0.024438104570206926,0.783778762277133,0.16760265410239714,0.024438104570206926
77,0.17767562727274014,0.1115153540553652,0.17767562727274014,0.1115153540553652,0.025669991888843065,0.7845898241632763,0.17767562727274014,0.025669991888843065
78,0.18545173636039855,0.09481963487315254,0.18545173636039855,0.09481963487315254,0.026902943799152933,0.7853603329551124,0.18545173636039855,0.026902943799152933
79,0.1919250889665351,0.08461386133050708,0.1919250889665351,0.08461386133050708,0.027670600915589344,0.7860923163073568,0.1919250889665351,0.027670600915589344
80,0.1964951574959899,0.0887785510187778,0.1964951574959899,0.0887785510187778,0.03079967936923908,0.7867877004919889,0.1964951574959899,0.03079967936923908
81,0.1889962831720077,0.08007704424560205,0.1889962831720077,0.08007704424560205,0.03232800264854991,0.7874483154673895,0.1889962831720077,0.03232800264854991
82,0.1868983396357677,0.06815591476577296,0.1868983396357677,0.06815591476577296,0.03112400548500289,0.78807589969402,0.1868983396357677,0.03112400548500289
83,0.19447212462250507,0.0951253025004651,0.19447212462250507,0.0951253025004651,0.030432202581993494,0.788672104709319,0.19447212462250507,0.030432202581993494
84,0.19800064774184045,0.09566040094340142,0.19800064774184045,0.09566040094340142,0.03287239877300744,0.789238499473853,0.19800064774184045,0.03287239877300744
85,0.19024281221852976,0.08507131135804957,0.19024281221852976,0.08507131135804957,0.03386269445558503,0.7897765745001604,0.19024281221852976,0.03386269445558503
86,0.18777499997499014,0.07142019444748295,0.18777499997499014,0.07142019444748295,0.03219207197351406,0.7902877457751524,0.18777499997499014,0.03219207197351406
87,0.195123803234061,0.09528534266410651,0.195123803234061,0.09528534266410651,0.033922225694169986,0.7907733584863947,0.195123803234061,0.033922225694169986
88,0.18735091821891092,0.10538553665781543,0.18735091821891092,0.10538553665781543,0.022986948570479462,0.791234690562075,0.18735091821891092,0.022986948570479462
89,0.16885060891277845,0.09354939894907001,0.16885060891277845,0.09354939894907001,0.029358741159238082,0.7916729560339713,0.16885060891277845,0.029358741159238082
90,0.17337489967092726,0.10117752677163273,0.17337489967092726,0.10117752677163273,0.024887277371660705,0.7920893082322726,0.17337489967092726,0.024887277371660705
91,0.15717413138798927,0.10151779194026239,0.15717413138798927,0.10151779194026239,0.024891044882263708,0.792484842820659,0.15717413138798927,0.024891044882263708
92,0.14856645954702968,0.07992032715427651,0.14856645954702968,0.07992032715427651,0.028422308630469153,0.792860600679626,0.14856645954702968,0.028422308630469153
93,0.1644697872882002,0.10468609594288515,0.1644697872882002,0.10468609594288515,0.028477080284317252,0.7932175706456448,0.1644697872882002,0.028477080284317252
94,0.17558527518857994,0.09010356362076154,0.17558527518857994,0.09010356362076154,0.028882688093878596,0.7935566921133625,0.17558527518857994,0.028882688093878596
95,0.20518096174895084,0.13125506248821994,0.20518096174895084,0.13125506248821994,0.02419225542438238,0.7938788575076944,0.20518096174895084,0.02419225542438238
96,0.18146771206982662,0.10984359439224382,0.18146771206982662,0.10984359439224382,0.024794744808922006,0.7941849146323097,0.18146771206982662,0.024794744808922006
97,0.12646804196184314,0.07237139479815438,0.12646804196184314,0.07237139479815438,0.006244785225162011,0.7944756689006942,0.12646804196184314,0.006244785225162011
98,0.09679147189654115,0.05735217661389884,0.09679147189654115,0.05735217661389884,0.01368056343717553,0.7947518854556594,0.09679147189654115,0.01368056343717553
99,0.07149964921811212,0.03490924383322829,0.07149964921811212,0.03490924383322829,0.018401262358466324,0.7950142911828765,0.07149964921811212,0.018401262358466324
100,0.07391566806634697,0.01815616523407633,0.07391566806634697,0.01815616523407633,0.002841376788756776,0.7952635766237327,0.07391566806634697,0.002841376788756776
101,0.06444164307029189,0.03591113408959287,0.06444164307029189,0.03591113408959287,0.008750361563817331,0.7955003977925461,0.06444164307029189,0.008750361563817331
102,0.0509334440258127,0.05293837562618969,0.0509334440258127,0.05293837562618969,0.009567312255743384,0.7957253779029188,0.0509334440258127,0.009567312255743384
103,0.03852857102019406,0.05770000746704308,0.03852857102019406,0.05770000746704308,0.012588308008496602,0.7959391090077728,0.03852857102019406,0.012588308008496602
104,0.032403647418712676,0.06631236486687396,0.032403647418712676,0.06631236486687396,0.014631524353408466,0.7961421535573842,0.032403647418712676,0.014631524353408466
105,0.029229819737378315,0.07256095917938139,0.029229819737378315,0.07256095917938139,0.013402421940403116,0.796335045879515,0.029229819737378315,0.013402421940403116
106,0.0320402379564912,0.08203573472249136,0.0320402379564912,0.08203573472249136,0.01358689815633428,0.7965182935855393,0.0320402379564912,0.01358689815633428
107,0.02594762717528909,0.07605436418054408,0.02594762717528909,0.07605436418054408,0.015422472536296014,0.7966923789062623,0.02594762717528909,0.015422472536296014
108,0.044947948514461496,0.04405636197140842,0.044947948514461496,0.04405636197140842,0.0005584191664085667,0.7968577599609492,0.044947948514461496,0.0005584191664085667
109,0.05862658530787203,0.019905156737801334,0.05862658530787203,0.019905156737801334,-0.009196553682810487,0.7970148719629018,0.05862658530787203,-0.009196553682810487
110,0.06869510429599344,0.0026885844997385734,0.06869510429599344,0.0026885844997385734,-0.016533566639869157,0.7971641283647567,0.06869510429599344,-0.016533566639869157
111,0.07610846791879823,-0.00975667595202389,0.07610846791879823,-0.00975667595202389,-0.022014407730119076,0.7973059219465188,0.07610846791879823,-0.022014407730119076
112,0.07701353354507372,-0.013764467768432827,0.07701353354507372,-0.013764467768432827,-0.024990869955971336,0.7974406258491928,0.07701353354507372,-0.024990869955971336
113,0.060364328041741626,-0.0064328966523400435,0.060364328041741626,-0.0064328966523400435,-0.009239579381462137,0.7975685945567332,0.060364328041741626,-0.009239579381462137
114,0.04470673713135743,-0.012050391410781533,0.04470673713135743,-0.012050391410781533,0.0015467165358881599,0.7976901648288965,0.04470673713135743,0.0015467165358881599
115,0.055202854550780035,-0.014652585088467385,0.055202854550780035,-0.014652585088467385,-0.008922444482264792,0.7978056565874517,0.055202854550780035,-0.008922444482264792
116,0.05202365038987796,0.014138310722807782,0.05202365038987796,0.014138310722807782,0.0009464812751381619,0.7979153737580792,0.05202365038987796,0.0009464812751381619
117,0.03801173229236269,0.028793226559254575,0.03801173229236269,0.028793226559254575,0.0053736091235710715,0.7980196050701752,0.03801173229236269,0.0053736091235710715
118,0.03081311839717083,0.02863979160684907,0.03081311839717083,0.02863979160684907,0.0118862145730292,0.7981186248166665,0.03081311839717083,0.0118862145730292
119,0.029009797377442373,0.048195429607758376,0.029009797377442373,0.048195429607758376,0.014166454723502133,0.7982126935758331,0.029009797377442373,0.014166454723502133
120,0.02161303543917251,0.051859295769683476,0.02161303543917251,0.051859295769683476,0.017568554220190023,0.7983020588970414,0.02161303543917251,0.017568554220190023
121,0.01865046354575252,0.03944036021588464,0.01865046354575252,0.03944036021588464,0.021900646227088427,0.7983869559521893,0.01865046354575252,0.021900646227088427
122,0.019584232417501846,0.03404689521081507,0.019584232417501846,0.03404689521081507,0.0031268689144810175,0.7984676081545798,0.019584232417501846,0.0031268689144810175
123,0.02353802382976984,0.055150691803086835,0.02353802382976984,0.055150691803086835,0.006702028212616723,0.7985442277468509,0.02353802382976984,0.006702028212616723
124,0.018886457474526483,0.05826763322779993,0.018886457474526483,0.05826763322779993,0.009770496317000664,0.7986170163595083,0.018886457474526483,0.009770496317000664
125,0.027404502160646403,0.06287344051908302,0.027404502160646403,0.06287344051908302,0.013157826609007951,0.7986861655415329,0.027404502160646403,0.013157826609007951
126,0.020754325440928614,0.0629647271374109,0.020754325440928614,0.0629647271374109,0.014001588835004714,0.7987518572644563,0.020754325440928614,0.014001588835004714
127,0.018466992384015897,0.049273629440937994,0.018466992384015897,0.049273629440937994,0.019252583269534784,0.7988142644012335,0.018466992384015897,0.019252583269534784
128,0.019640539286162377,0.041037076323251605,0.019640539286162377,0.041037076323251605,0.01927282388331162,0.7988735511811718,0.019640539286162377,0.01927282388331162
129,0.015092544461864045,0.04571167725591042,0.015092544461864045,0.04571167725591042,0.020787459108996785,0.7989298736221132,0.015092544461864045,0.020787459108996785
130,0.016374978508864373,0.03689251171904768,0.016374978508864373,0.03689251171904768,0.020292085029536625,0.7989833799410075,0.016374978508864373,0.020292085029536625
131,0.01317135365194472,0.04613074338933961,0.01317135365194472,0.04613074338933961,0.020157780174800133,0.7990342109439572,0.01317135365194472,0.020157780174800133
132,0.015194888069143434,0.05813923937206777,0.015194888069143434,0.05813923937206777,0.01973524150965797,0.7990825003967593,0.015194888069143434,0.01973524150965797
133,0.017829941607017744,0.06716639966750734,0.017829941607017744,0.06716639966750734,0.01679194787577684,0.7991283753769214,0.017829941607017744,0.01679194787577684
134,0.015361547650430293,0.06763685940614228,0.015361547650430293,0.06763685940614228,0.017729325449626243,0.7991719566080753,0.015361547650430293,0.017729325449626243
135,0.017355004885799892,0.07322194477297461,0.017355004885799892,0.07322194477297461,0.018000457823856935,0.7992133587776715,0.017355004885799892,0.018000457823856935
136,0.01487161369425042,0.06950713415872506,0.01487161369425042,0.06950713415872506,0.018474410452040027,0.7992526908387879,0.01487161369425042,0.018474410452040027
137,0.036746656426753004,0.03843020212497851,0.036746656426753004,0.03843020212497851,0.0032097875476818955,0.7992900562968486,0.036746656426753004,0.0032097875476818955
138,0.052581517846411366,0.015583094492561369,0.052581517846411366,0.015583094492561369,-0.007155708923036478,0.7993255534820062,0.052581517846411366,-0.007155708923036478
139,0.06440689264728434,0.01424666269266407,0.06440689264728434,0.01424666269266407,-0.014362340652440582,0.7993592758079059,0.06440689264728434,-0.014362340652440582
140,0.047603967178021594,0.025760841628855932,0.047603967178021594,0.025760841628855932,-0.0037118801055640214,0.7993913120175106,0.047603967178021594,-0.0037118801055640214
141,0.038214551366690386,0.024249127426332832,0.038214551366690386,0.024249127426332832,0.004086245420590465,0.799421746416635,0.038214551366690386,0.004086245420590465
142,0.0362771128588862,0.0489996563661814,0.0362771128588862,0.0489996563661814,0.0074226311471565325,0.7994506590958033,0.0362771128588862,0.0074226311471565325
143,0.02766312942537383,0.05376893637134294,0.02766312942537383,0.05376893637134294,0.010174700580220937,0.7994781261410131,0.02766312942537383,0.010174700580220937
144,0.03297935667033137,0.05932532433991892,0.03297935667033137,0.05932532433991892,0.013468472876448158,0.7995042198339625,0.03297935667033137,0.013468472876448158
145,0.030279317255773677,0.0689061628601009,0.030279317255773677,0.0689061628601009,0.012802803016597065,0.7995290088422643,0.030279317255773677,0.012802803016597065
146,0.03240743095938587,0.07924360089194006,0.03240743095938587,0.07924360089194006,0.013043205902322623,0.799552558400151,0.03240743095938587,0.013043205902322623
147,0.026208612155268384,0.07407203638865326,0.026208612155268384,0.07407203638865326,0.015168743133076666,0.7995749304801435,0.026208612155268384,0.015168743133076666
148,0.04216717265845751,0.04467855784114985,0.04216717265845751,0.04467855784114985,-7.399825401977394e-05,0.7995961839561363,0.04216717265845751,-7.399825401977394e-05
149,0.03418158356211456,0.0398562617938906,0.03418158356211456,0.0398562617938906,0.008240114442288818,0.7996163747583295,0.03418158356211456,0.008240114442288818
150,0.031422843192410524,0.05595694495864199,0.031422843192410524,0.05595694495864199,0.011690012667108965,0.799635556020413,0.031422843192410524,0.011690012667108965
151,0.025304015975081105,0.0566896542936868,0.025304015975081105,0.0566896542936868,0.016956150541761503,0.7996537782193924,0.025304015975081105,0.016956150541761503
152,0.04122331739780812,0.030604218239317763,0.04122331739780812,0.030604218239317763,0.0020165978288048977,0.7996710893084228,0.04122331739780812,0.0020165978288048977
153,0.04139510427400288,0.04160814971151066,0.04139510427400288,0.04160814971151066,0.008340436997035303,0.7996875348430017,0.04139510427400288,0.008340436997035303
154,0.030721364732866477,0.048364526552396384,0.030721364732866477,0.048364526552396384,0.010719139260235835,0.7997031581008516,0.030721364732866477,0.010719139260235835
155,0.026040380210679302,0.0431942898554408,0.026040380210679302,0.0431942898554408,0.015582390385684547,0.799718000195809,0.026040380210679302,0.015582390385684547
156,0.02604038616356192,0.058081415593919515,0.02604038616356192,0.058081415593919515,0.016579672238228534,0.7997321001860185,0.02604038616356192,0.016579672238228534
157,0.019533124634797536,0.05874625721037095,0.019533124634797536,0.05874625721037095,0.0193449927210121,0.7997454951767176,0.019533124634797536,0.0193449927210121
158,0.01738422692565743,0.048089407718422184,0.01738422692565743,0.048089407718422184,0.021680042726894496,0.7997582204178817,0.01738422692565743,0.021680042726894496
159,0.007299721772802578,0.043330051626426475,0.007299721772802578,0.043330051626426475,0.02466569046612233,0.7997703093969876,0.007299721772802578,0.02466569046612233
160,0.00594742488423544,0.025482953451039837,0.00594742488423544,0.025482953451039837,0.02661148481900824,0.7997817939271382,0.00594742488423544,0.02661148481900824
161,0.03007433514710249,0.00786755629744031,0.03007433514710249,0.00786755629744031,0.009195544722235405,0.7997927042307813,0.03007433514710249,0.009195544722235405
162,0.047735188981518184,-0.00576541640172093,0.047735188981518184,-0.00576541640172093,-0.003197163595640225,0.7998030690192423,0.047735188981518184,-0.003197163595640225
163,0.057205856153244077,-0.010938451749301768,0.057205856153244077,-0.010938451749301768,-0.011867318849580496,0.7998129155682802,0.057205856153244077,-0.011867318849580496
164,0.04580751897647556,-0.004343244582862341,0.04580751897647556,-0.004343244582862341,0.00040685477998119606,0.7998222697898661,0.04580751897647556,0.00040685477998119606
165,0.03217892928252681,-0.005484799020689321,0.03217892928252681,-0.005484799020689321,0.007950305854405945,0.7998311563003728,0.03217892928252681,0.007950305854405945
166,0.015215722918355231,0.0006399616372359531,0.015215722918355231,0.0006399616372359531,0.014907446009190023,0.7998395984853541,0.015215722918355231,0.014907446009190023
167,0.017891355013473893,0.009810264489439072,0.017891355013473893,0.009810264489439072,0.016540819339005867,0.7998476185610864,0.017891355013473893,0.016540819339005867
168,0.013916814623333532,0.022809874293742895,0.013916814623333532,0.022809874293742895,0.018732127738622026,0.7998552376330321,0.013916814623333532,0.018732127738622026
169,0.010087111900032905,0.007544656976919873,0.010087111900032905,0.007544656976919873,0.02189112689905731,0.7998624757513805,0.010087111900032905,0.02189112689905731
170,0.030887324764245164,-0.0018260760976971085,0.030887324764245164,-0.0018260760976971085,0.005618174806063927,0.7998693519638115,0.030887324764245164,0.005618174806063927
171,0.02678652565890991,0.008442194302979957,0.02678652565890991,0.008442194302979957,0.012181166216469972,0.799875884365621,0.02678652565890991,0.012181166216469972
172,0.01659806760030406,0.021500986475739146,0.01659806760030406,0.021500986475739146,0.016122166438563897,0.7998820901473399,0.01659806760030406,0.016122166438563897
173,0.010306057571192077,0.03155370428528391,0.010306057571192077,0.03155370428528391,0.01865875024199892,0.7998879856399729,0.010306057571192077,0.01865875024199892
174,0.01642954481062271,0.05150871399550154,0.01642954481062271,0.05150871399550154,0.01834404833528024,0.7998935863579743,0.01642954481062271,0.01834404833528024
175,0.014292796105641749,0.05342009773570106,0.014292796105641749,0.05342009773570106,0.022090411969724656,0.7998989070400755,0.014292796105641749,0.022090411969724656
176,0.03629238832994293,0.026165672276620495,0.03629238832994293,0.026165672276620495,0.006071734911413764,0.7999039616880718,0.03629238832994293,0.006071734911413764
177,0.05223850334485952,0.006452958194944318,0.05223850334485952,0.006452958194944318,-0.004998591383486376,0.7999087636036681,0.05223850334485952,-0.004998591383486376
178,0.0639939195908746,-0.007271626738227383,0.0639939195908746,-0.007271626738227383,-0.01341435596660985,0.7999133254234847,0.0639939195908746,-0.01341435596660985
179,0.07207291286492097,-0.000622760696148689,0.07207291286492097,-0.000622760696148689,-0.018610059517122333,0.7999176591523105,0.07207291286492097,-0.018610059517122333
180,0.05326748321977072,0.014854943808618685,0.05326748321977072,0.014854943808618685,-0.0068550528758646425,0.799921776194695,0.05326748321977072,-0.0068550528758646425
181,0.03677726189568663,0.006255545468436603,0.03677726189568663,0.006255545468436603,0.0027560085342457946,0.7999256873849602,0.03677726189568663,0.0027560085342457946
182,0.030919773588041665,0.014284967220641952,0.030919773588041665,0.014284967220641952,0.010156651442968425,0.7999294030157121,0.030919773588041665,0.010156651442968425
183,0.02957989194074364,0.03936021206682469,0.02957989194074364,0.03936021206682469,0.012895809910959802,0.7999329328649265,0.02957989194074364,0.012895809910959802
184,0.021999562456342176,0.04566789302822656,0.021999562456342176,0.04566789302822656,0.0166358555535625,0.7999362862216802,0.021999562456342176,0.0166358555535625
185,0.02760896997617788,0.05035693576041339,0.02760896997617788,0.05035693576041339,0.01794302771876077,0.7999394719105962,0.02760896997617788,0.01794302771876077
186,0.022026283229390677,0.0529278118284057,0.022026283229390677,0.0529278118284057,0.018949124244653632,0.7999424983150664,0.022026283229390677,0.018949124244653632
187,0.04208807736859985,0.0276561747110353,0.04208807736859985,0.0276561747110353,0.002910071256527758,0.799945373399313,0.04208807736859985,0.002910071256527758
188,0.056537022493681865,0.008031982437455712,0.056537022493681865,0.008031982437455712,-0.007549441060442342,0.7999481047293474,0.056537022493681865,-0.007549441060442342
189,0.06706546875189867,0.00934796575481284,0.06706546875189867,0.00934796575481284,-0.014663753349867463,0.79995069949288,0.06706546875189867,-0.014663753349867463
190,0.07677825237732432,0.05266713052132235,0.07677825237732432,0.05266713052132235,-0.0039406669503040705,0.799953164518236,0.07677825237732432,-0.0039406669503040705
191,0.13130284199546158,0.10022974702864607,0.13130284199546158,0.10022974702864607,0.003750913941292883,0.7999555062923241,0.13130284199546158,0.003750913941292883
192,0.09141875793999048,0.06920101800806505,0.09141875793999048,0.06920101800806505,-0.008092755943653674,0.799957730977708,0.09141875793999048,-0.008092755943653674
193,0.10523862722404347,0.05879816203645452,0.10523862722404347,0.05879816203645452,0.004462407749207181,0.7999598444288225,0.10523862722404347,0.004462407749207181
194,0.08299803182174384,0.043797660888542346,0.08299803182174384,0.043797660888542346,-0.009806241089126635,0.7999618522073814,0.08299803182174384,-0.009806241089126635
195,0.09069886631723555,0.02985280836205835,0.09069886631723555,0.02985280836205835,0.0022167893708937153,0.7999637595970123,0.09069886631723555,0.0022167893708937153
196,0.08362238392712648,0.027478739430816405,0.08362238392712648,0.027478739430816405,-0.01189409351749315,0.7999655716171616,0.08362238392712648,-0.01189409351749315
197,0.06776809922109592,0.02190668752345773,0.06776809922109592,0.02190668752345773,-0.020762308982177242,0.7999672930363035,0.06776809922109592,-0.020762308982177242
198,0.06997559527507442,0.011277920787843988,0.06997559527507442,0.011277920787843988,-0.006179869162841629,0.7999689283844884,0.06997559527507442,-0.006179869162841629
199,0.06629658252785636,0.005588156834850936,0.06629658252785636,0.005588156834850936,0.0035241503358386466,0.799970481965264,0.06629658252785636,0.0035241503358386466
200,0.07073573201897222,0.010393218128324172,0.07073573201897222,0.010393218128324172,0.011217924654429941,0.7999719578670008,0.07073573201897222,0.011217924654429941
201,0.0727935421540057,0.012300305432687675,0.0727935421540057,0.012300305432687675,0.016509668876095996,0.7999733599736508,0.0727935421540057,0.016509668876095996
202,0.08092882657681871,0.0135816826326585,0.08092882657681871,0.0135816826326585,0.021464837583452242,0.7999746919749683,0.08092882657681871,0.021464837583452242
203,0.07248978595912361,0.016921214766323384,0.07248978595912361,0.016921214766323384,0.021927036337322695,0.7999759573762198,0.07248978595912361,0.021927036337322695
204,0.0747638730673818,0.017796899850165825,0.0747638730673818,0.017796899850165825,0.024065620881234793,0.7999771595074089,0.0747638730673818,0.024065620881234793
205,0.09266972725402728,0.02050394080094335,0.09266972725402728,0.02050394080094335,0.02927130819486576,0.7999783015320384,0.09266972725402728,0.02927130819486576
206,0.06796248057837254,0.01708268148099164,0.06796248057837254,0.01708268148099164,0.007037837263922697,0.7999793864554365,0.06796248057837254,0.007037837263922697
207,0.08796292392637328,0.020418576032856996,0.08796292392637328,0.020418576032856996,0.016160258816669437,0.7999804171326647,0.08796292392637328,0.016160258816669437
208,0.06481910213876803,0.017017831021991236,0.06481910213876803,0.017017831021991236,-0.0016542199844624204,0.7999813962760314,0.06481910213876803,-0.0016542199844624204
209,0.07551141824119045,0.017116129405486073,0.07551141824119045,0.017116129405486073,0.008156605910449298,0.7999823264622298,0.07551141824119045,0.008156605910449298
210,0.06888090090813677,0.019260027599927624,0.06888090090813677,0.019260027599927624,0.013098413549923719,0.7999832101391183,0.06888090090813677,0.013098413549923719
211,0.08931377234934951,0.022955945677534097,0.08931377234934951,0.022955945677534097,0.020892060243966868,0.7999840496321624,0.08931377234934951,0.020892060243966868
212,0.08184681846720075,0.022138158021265283,0.08184681846720075,0.022138158021265283,0.002066140373372272,0.7999848471505543,0.08184681846720075,0.002066140373372272
213,0.06650357509503996,0.01816900049054126,0.06650357509503996,0.01816900049054126,-0.010986135770283158,0.7999856047930266,0.06650357509503996,-0.010986135770283158
214,0.0634181599230069,0.009467871168176246,0.0634181599230069,0.009467871168176246,0.00044417760003744814,0.7999863245533753,0.0634181599230069,0.00044417760003744814
215,0.06885050135319695,0.013002881399194591,0.06885050135319695,0.013002881399194591,0.00906982295784487,0.7999870083257065,0.06885050135319695,0.00906982295784487
216,0.07153762781241944,0.01402419775300357,0.07153762781241944,0.01402419775300357,0.015009079364405447,0.7999876579094212,0.07153762781241944,0.015009079364405447
217,0.07343941680658436,0.014870930423506835,0.07343941680658436,0.014870930423506835,0.01916856733562324,0.7999882750139501,0.07343941680658436,0.01916856733562324
218,0.07468010486266037,0.015402743439799922,0.07468010486266037,0.015402743439799922,0.022071310449428016,0.7999888612632526,0.07468010486266037,0.022071310449428016
219,0.07550644050710896,0.015760169611787098,0.07550644050710896,0.015760169611787098,0.024098716305384016,0.79998941820009,0.07550644050710896,0.024098716305384016
220,0.08280338306058975,0.015970066100385778,0.08280338306058975,0.015970066100385778,0.027041750412779425,0.7999899472900854,0.08280338306058975,0.027041750412779425
221,0.0737376443463044,0.018507400596910698,0.0737376443463044,0.018507400596910698,0.02562664346283746,0.7999904499255812,0.0737376443463044,0.02562664346283746
222,0.07559206612467417,0.018849691438447707,0.07559206612467417,0.018849691438447707,0.02664921084577975,0.7999909274293021,0.07559206612467417,0.02664921084577975
223,0.09327848635859345,0.021277785738041656,0.09327848635859345,0.021277785738041656,0.03127043653200541,0.799991381057837,0.09327848635859345,0.03127043653200541
224,0.08484596003158326,0.020934324828165374,0.08484596003158326,0.020934324828165374,0.009666761293574992,0.7999918120049451,0.08484596003158326,0.009666761293574992
225,0.06269321567702647,0.01740132316840514,0.06269321567702647,0.01740132316840514,-0.00552098293794682,0.7999922214046978,0.06269321567702647,-0.00552098293794682
226,0.07414265356968505,0.01754559224154295,0.07414265356968505,0.01754559224154295,0.0053230809871790755,0.7999926103344629,0.07414265356968505,0.0053230809871790755
227,0.07391537904818767,0.01932547583047898,0.07391537904818767,0.01932547583047898,0.011985276586252407,0.7999929798177398,0.07391537904818767,0.011985276586252407
228,0.0846993786846522,0.01268613715530054,0.0846993786846522,0.01268613715530054,0.018138665285713246,0.7999933308268528,0.0846993786846522,0.018138665285713246
229,0.07920524890739015,0.01485722361021067,0.07920524890739015,0.01485722361021067,-0.00019927445179726436,0.7999936642855101,0.07920524890739015,-0.00019927445179726436
230,0.06468052939475619,0.013091557582009698,0.06468052939475619,0.013091557582009698,-0.012593545936674036,0.7999939810712346,0.06468052939475619,-0.012593545936674036
231,0.06220718591842506,0.006097809719851994,0.06220718591842506,0.006097809719851994,-0.0006220771574312116,0.7999942820176729,0.06220718591842506,-0.0006220771574312116
232,0.084537585228608,0.01346352367395958,0.084537585228608,0.01346352367395958,0.010285649315643436,0.7999945679167892,0.084537585228608,0.010285649315643436
233,0.06247634519537254,0.012376633273855204,0.06247634519537254,0.012376633273855204,-0.005526246155089009,0.7999948395209497,0.06247634519537254,-0.005526246155089009
234,0.08392598848231474,0.016954005511085217,0.08392598848231474,0.016954005511085217,0.006438238455510389,0.7999950975449023,0.08392598848231474,0.006438238455510389
235,0.062142401345807764,0.01471989602342682,0.062142401345807764,0.01471989602342682,-0.008104779218317806,0.7999953426676571,0.062142401345807764,-0.008104779218317806
236,0.07364214355255268,0.01551134043095403,0.07364214355255268,0.01551134043095403,0.00341484741803795,0.7999955755342743,0.07364214355255268,0.00341484741803795
237,0.08349606808054715,0.02098671661664928,0.08349606808054715,0.02098671661664928,0.011852157026842534,0.7999957967575605,0.08349606808054715,0.011852157026842534
238,0.07822185604816818,0.02092327126498602,0.07822185604816818,0.02092327126498602,-0.004746230121320407,0.7999960069196824,0.07822185604816818,-0.004746230121320407
239,0.06400096606270853,0.017330420176210955,0.06400096606270853,0.017330420176210955,-0.015771340343675413,0.7999962065736983,0.06400096606270853,-0.015771340343675413
240,0.07688603143083336,0.010594262132327111,0.07688603143083336,0.010594262132327111,-0.002175383318935332,0.7999963962450134,0.07688603143083336,-0.002175383318935332
241,0.07348046194343774,0.013326190498656128,0.07348046194343774,0.013326190498656128,-0.015132186816641314,0.7999965764327627,0.07348046194343774,-0.015132186816641314
242,0.06068461700407964,0.012023058516454643,0.06068461700407964,0.012023058516454643,-0.02302320813757107,0.7999967476111245,0.06068461700407964,-0.02302320813757107
243,0.05955621269413367,0.005388963916694646,0.05955621269413367,0.005388963916694646,-0.007541329478979367,0.7999969102305683,0.05955621269413367,-0.007541329478979367
244,0.07258344117465303,0.01002648992621967,0.07258344117465303,0.01002648992621967,0.0038620997670462285,0.7999970647190399,0.07258344117465303,0.0038620997670462285
245,0.07269506366832405,0.01402676239317761,0.07269506366832405,0.01402676239317761,0.01097110981099447,0.7999972114830879,0.07269506366832405,0.01097110981099447
246,0.08379197599897777,0.00877903103468106,0.08379197599897777,0.00877903103468106,0.01739469814127632,0.7999973509089335,0.08379197599897777,0.01739469814127632
247,0.068643677161345,0.009103982847669135,0.068643677161345,0.009103982847669135,-0.0009751829857804018,0.7999974833634869,0.068643677161345,-0.0009751829857804018
248,0.07050202822917549,0.0022315400499817663,0.07050202822917549,0.0022315400499817663,0.007643717417694906,0.7999976091953125,0.07050202822917549,0.007643717417694906
249,0.07250283859438703,-0.0017235328470214261,0.07250283859438703,-0.0017235328470214261,0.013544941774343176,0.7999977287355469,0.07250283859438703,0.013544941774343176
250,0.07385815403852135,-0.0045438576067909344,0.07385815403852135,-0.0045438576067909344,0.017666271858585467,0.7999978422987695,0.07385815403852135,0.017666271858585467
251,0.08473600170351836,-0.0047675615235598335,0.08473600170351836,-0.0047675615235598335,0.022302592237228035,0.799997950183831,0.08473600170351836,0.022302592237228035
252,0.06332429833391401,0.0005595459106359434,0.06332429833391401,0.0005595459106359434,0.0022060086705336167,0.7999980526746394,0.06332429833391401,0.0022060086705336167
253,0.07448907801828132,0.005649806036814304,0.07448907801828132,0.005649806036814304,0.01099499442449016,0.7999981500409075,0.07448907801828132,0.01099499442449016
254,0.08410594982899425,0.013732938417870768,0.08410594982899425,0.013732938417870768,0.017424787552050524,0.7999982425388621,0.08410594982899425,0.017424787552050524
255,0.078669308707049,0.015590765121498063,0.078669308707049,0.015590765121498063,-0.0006491098070610117,0.799998330411919,0.078669308707049,-0.0006491098070610117
256,0.07396335829222772,0.016702025514573057,0.07396335829222772,0.016702025514573057,-0.013322503784049236,0.7999984138913231,0.07396335829222772,-0.013322503784049236
257,0.06109133806569672,0.014406652131060124,0.06109133806569672,0.014406652131060124,-0.02178577993965969,0.799998493196757,0.06109133806569672,-0.02178577993965969
258,0.0653167711491002,0.006045613769523443,0.0653167711491002,0.006045613769523443,-0.006895046175732401,0.7999985685369191,0.0653167711491002,-0.006895046175732401
259,0.06320587782196808,0.0021169579020453673,0.06320587782196808,0.0021169579020453673,0.0030496564806538696,0.7999986401100732,0.06320587782196808,0.0030496564806538696
260,0.06868526263384317,0.008090306373535049,0.06868526263384317,0.008090306373535049,0.010886565557342175,0.7999987081045695,0.06868526263384317,0.010886565557342175
261,0.07143322204057158,0.010772511203161493,0.07143322204057158,0.010772511203161493,0.016278268798599043,0.799998772699341,0.07143322204057158,0.016278268798599043
262,0.09035251705938055,0.0155230231830478,0.09035251705938055,0.0155230231830478,0.023259854446239903,0.799998834064374,0.09035251705938055,0.023259854446239903
263,0.06641028820845966,0.013772612193710143,0.06641028820845966,0.013772612193710143,0.0030557437815725745,0.7999988923611553,0.06641028820845966,0.0030557437815725745
264,0.07662345240433424,0.01485102107389931,0.07662345240433424,0.01485102107389931,0.01161891935720508,0.7999989477430975,0.07662345240433424,0.01161891935720508
265,0.069618371576065,0.0177571987682749,0.069618371576065,0.0177571987682749,0.015395401077380664,0.7999990003559426,0.069618371576065,0.015395401077380664
266,0.07285727525708247,0.018349155033404837,0.07285727525708247,0.018349155033404837,0.01950424716982553,0.7999990503381454,0.07285727525708247,0.01950424716982553
267,0.09126841047423566,0.020910186257942224,0.09126841047423566,0.020910186257942224,0.025741827147507203,0.7999990978212381,0.09126841047423566,0.025741827147507203
268,0.06703279014619301,0.017352182481676495,0.06703279014619301,0.017352182481676495,0.004696319608661401,0.7999991429301763,0.06703279014619301,0.004696319608661401
269,0.07059011143212304,0.017302632869449712,0.07059011143212304,0.017302632869449712,0.012008108981687183,0.7999991857836675,0.07059011143212304,0.012008108981687183
270,0.0793573317819564,0.017029384974782912,0.0793573317819564,0.017029384974782912,0.018152746321169495,0.7999992264944841,0.0793573317819564,0.018152746321169495
271,0.07145441671325233,0.019211349898022888,0.07145441671325233,0.019211349898022888,0.01972932674878102,0.7999992651697598,0.07145441671325233,0.01972932674878102
272,0.07407754914331208,0.019317024060234177,0.07407754914331208,0.019317024060234177,0.02253090512199726,0.7999993019112719,0.07407754914331208,0.02253090512199726
273,0.07501871057868845,0.018232036967928644,0.07501871057868845,0.018232036967928644,0.02441080582328724,0.7999993368157083,0.07501871057868845,0.02441080582328724
274,0.09298608622802104,0.02100352434207413,0.09298608622802104,0.02100352434207413,0.029552435727471783,0.7999993699749229,0.09298608622802104,0.029552435727471783
275,0.07440672670784393,0.017391915091290136,0.07440672670784393,0.017391915091290136,0.007738704256403501,0.7999994014761768,0.07440672670784393,0.007738704256403501
276,0.08438564265328356,0.010444800821573121,0.08438564265328356,0.010444800821573121,0.01511390186396226,0.799999431402368,0.08438564265328356,0.01511390186396226
277,0.06906562047855436,0.010270938251695484,0.06906562047855436,0.010270938251695484,-0.0025596603559421456,0.7999994598322495,0.06906562047855436,-0.0025596603559421456
278,0.08052680951747332,0.005302706808833093,0.08052680951747332,0.005302706808833093,0.007539156807604756,0.799999486840637,0.08052680951747332,0.007539156807604756
279,0.07615115314178668,0.009434388405585376,0.07615115314178668,0.009434388405585376,-0.007986345804950775,0.7999995124986052,0.07615115314178668,-0.007986345804950775
280,0.06255019587564377,0.009305468766347006,0.06255019587564377,0.009305468766347006,-0.01803321419527667,0.799999536873675,0.06255019587564377,-0.01803321419527667
281,0.06079390325672699,0.0035860976742315255,0.06079390325672699,0.0035860976742315255,-0.004230868862122867,0.7999995600299912,0.06079390325672699,-0.004230868862122867
282,0.08349870172257016,0.011617197875162712,0.08349870172257016,0.011617197875162712,0.007493235953411176,0.7999995820284916,0.08349870172257016,0.007493235953411176
283,0.07756116269728755,0.013799273608056967,0.07756116269728755,0.013799273608056967,-0.007779514169917831,0.7999996029270671,0.07756116269728755,-0.007779514169917831
284,0.057857668113896345,0.012667029182313192,0.057857668113896345,0.012667029182313192,-0.017091975076586177,0.7999996227807137,0.057857668113896345,-0.017091975076586177
285,0.10632103442396984,0.048092483411759424,0.10632103442396984,0.048092483411759424,-0.00249886074678514,0.799999641641678,0.10632103442396984,-0.00249886074678514
286,0.17445826676548368,0.11844849158151921,0.17445826676548368,0.11844849158151921,0.0050970690042399045,0.7999996595595942,0.17445826676548368,0.0050970690042399045
287,0.14997786640801974,0.09125280476402536,0.14997786640801974,0.09125280476402536,0.011827291628257453,0.7999996765816144,0.14997786640801974,0.011827291628257453
288,0.12046149609752421,0.06557545843506428,0.12046149609752421,0.06557545843506428,0.014680786110513351,0.7999996927525337,0.12046149609752421,0.014680786110513351
289,0.11456897165072343,0.058449141964630386,0.11456897165072343,0.058449141964630386,0.01979603234391961,0.799999708114907,0.11456897165072343,0.01979603234391961
290,0.12172328840983632,0.059336056373501964,0.12172328840983632,0.059336056373501964,0.02528142291503154,0.7999997227091616,0.12172328840983632,0.02528142291503154
291,0.1268496551228485,0.05713400277125327,0.1268496551228485,0.05713400277125327,0.027425019677173045,0.7999997365737036,0.1268496551228485,0.027425019677173045
292,0.12626422156322664,0.045185232241022805,0.12626422156322664,0.045185232241022805,0.02824430914276595,0.7999997497450184,0.12626422156322664,0.02824430914276595
293,0.13020306823060354,0.036817174268212814,0.13020306823060354,0.036817174268212814,0.029297950589739996,0.7999997622577675,0.13020306823060354,0.029297950589739996
294,0.13451654374504934,0.023556876359592485,0.13451654374504934,0.023556876359592485,0.028191656654181097,0.7999997741448791,0.13451654374504934,0.028191656654181097
295,0.12211837209382823,0.03395047228572424,0.12211837209382823,0.03395047228572424,0.029756463727204724,0.7999997854376352,0.12211837209382823,0.029756463727204724
296,0.12230343675182982,0.028077746849712128,0.12230343675182982,0.028077746849712128,0.02981366714452885,0.7999997961657535,0.12230343675182982,0.02981366714452885
297,0.11605417463269171,0.012961806112034836,0.11605417463269171,0.012961806112034836,0.026841636340777107,0.7999998063574658,0.11605417463269171,0.026841636340777107
298,0.1255893659768079,0.029489004023418922,0.1255893659768079,0.029489004023418922,0.03046215619128004,0.7999998160395925,0.1255893659768079,0.03046215619128004
299,0.12922587934322485,0.03453428076434179,0.12922587934322485,0.03453428076434179,0.031245816286188315,0.7999998252376128,0.12922587934322485,0.031245816286188315
300,0.11690741318211988,0.016896818827088825,0.11690741318211988,0.016896818827088825,0.027429544372212792,0.7999998339757322,0.11690741318211988,0.027429544372212792
301,0.1260447347495755,0.03214416790772539,0.1260447347495755,0.03214416790772539,0.030897738817796682,0.7999998422769455,0.1260447347495755,0.030897738817796682
302,0.1180361164158287,0.023916531964558552,0.1180361164158287,0.023916531964558552,0.02743589674870673,0.7999998501630983,0.1180361164158287,0.02743589674870673
303,0.11311678922586779,0.03091515826071352,0.11311678922586779,0.03091515826071352,0.028703973371679445,0.7999998576549433,0.11311678922586779,0.028703973371679445
304,0.11848853734395805,0.04851564612547471,0.11848853734395805,0.04851564612547471,0.03460175519717195,0.7999998647721961,0.11848853734395805,0.03460175519717195
305,0.11863217491710956,0.03742089263704574,0.11863217491710956,0.03742089263704574,0.032888741242510566,0.7999998715335863,0.11863217491710956,0.032888741242510566
306,0.12458721372167028,0.031091008277657973,0.12458721372167028,0.031091008277657973,0.03276596227311305,0.799999877956907,0.12458721372167028,0.03276596227311305
307,0.12901724820021573,0.026617886625384283,0.12901724820021573,0.026617886625384283,0.032618137877876215,0.7999998840590616,0.12901724820021573,0.032618137877876215
308,0.13368130041658288,0.016412111359039475,0.13368130041658288,0.016412111359039475,0.03050334427062831,0.7999998898561086,0.13368130041658288,0.03050334427062831
309,0.1234464953526619,0.021467259651229007,0.1234464953526619,0.021467259651229007,0.029127929396005812,0.7999998953633032,0.1234464953526619,0.029127929396005812
310,0.11482684159386988,0.023771016184721615,0.11482684159386988,0.023771016184721615,0.028072685283979878,0.799999900595138,0.11482684159386988,0.028072685283979878
311,0.10621408997478146,0.03292067706618364,0.10621408997478146,0.03292067706618364,0.02954333261810061,0.7999999055653811,0.10621408997478146,0.02954333261810061
312,0.09989473727525772,0.01571535724073466,0.09989473727525772,0.01571535724073466,0.02619516718459537,0.799999910287112,0.09989473727525772,0.02619516718459537
313,0.11413324689236182,0.03129865244480636,0.11413324689236182,0.03129865244480636,0.02999128369691603,0.7999999147727564,0.11413324689236182,0.02999128369691603
314,0.11013855611809713,0.023362315661708113,0.11013855611809713,0.023362315661708113,0.0268340317014169,0.7999999190341186,0.11013855611809713,0.0268340317014169
315,0.10787676569176162,0.030547073511695163,0.10787676569176162,0.030547073511695163,0.02828367022872574,0.7999999230824126,0.10787676569176162,0.02828367022872574
316,0.11699479166833648,0.03981373765033207,0.11699479166833648,0.03981373765033207,0.03152042306589209,0.799999926928292,0.11699479166833648,0.03152042306589209
317,0.11243027441725045,0.029564248816495314,0.11243027441725045,0.029564248816495314,0.02780789917091072,0.7999999305818775,0.11243027441725045,0.02780789917091072
318,0.12233924495166149,0.0405934495741754,0.12233924495166149,0.0405934495741754,0.03117125859726432,0.7999999340527836,0.12233924495166149,0.03117125859726432
319,0.11566681873305733,0.02964667482786862,0.11566681873305733,0.02964667482786862,0.02760764200619676,0.7999999373501444,0.11566681873305733,0.02760764200619676
320,0.1115328610949448,0.03470874380574279,0.1115328610949448,0.03470874380574279,0.02882394789715837,0.7999999404826372,0.1115328610949448,0.02882394789715837
321,0.11955141262886979,0.04272231246109364,0.11955141262886979,0.04272231246109364,0.03191758980216795,0.7999999434585053,0.11955141262886979,0.03191758980216795
322,0.12702910294839156,0.03690960467190111,0.12702910294839156,0.03690960467190111,0.03003735053269682,0.79999994628558,0.12702910294839156,0.03003735053269682
323,0.11768025167554463,0.0348515097556415,0.11768025167554463,0.0348515097556415,0.028739309939962498,0.799999948971301,0.11768025167554463,0.028739309939962498
324,0.09878537390630417,0.02796002490713982,0.09878537390630417,0.02796002490713982,0.025922658962397174,0.799999951522736,0.09878537390630417,0.025922658962397174
325,0.11272170554584582,0.03941113707077284,0.11272170554584582,0.03941113707077284,0.02978476965278091,0.7999999539465992,0.11272170554584582,0.02978476965278091
326,0.11990987382032153,0.04202982452295476,0.11990987382032153,0.04202982452295476,0.030743020487961716,0.7999999562492692,0.11990987382032153,0.030743020487961716
327,0.12265139500107623,0.02668387066670634,0.12265139500107623,0.02668387066670634,0.028814269237575737,0.7999999584368057,0.12265139500107623,0.028814269237575737
328,0.11325727022685769,0.036140382009423336,0.11325727022685769,0.036140382009423336,0.030230257032740473,0.7999999605149655,0.11325727022685769,0.030230257032740473
329,0.10504469415807843,0.017849538761295254,0.10504469415807843,0.017849538761295254,0.026606564461862058,0.7999999624892172,0.10504469415807843,0.026606564461862058
330,0.10493094555903251,0.027177538471616976,0.10493094555903251,0.027177538471616976,0.02813011856209492,0.7999999643647564,0.10493094555903251,0.02813011856209492
331,0.10226556855751462,0.03166414455345487,0.10226556855751462,0.03166414455345487,0.029194807157999866,0.7999999661465186,0.10226556855751462,0.029194807157999866
332,0.11364177640083947,0.040976101508107744,0.11364177640083947,0.040976101508107744,0.032191439946177944,0.7999999678391927,0.11364177640083947,0.032191439946177944
333,0.11013335953811618,0.03023254434936032,0.11013335953811618,0.03023254434936032,0.02825962208500404,0.7999999694472331,0.11013335953811618,0.02825962208500404
334,0.10783116100942593,0.035077327147597606,0.10783116100942593,0.035077327147597606,0.02927932588671883,0.7999999709748714,0.10783116100942593,0.02927932588671883
335,0.1169757385820876,0.04298604706317563,0.1169757385820876,0.04298604706317563,0.03225236942420807,0.7999999724261279,0.1169757385820876,0.03225236942420807
336,0.11241603401749646,0.03166654810967328,0.11241603401749646,0.03166654810967328,0.028293627816935066,0.7999999738048215,0.11241603401749646,0.028293627816935066
337,0.12021295142202773,0.0506879137084565,0.12021295142202773,0.0506879137084565,0.0343238908225742,0.7999999751145804,0.12021295142202773,0.0343238908225742
338,0.12189702695697058,0.030863359746792246,0.12189702695697058,0.030863359746792246,0.030653588370266695,0.7999999763588515,0.12189702695697058,0.030653588370266695
339,0.1127260760570798,0.03923926701208592,0.1127260760570798,0.03923926701208592,0.03160936834762349,0.7999999775409089,0.1127260760570798,0.03160936834762349
340,0.10465422669971695,0.019907088270407738,0.10465422669971695,0.019907088270407738,0.027520239507022492,0.7999999786638634,0.10465422669971695,0.027520239507022492
341,0.11743696349681482,0.034212568971222435,0.11743696349681482,0.034212568971222435,0.030965792315312112,0.7999999797306703,0.11743696349681482,0.030965792315312112
342,0.1123333579438173,0.025299765168847015,0.1123333579438173,0.025299765168847015,0.027480219076672148,0.7999999807441368,0.1123333579438173,0.027480219076672148
343,0.10933244451144077,0.031832156838971344,0.10933244451144077,0.031832156838971344,0.028734928041205195,0.79999998170693,0.10933244451144077,0.028734928041205195
344,0.10530458421159658,0.03483070095240768,0.10530458421159658,0.03483070095240768,0.029617044157389333,0.7999999826215834,0.10530458421159658,0.029617044157389333
345,0.11573839124303564,0.04317010902648549,0.11573839124303564,0.04317010902648549,0.03250180098552358,0.7999999834905043,0.11573839124303564,0.03250180098552358
346,0.12429250924975897,0.03711834244345919,0.12429250924975897,0.03711834244345919,0.030449772824576005,0.7999999843159791,0.12429250924975897,0.030449772824576005
347,0.1157853113379681,0.03501063542374439,0.1157853113379681,0.03501063542374439,0.029027973780118087,0.7999999851001801,0.1157853113379681,0.029027973780118087
348,0.09752690649657174,0.028064447715107976,0.09752690649657174,0.028064447715107976,0.026114029716501827,0.7999999858451711,0.09752690649657174,0.026114029716501827
349,0.11184278898878704,0.03948400754239169,0.11184278898878704,0.03948400754239169,0.029925446627697676,0.7999999865529125,0.11184278898878704,0.029925446627697676
350,0.12133221552307841,0.034209527058229536,0.12133221552307841,0.034209527058229536,0.028668133809060126,0.7999999872252669,0.12133221552307841,0.028668133809060126
351,0.10151208398392,0.027790566774052103,0.10151208398392,0.027790566774052103,0.025891099740699867,0.7999999878640035,0.10151208398392,0.025891099740699867
352,0.10202766915767775,0.03340125372491473,0.10202766915767775,0.03340125372491473,0.02762409709798726,0.7999999884708033,0.10202766915767775,0.02762409709798726
353,0.11038872217582159,0.05038002583468086,0.11038872217582159,0.05038002583468086,0.03376738359708411,0.7999999890472632,0.11038872217582159,0.03376738359708411
354,0.11448808680002681,0.03110236357482886,0.11448808680002681,0.03110236357482886,0.03034173832394918,0.7999999895949,0.11448808680002681,0.03034173832394918
355,0.10987531201043134,0.03160316766294395,0.10987531201043134,0.03160316766294395,0.029056252023208474,0.799999990115155,0.10987531201043134,0.029056252023208474
356,0.09353564096187374,0.025742266520375808,0.09353564096187374,0.025742266520375808,0.026123624975141296,0.7999999906093972,0.09353564096187374,0.026123624975141296
357,0.1090497523299854,0.03785863491264898,0.1090497523299854,0.03785863491264898,0.02993261542522642,0.7999999910789274,0.1090497523299854,0.02993261542522642
358,0.1193822031969024,0.033075183220345146,0.1193822031969024,0.033075183220345146,0.028673147573619037,0.799999991524981,0.1193822031969024,0.028673147573619037
359,0.10988151398051897,0.04002475328842445,0.10988151398051897,0.04002475328842445,0.03001289049794059,0.799999991948732,0.10988151398051897,0.03001289049794059
360,0.10258443491459648,0.02042974347226582,0.10258443491459648,0.02042974347226582,0.026495978242394427,0.7999999923512954,0.10258443491459648,0.026495978242394427
361,0.10331182625422472,0.028897678413889336,0.10331182625422472,0.028897678413889336,0.02805255754905084,0.7999999927337306,0.10331182625422472,0.02805255754905084
362,0.10118794419189518,0.0328030286975466,0.10118794419189518,0.0328030286975466,0.02914064638367142,0.7999999930970441,0.10118794419189518,0.02914064638367142
363,0.11288999069980059,0.04177193960532746,0.11288999069980059,0.04177193960532746,0.03215162737346245,0.7999999934421919,0.11288999069980059,0.03215162737346245
364,0.12028187863749024,0.04411662670189301,0.12028187863749024,0.04411662670189301,0.03247625415008652,0.7999999937700822,0.12028187863749024,0.03247625415008652
365,0.122923429291044,0.028116846679386093,0.122923429291044,0.028116846679386093,0.03000916070746765,0.7999999940815782,0.122923429291044,0.03000916070746765
366,0.1034314618481417,0.024477651053882277,0.1034314618481417,0.024477651053882277,0.026840477548832203,0.7999999943774992,0.1034314618481417,0.026840477548832203
367,0.11596641076784556,0.03697741896642466,0.11596641076784556,0.03697741896642466,0.03045845631397852,0.7999999946586243,0.11596641076784556,0.03045845631397852
368,0.12229944212629093,0.04024657900309448,0.12229944212629093,0.04024657900309448,0.03123766595487776,0.7999999949256931,0.12229944212629093,0.03123766595487776
369,0.11180625938803719,0.020671151125749607,0.11180625938803719,0.020671151125749607,0.02741568441616905,0.7999999951794085,0.11180625938803719,0.02741568441616905
370,0.12035992544796092,0.043044036466602306,0.12035992544796092,0.043044036466602306,0.03365858298734353,0.799999995420438,0.12035992544796092,0.03365858298734353
371,0.10938667836593464,0.02062367432921991,0.10938667836593464,0.02062367432921991,0.028408426646481647,0.799999995649416,0.10938667836593464,0.028408426646481647
372,0.11864020713910989,0.04305164433298375,0.11864020713910989,0.04305164433298375,0.03443107977536787,0.7999999958669453,0.11864020713910989,0.03443107977536787
373,0.11848694744069901,0.03275684807434643,0.11848694744069901,0.03275684807434643,0.03264011171716446,0.799999996073598,0.11848694744069901,0.03264011171716446
374,0.12630482506174626,0.020636691950357215,0.12630482506174626,0.020636691950357215,0.030611503590178706,0.799999996269918,0.12630482506174626,0.030611503590178706
375,0.11615323614972402,0.03186102496476633,0.11615323614972402,0.03186102496476633,0.031532154579409985,0.7999999964564222,0.11615323614972402,0.031532154579409985
376,0.11962395876315164,0.01947482729353941,0.11962395876315164,0.01947482729353941,0.02920769715467566,0.7999999966336011,0.11962395876315164,0.02920769715467566
377,0.11095631286935892,0.030781523346364907,0.11095631286935892,0.030781523346364907,0.03052483660681587,0.799999996801921,0.11095631286935892,0.03052483660681587
378,0.1156143280507847,0.018739592705142794,0.1156143280507847,0.018739592705142794,0.028514404262939906,0.799999996961825,0.1156143280507847,0.028514404262939906
379,0.09852117354456584,0.018208814543587415,0.09852117354456584,0.018208814543587415,0.025855419844292602,0.7999999971137337,0.09852117354456584,0.025855419844292602
380,0.13661167052706072,0.06258661469249543,0.13661167052706072,0.06258661469249543,0.029734348799435907,0.799999997258047,0.13661167052706072,0.029734348799435907
381,0.23296907921970023,0.18040675515076468,0.23296907921970023,0.18040675515076468,0.029734348799435907,0.7999999973951447,0.23296907921970023,0.029734348799435907
382,0.19335202694826065,0.14406328814915534,0.19335202694826065,0.14406328814915534,0.033574600315344705,0.7999999975253875,0.19335202694826065,0.033574600315344705
383,0.2101240495447146,0.1751537888349009,0.2101240495447146,0.1751537888349009,0.02814084986844731,0.7999999976491181,0.2101240495447146,0.02814084986844731
384,0.16681872874908327,0.11826611489797187,0.16681872874908327,0.11826611489797187,0.02811495497789878,0.7999999977666622,0.16681872874908327,0.02811495497789878
385,0.1863375297649909,0.1391534919977623,0.1863375297649909,0.1391534919977623,0.03203266275657973,0.7999999978783291,0.1863375297649909,0.03203266275657973
386,0.19269141797790867,0.14247688104105596,0.19269141797790867,0.14247688104105596,0.030353357305186405,0.7999999979844127,0.19269141797790867,0.030353357305186405
387,0.19926148565702176,0.1513212504041798,0.19926148565702176,0.1513212504041798,0.02090247425418454,0.7999999980851921,0.19926148565702176,0.02090247425418454
388,0.180875595605929,0.137197610885872,0.180875595605929,0.137197610885872,0.02305205550176414,0.7999999981809325,0.180875595605929,0.02305205550176414
389,0.1754147262347315,0.1346689441549654,0.1754147262347315,0.1346689441549654,0.02379986188310941,0.7999999982718858,0.1754147262347315,0.02379986188310941
390,0.1697853313971489,0.14347278265133948,0.1697853313971489,0.14347278265133948,0.02464878427985815,0.7999999983582915,0.1697853313971489,0.02464878427985815
391,0.14714111808526015,0.13607158360355043,0.14714111808526015,0.13607158360355043,0.00899070181152199,0.799999998440377,0.14714111808526015,0.00899070181152199
392,0.13174224224342104,0.09913115351347318,0.13174224224342104,0.09913115351347318,0.02123003794140296,0.7999999985183581,0.13174224224342104,0.02123003794140296
393,0.1611784002631506,0.12488259144623096,0.1611784002631506,0.12488259144623096,0.018761610728681953,0.7999999985924402,0.1611784002631506,0.018761610728681953
394,0.15238584712904385,0.13128352861984333,0.15238584712904385,0.13128352861984333,0.021665777117005916,0.7999999986628182,0.15238584712904385,0.021665777117005916
395,0.15623652632994248,0.14426031578479986,0.15623652632994248,0.14426031578479986,0.02268457993717122,0.7999999987296773,0.15623652632994248,0.02268457993717122
396,0.13633110243862834,0.10835055742829504,0.13633110243862834,0.10835055742829504,0.02292554197282801,0.7999999987931934,0.13633110243862834,0.02292554197282801
397,0.16182256241626608,0.11518270216061509,0.16182256241626608,0.11518270216061509,0.02392612643196882,0.7999999988535337,0.16182256241626608,0.02392612643196882
398,0.17751208912213365,0.14438954276298963,0.17751208912213365,0.14438954276298963,0.016477386315591064,0.799999998910857,0.17751208912213365,0.016477386315591064
399,0.14787300525780225,0.10363825542680014,0.14787300525780225,0.10363825542680014,0.019264465620685747,0.7999999989653142,0.14787300525780225,0.019264465620685747
400,0.17125558474350208,0.12680798855160855,0.17125558474350208,0.12680798855160855,0.01734938822935284,0.7999999990170484,0.17125558474350208,0.01734938822935284
401,0.16002174976352082,0.11969373059963159,0.16002174976352082,0.11969373059963159,0.02765373101549086,0.799999999066196,0.16002174976352082,0.02765373101549086
402,0.1811788442316976,0.1398565384899689,0.1811788442316976,0.1398565384899689,0.02315857210442104,0.7999999991128862,0.1811788442316976,0.02315857210442104
403,0.16604094637985586,0.14154001108305425,0.16604094637985586,0.14154001108305425,0.024930870365201648,0.799999999157242,0.16604094637985586,0.024930870365201648
404,0.16639600442834793,0.15191623324549236,0.16639600442834793,0.15191623324549236,0.02506822560742481,0.7999999991993798,0.16639600442834793,0.02506822560742481
405,0.14376667856460112,0.14107674914407412,0.14376667856460112,0.14107674914407412,0.009669600566560927,0.7999999992394108,0.14376667856460112,0.009669600566560927
406,0.12958430271335464,0.11560016828807462,0.12958430271335464,0.11560016828807462,0.015139936781150831,0.7999999992774403,0.12958430271335464,0.015139936781150831
407,0.13939903392312447,0.11910179244140301,0.13939903392312447,0.11910179244140301,0.018093470116237763,0.7999999993135682,0.13939903392312447,0.018093470116237763
408,0.144683390232516,0.12031407685024206,0.144683390232516,0.12031407685024206,0.020340301469667716,0.7999999993478898,0.144683390232516,0.020340301469667716
409,0.14813107102970682,0.12093150283261153,0.14813107102970682,0.12093150283261153,0.022055262337301748,0.7999999993804953,0.14813107102970682,0.022055262337301748
410,0.15070684607163437,0.12152565426256898,0.15070684607163437,0.12152565426256898,0.023292440735700873,0.7999999994114705,0.15070684607163437,0.023292440735700873
411,0.15225143449530176,0.1344263969365519,0.15225143449530176,0.1344263969365519,0.024209915205817764,0.799999999440897,0.15225143449530176,0.024209915205817764
412,0.1341009664750755,0.11578962247465223,0.1341009664750755,0.11578962247465223,0.016988711398052088,0.7999999994688521,0.1341009664750755,0.016988711398052088
413,0.13720074324840933,0.12702654910777147,0.13720074324840933,0.12702654910777147,0.02015629207347267,0.7999999994954096,0.13720074324840933,0.02015629207347267
414,0.12478047481086393,0.12586584196840347,0.12478047481086393,0.12586584196840347,0.0048101834154466,0.799999999520639,0.12478047481086393,0.0048101834154466
415,0.11458869596641995,0.11640005797503301,0.11458869596641995,0.11640005797503301,0.00401543906609032,0.7999999995446071,0.11458869596641995,0.00401543906609032
416,0.11198515874117236,0.11568540435791674,0.11198515874117236,0.11568540435791674,0.0011017425348995675,0.7999999995673768,0.11198515874117236,0.0011017425348995675
417,0.10875864887935877,0.11403299705880532,0.10875864887935877,0.11403299705880532,-0.0007373428252122243,0.7999999995890079,0.10875864887935877,-0.0007373428252122243
418,0.10585965303799727,0.08752381516835506,0.10585965303799727,0.08752381516835506,0.014175908127190637,0.7999999996095575,0.10585965303799727,0.014175908127190637
419,0.141317498843891,0.12866905921866034,0.141317498843891,0.12866905921866034,0.013231352529219278,0.7999999996290796,0.141317498843891,0.013231352529219278
420,0.11875309032205807,0.09036518247113116,0.11875309032205807,0.09036518247113116,0.01739849675496772,0.7999999996476257,0.11875309032205807,0.01739849675496772
421,0.15141669267435248,0.13127400766407443,0.15141669267435248,0.13127400766407443,0.015975825554530507,0.7999999996652444,0.15141669267435248,0.015975825554530507
422,0.12595947691290119,0.11725541021270582,0.12595947691290119,0.11725541021270582,0.005821118026327343,0.7999999996819822,0.12595947691290119,0.005821118026327343
423,0.11966610135032876,0.10269495376085246,0.11966610135032876,0.10269495376085246,0.011495397150238233,0.799999999697883,0.11966610135032876,0.011495397150238233
424,0.13247424269885885,0.11018488589536665,0.13247424269885885,0.11018488589536665,0.015471126302744342,0.7999999997129889,0.13247424269885885,0.015471126302744342
425,0.13882108220168177,0.12606900653815364,0.13882108220168177,0.12606900653815364,0.01843806228662242,0.7999999997273394,0.13882108220168177,0.01843806228662242
426,0.12415443975668734,0.10987946435771045,0.12415443975668734,0.10987946435771045,0.012774877058526606,0.7999999997409724,0.12415443975668734,0.012774877058526606
427,0.13119863759871733,0.09864838681864249,0.13119863759871733,0.09864838681864249,0.024503859278528897,0.7999999997539238,0.13119863759871733,0.024503859278528897
428,0.1605891214420986,0.12479208869039671,0.1605891214420986,0.12479208869039671,0.020611555049356148,0.7999999997662276,0.1605891214420986,0.020611555049356148
429,0.15155960209241717,0.1441880046011914,0.15155960209241717,0.1441880046011914,0.023041989149205102,0.7999999997779162,0.15155960209241717,0.023041989149205102
430,0.1355767456474426,0.11174433817884306,0.1355767456474426,0.11174433817884306,0.022822495996930463,0.7999999997890205,0.1355767456474426,0.022822495996930463
431,0.1606480053879033,0.130599802404498,0.1606480053879033,0.130599802404498,0.015820846350506478,0.7999999997995695,0.1606480053879033,0.015820846350506478
432,0.15349233852659772,0.10950873816677612,0.15349233852659772,0.10950873816677612,0.026548934844152557,0.799999999809591,0.15349233852659772,0.026548934844152557
433,0.1763973643729758,0.13253513938396977,0.1763973643729758,0.13253513938396977,0.02228782062238944,0.7999999998191115,0.1763973643729758,0.02228782062238944
434,0.16280088638623327,0.12301241812214304,0.16280088638623327,0.12301241812214304,0.031137189974367402,0.799999999828156,0.16280088638623327,0.031137189974367402
435,0.1833250308496515,0.14256283188423477,0.1833250308496515,0.14256283188423477,0.03349234017936732,0.7999999998367482,0.1833250308496515,0.03349234017936732
436,0.19046789779300466,0.14464969467483235,0.19046789779300466,0.14464969467483235,0.03140539400335961,0.7999999998449108,0.19046789779300466,0.03140539400335961
437,0.19982564273658632,0.16737313890305763,0.19982564273658632,0.16737313890305763,0.021665250237680834,0.7999999998526652,0.19982564273658632,0.021665250237680834
438,0.16355954733331307,0.14632944209887025,0.16355954733331307,0.14632944209887025,0.009235675353376837,0.799999999860032,0.16355954733331307,0.009235675353376837
439,0.14631355807583352,0.10877276096110763,0.14631355807583352,0.10877276096110763,0.02098665815657858,0.7999999998670304,0.14631355807583352,0.02098665815657858
440,0.1713463306086394,0.13237269874866936,0.1713463306086394,0.13237269874866936,0.026450364995872402,0.7999999998736789,0.1713463306086394,0.026450364995872402
441,0.1823439849612379,0.13806663510048442,0.1823439849612379,0.13806663510048442,0.026431211503085777,0.7999999998799949,0.1823439849612379,0.026431211503085777
442,0.19377035070369758,0.16244596710581763,0.19377035070369758,0.16244596710581763,0.01802958516632707,0.7999999998859951,0.19377035070369758,0.01802958516632707
443,0.15915623717670158,0.11487226605065251,0.15915623717670158,0.11487226605065251,0.02046486769472272,0.7999999998916953,0.15915623717670158,0.02046486769472272
444,0.17938296102676357,0.1348890847912061,0.17938296102676357,0.1348890847912061,0.018296946229987197,0.7999999998971106,0.17938296102676357,0.018296946229987197
445,0.1660327549472089,0.15202264244405977,0.1660327549472089,0.15202264244405977,0.021275811910394418,0.799999999902255,0.1660327549472089,0.021275811910394418
446,0.14605130417742657,0.14467414272495652,0.14605130417742657,0.14467414272495652,0.00577266359198225,0.7999999999071422,0.14605130417742657,0.00577266359198225
447,0.13043757153342234,0.11725995888256445,0.13043757153342234,0.11725995888256445,0.012561687395851187,0.799999999911785,0.13043757153342234,0.012561687395851187
448,0.13984653119157073,0.12008810134512088,0.13984653119157073,0.12008810134512088,0.016200037298361745,0.7999999999161957,0.13984653119157073,0.016200037298361745
449,0.14451419535732518,0.1336189435794112,0.14451419535732518,0.1336189435794112,0.018934885114177107,0.799999999920386,0.14451419535732518,0.018934885114177107
450,0.12823971563770747,0.10198155009333501,0.12823971563770747,0.10198155009333501,0.020245483430309102,0.7999999999243667,0.12823971563770747,0.020245483430309102
451,0.1558819606685426,0.13728084572121751,0.1558819606685426,0.13728084572121751,0.013887743902328591,0.7999999999281483,0.1558819606685426,0.013887743902328591
452,0.1305353907806961,0.09730326521432206,0.1305353907806961,0.09730326521432206,0.017694466257040166,0.7999999999317409,0.1305353907806961,0.017694466257040166
453,0.1596808304592896,0.12399867499089436,0.1596808304592896,0.12399867499089436,0.02426391911613455,0.7999999999351538,0.1596808304592896,0.02426391911613455
454,0.17535905584722022,0.16123352671592928,0.17535905584722022,0.16123352671592928,0.01686818524282424,0.7999999999383961,0.17535905584722022,0.01686818524282424
455,0.14661736182016788,0.1288543410375226,0.14661736182016788,0.1288543410375226,0.012945908119282909,0.7999999999414763,0.14661736182016788,0.012945908119282909
456,0.14910302736490713,0.12612194025853868,0.14910302736490713,0.12612194025853868,0.01675023933672129,0.7999999999444025,0.14910302736490713,0.01675023933672129
457,0.15239506206564002,0.11300905626998346,0.15239506206564002,0.11300905626998346,0.026731381861693868,0.7999999999471824,0.15239506206564002,0.026731381861693868
458,0.17390186128626772,0.13392472074679862,0.17390186128626772,0.13392472074679862,0.03009028275833002,0.7999999999498233,0.17390186128626772,0.03009028275833002
459,0.18453976226976052,0.13939860950680455,0.18453976226976052,0.13939860950680455,0.02888413656552191,0.7999999999523322,0.18453976226976052,0.02888413656552191
460,0.1933915095250692,0.14899776655612362,0.1933915095250692,0.14899776655612362,0.019867741873817436,0.7999999999547156,0.1933915095250692,0.019867741873817436
461,0.1779184824943336,0.14894020290089627,0.1779184824943336,0.14894020290089627,0.02228203705853142,0.7999999999569798,0.1779184824943336,0.02228203705853142
462,0.15438218160862427,0.1418423837898724,0.15438218160862427,0.1418423837898724,0.006692232987535803,0.7999999999591308,0.15438218160862427,0.006692232987535803
463,0.13667195288561307,0.11538571894809635,0.13667195288561307,0.11538571894809635,0.013191122634170185,0.7999999999611743,0.13667195288561307,0.013191122634170185
464,0.1442319475074963,0.11881399498108104,0.1442319475074963,0.11881399498108104,0.016660677659059667,0.7999999999631157,0.1442319475074963,0.016660677659059667
465,0.14813951346940907,0.12019208579593844,0.14813951346940907,0.12019208579593844,0.019275862047160017,0.7999999999649599,0.14813951346940907,0.019275862047160017
466,0.15051309533590185,0.12081552412139221,0.15051309533590185,0.12081552412139221,0.021276585469966792,0.7999999999667119,0.15051309533590185,0.021276585469966792
467,0.1523811243305511,0.1085984060441608,0.1523811243305511,0.1085984060441608,0.030006138265909914,0.7999999999683763,0.1523811243305511,0.030006138265909914
468,0.17494101891856256,0.14402718422333022,0.17494101891856256,0.14402718422333022,0.02486052477203502,0.7999999999699575,0.17494101891856256,0.02486052477203502
469,0.14352954547414704,0.10063141431327179,0.14352954547414704,0.10063141431327179,0.02551520102135615,0.7999999999714597,0.14352954547414704,0.02551520102135615
470,0.16960736103316593,0.13879811929510058,0.16960736103316593,0.13879811929510058,0.02225433061454047,0.7999999999728866,0.16960736103316593,0.02225433061454047
471,0.13934266790048003,0.12280077429175937,0.13934266790048003,0.12280077429175937,0.010673713417853246,0.7999999999742423,0.13934266790048003,0.010673713417853246
472,0.12949844435737565,0.11902291552576208,0.12949844435737565,0.11902291552576208,0.006580478480787935,0.7999999999755302,0.12949844435737565,0.006580478480787935
473,0.12294519454176783,0.10560889895846313,0.12294519454176783,0.10560889895846313,0.011244747517882335,0.7999999999767536,0.12294519454176783,0.011244747517882335
474,0.13216095989281187,0.09750709302687804,0.13216095989281187,0.09750709302687804,0.023301057358215596,0.7999999999779159,0.13216095989281187,0.023301057358215596
