,-1,-2,0,757,11676,6528,7998,17571,7195,15337
0,1,0,0.015178677102343548,0.05854784692190027,0.743888156273736,0.8395774602792672,0.7420496558515871,0.2486079714926641,0.41330874992103306,0.023964978146280083
1,0,0,0.03194580956543723,0.058037940521177465,0.7438387415946269,0.8340254555822,0.9027163447155421,0.263879233755144,0.6590971325033341,0.121428436992633
2,0,0,0.035665522194341,0.05794165542557591,0.7369243098412879,0.7191759942333262,0.8992923160688526,0.2515953530694486,0.7419686502587712,0.04197464136827915
3,0,1,0.06220019419856694,0.8179297926795285,0.740644466412514,0.9950153879922785,0.3271966247493074,0.26141763484488684,0.7665340080873222,0.027841576709776602
4,0,0,0.0004870620996677153,0.5372343632889499,0.7426718708584352,0.9849048392912257,0.4523761538565733,0.2978488681487142,0.7762993443884121,0.02470220332156096
5,0,0,0.0014630750657654026,0.2810166336629519,0.7434519427660451,0.9753828473878196,0.5281697956429708,0.2511481488153321,0.772163967004888,0.023571660951317495
6,0,0,0.005302304541784738,0.12688410947421513,0.7437462411446675,0.9610355275022671,0.5622271992888492,0.2745819287850876,0.7711272532464885,0.024024683240475818
7,0,0,0.012149097241299114,0.07424361154078651,0.7437954771082408,0.9544428770764396,0.5679348448075976,0.2469603095748158,0.771267914521017,0.024145422098544957
8,1,0,0.01668072098263637,0.061451978355938915,0.7438005584430122,0.4882374610507534,0.9391066930808903,0.2661197088942582,0.41245098404832825,0.024130450776575725
9,0,0,0.15960296019221978,0.0586716697114068,0.74380300847529,0.2813669121615004,0.9596012929167077,0.2500167170469957,0.6590075033196239,0.12187503499875109
10,0,0,0.5252821998383411,0.05808286221014109,0.7368824047825163,0.10956601952614808,0.9212910764581023,0.2627397864018045,0.757087393346732,0.04199802460844356
11,0,1,0.9417072469719086,0.8180359798447506,0.7406311807911958,0.8984639675608627,0.3394741320035816,0.25249904733197553,0.8208466126993055,0.025940521652095882
12,0,0,0.06026365462214545,0.5373493510316947,0.7428020125469992,0.9739993307984416,0.4232375956263132,0.30573949892350466,0.8682460143632542,0.019122033236402155
13,0,0,0.0020812110675173744,0.2809995849625663,0.7438796317548801,0.977381406315704,0.4195829565248367,0.2449796836213366,0.8026414762482809,0.015250375782721017
14,0,0,0.005269450568309057,0.12668511190747883,0.7444475938132352,0.9749500251549991,0.4100090217419321,0.279765744629272,0.7795396148679913,0.02076132318114384
15,0,0,0.011361307865901787,0.07399614934085157,0.7442174428503625,0.9774309165843347,0.38320287191964086,0.24292731233967246,0.773588689103759,0.02318568143072246
16,1,0,0.01486454726647309,0.06129867239045749,0.743984070729139,0.6987749706677805,0.864360781850111,0.26942304458912747,0.41321456395711653,0.02386157217473993
17,0,0,0.06168946351521988,0.05859808196860563,0.7438724048905617,0.6080519977628519,0.9432478163226995,0.24741870065490754,0.6590192486660972,0.12147303598251953
18,0,0,0.11698158173883945,0.058051999977137704,0.7369305545080305,0.40171452934339846,0.9154724158362914,0.26485243840730055,0.7455284794110967,0.04199030545120452
19,0,1,0.32743360215354794,0.8179892703086797,0.7406450912429725,0.9751669026354829,0.34171845816679497,0.25082808878958934,0.7765785884704192,0.027382215476145694
20,0,0,0.0020222730369147974,0.5372906504260244,0.7427043804956868,0.9818990997724986,0.46136683203627304,0.30722667099104267,0.8065383568195094,0.02356154057379197
21,0,0,0.0014962820492480098,0.28103381081240686,0.7435410337441949,0.9746032289364631,0.5142669415456053,0.24382429228676766,0.7805841445169827,0.02043981398119218
22,0,0,0.00532397335699768,0.1268514715977207,0.7439905737675032,0.962451686447964,0.5391425288223533,0.28074554353498454,0.7734585053450895,0.02306977977120302
23,0,0,0.01207147269535141,0.07416701210968009,0.7439297617120033,0.9593377919917422,0.5390061036983866,0.2421810252012628,0.7719161494114949,0.023875244766155674
24,1,0,0.016286574739332694,0.06140362944924006,0.7438564941572935,0.5222870891775503,0.9306321330441316,0.2700496310326239,0.4126860429987644,0.024055035402108498
25,0,0,0.13786989136454936,0.05864888620338785,0.7438237031557579,0.32680363912845795,0.9579816722761709,0.24693524049481747,0.6590345472499504,0.12175142742021997
26,0,0,0.44164313332602523,0.05807348054612388,0.7368970303087163,0.13376365909012383,0.9207243733533934,0.2652504512602561,0.7545599519331154,0.041991118854983675
27,0,1,0.904053517744561,0.8180217886201561,0.740635728901517,0.9096461881897614,0.34071493052406976,0.25051561222709084,0.8123347734277757,0.026249265389616486
28,0,0,0.04783524905123424,0.5373311927996828,0.7427815395170061,0.9751436275679626,0.43145267391625614,0.30750779424793273,0.8639342034296874,0.01990690583668863
29,0,0,0.0019450414475476905,0.28100221315629453,0.7438189069603217,0.9768198687793404,0.432535568800483,0.24360908435927858,0.800313108024024,0.015568890066601173
30,1,0,0.005280117795749344,0.12671343843000035,0.7444085779662172,0.6527020262984058,0.8992773639962718,0.28092603253150333,0.42198349706680244,0.020992329910201966
31,0,0,0.05442286712943955,0.07401444774314085,0.7441905121362149,0.5216774168855735,0.9529252730314993,0.24203467179620716,0.6607531416290806,0.11694552063270519
32,0,0,0.15448495706942378,0.061309000868387455,0.7373427765415783,0.29248618452040365,0.9195893641661341,0.27016188791691326,0.7451739837091548,0.04159541444259888
33,0,1,0.49966434909627616,0.8196016450524547,0.7407874208117926,0.9576622920060054,0.34706279464145673,0.24684252530051717,0.7805692436273581,0.027424093596061874
34,0,0,0.005166231568487936,0.5386899935763068,0.742740729913997,0.9796551938983448,0.4648078347222617,0.31089804132933657,0.8238731286633936,0.023124477360820565
35,0,0,0.001526808704207775,0.28209359223237407,0.7435817474520182,0.9741659208287133,0.5045691442430461,0.2410704452134262,0.7855503377598156,0.018833485202769732
36,0,0,0.0053095526935265204,0.12728566006983835,0.7441144625925373,0.9636154593915692,0.5239106303759896,0.2831473483141885,0.774826782664629,0.02252584609842614
37,1,0,0.011978529467809718,0.07424736265415348,0.7440020251625489,0.566335041491278,0.9285218366783019,0.24035965036602386,0.41275900366787927,0.02371817481484759
38,0,0,0.105577201147514,0.06140458974363481,0.743887411443322,0.36344699596756563,0.9580443905785649,0.27156323909208296,0.6584481705772096,0.1217017965224827
39,0,0,0.35608310730576714,0.05864217880913455,0.7369184213930788,0.16388417030718513,0.921069532502962,0.24575630369243742,0.7505875078385265,0.04210399732439713
40,0,1,0.8405031072123664,0.8183345419709931,0.7406336787344475,0.9179272598676622,0.3441118720099874,0.2662151614855193,0.8029644387161279,0.0267428495836865
41,0,0,0.0338412885712717,0.5376325210864202,0.7427462339527436,0.9766122882959617,0.4429895640477996,0.29368118702773166,0.8573507997386831,0.02080850748572372
42,0,0,0.0017978914728687212,0.2812655078240807,0.7437458932142929,0.9751151703808314,0.4513783939224385,0.2544730431661331,0.7972279870199186,0.01606629647980897
43,0,0,0.005313934457663891,0.1268583711025348,0.744353639857929,0.9717188993801202,0.4513327603623603,0.2718265417875274,0.7780427980224099,0.02130282415811208
44,0,0,0.011535768375662638,0.0740679459870922,0.7441536248828196,0.9723263031530412,0.4316848261186995,0.24911503046177952,0.7731812565151742,0.023353381234026038
45,1,0,0.015249570377676257,0.061329450971118436,0.7439547396957231,0.6512385029800382,0.8892688367692249,0.2643479337700536,0.41308602145963347,0.02390855754418299
46,0,0,0.0770907050748477,0.05861117054845739,0.7438610325368219,0.5211062040710313,0.9492711779996272,0.2514063887039803,0.6590285330842794,0.12154069110691801
47,0,0,0.18098728783490128,0.05805727315548514,0.7369225374137274,0.29951993102727903,0.9176553251483178,0.2616085559736559,0.7473737197408751,0.04198942657680148
48,0,1,0.5277588748795821,0.8179971253344257,0.740642928273215,0.958627896443276,0.3426980808119185,0.25339446519292047,0.7840111716102344,0.027146932112392906
49,0,0,0.005956912401164328,0.5373003445364836,0.7427203452275916,0.9804006967587675,0.4565162902128759,0.3049402670188591,0.8272098885284622,0.02275153097131298
50,0,0,0.001537383479930351,0.281028288262367,0.7436023251699307,0.9747981401729896,0.49170612856527973,0.24559777190578005,0.7865165303341304,0.018537040240606543
51,0,0,0.005320476742787203,0.12682163091001938,0.7441409157176075,0.9659214782970901,0.5076477580627913,0.2792452179592956,0.7750928149291455,0.022421605696290037
52,1,0,0.011870155917125869,0.07411733778610086,0.7440166183298317,0.5838381540470036,0.9231394849116017,0.2433365285747645,0.4128620423220348,0.023687765011282128
53,0,0,0.09760304071747475,0.06137234721747376,0.7438935628034098,0.3909304240229057,0.9569876425571844,0.2690922140193244,0.6584691896359088,0.12164776123845739
54,0,0,0.3165809015273247,0.058633953299026924,0.7369240034275618,0.18342934810227496,0.9206972815633434,0.24768125293812407,0.7496489138358859,0.04209918796576636
55,0,1,0.7968604662549509,0.8183264747397782,0.740635568391447,0.9254048047525789,0.34440116087684286,0.264640061826854,0.7987470161501609,0.026860506500356946
56,0,0,0.026411069920760658,0.5376229000165711,0.7427384742478159,0.9773456813311642,0.44671581343441646,0.2950533329072685,0.8531148106958136,0.02122650160149852
57,0,0,0.0017261689698254026,0.28126437348726063,0.7437144092639796,0.9748951819893722,0.4591769189965571,0.25338189830200836,0.7953861641460365,0.016393695532057946
58,0,0,0.005317660885421997,0.12687200934730056,0.744322032303549,0.9706954965308756,0.4619952969879039,0.27273354833983693,0.7775345828254437,0.02149054241502241
59,0,0,0.011593236820739717,0.07408032484264453,0.744131763999165,0.970998048140148,0.44454155828259995,0.24840464591038014,0.7730415411624086,0.02341061899333917
60,1,0,0.015352622191797284,0.06133729042889662,0.7439447064148043,0.6368626034803988,0.8951752321673863,0.2649286366312669,0.4130415836551612,0.02392468825568163
61,0,0,0.08239783502246796,0.05861507727398101,0.7438571382151257,0.4972200797729572,0.9506102556223326,0.25094857974453133,0.6590274740868604,0.12156408334165351
62,0,0,0.20363464850170926,0.05805895789294064,0.7369197759849393,0.27374161580481327,0.9181344271193728,0.2619799712207753,0.7480062554673469,0.041989948334396295
63,0,1,0.5874094332926427,0.8179997554839736,0.740642124911351,0.9531495888324215,0.342746550522136,0.2530998714492212,0.7865923983930645,0.027066739087935856
64,0,0,0.008230877492159764,0.5373036701223535,0.7427257681716889,0.9798502184248465,0.4544905996125738,0.305202456365093,0.8330978379828197,0.022476650816875783
65,0,0,0.0015592009431581154,0.28102643776549496,0.7436231239359328,0.9749554100125489,0.4845194433413508,0.24539420062317355,0.788306409622856,0.018027354294348884
66,0,0,0.005317087970794025,0.12681151610154398,0.7441823822671636,0.9669201488591085,0.49767164653733886,0.27941703887135966,0.7755852971580709,0.022230032483560543
67,0,0,0.0118127493211896,0.07410314461760097,0.7440414690399599,0.9663006785013579,0.48818258913779133,0.24320327968946387,0.772503440682318,0.023631581239312905
68,1,0,0.01572515131767761,0.06136340400690851,0.743904346439592,0.5845933190882131,0.9132085059050719,0.26920136459099714,0.4128701697448002,0.023986917478469188
69,0,0,0.10459543154399703,0.05862964321335892,0.7438416590721904,0.415994709057535,0.9544993526879295,0.24759544575868636,0.6590198406795243,0.1216543528853132
70,0,0,0.3001241309390842,0.058065452208063306,0.7369089932086738,0.19688385038902786,0.9195128400997522,0.26470988060621453,0.7506395532953003,0.04199264780312043
71,0,1,0.7720559469123164,0.8180099771029877,0.7406389410912693,0.9326946297313623,0.34229018193081995,0.2509412352068644,0.7973214028781339,0.02673536186556348
72,0,0,0.022617724408539604,0.5373166565085542,0.7427482138236602,0.977664698188971,0.4453167232434851,0.30712693419299997,0.8508550396553259,0.021368483528244695
73,0,0,0.0016936194232536307,0.2810181733487666,0.7437071226793389,0.9757316246899609,0.4592855545624002,0.24390285292203262,0.7944161341222701,0.01657058284393795
74,1,0,0.005300945259416426,0.1267703360301908,0.7443076281359331,0.6254679937770138,0.9117569809461334,0.2806780701116622,0.41968550063299903,0.021590088847906645
75,0,0,0.06185297460491899,0.07405748506575731,0.7441208192521535,0.47431276913602066,0.955829031135229,0.24222862743923798,0.6599459182343425,0.1181122436649954
76,0,0,0.1936951316404454,0.0613347805317601,0.7372400261202353,0.24378694657349592,0.9207964106175637,0.2700039512931491,0.7458243197028314,0.04176612607204376
77,0,1,0.607768698432086,0.8196778214849497,0.7407468352649469,0.9463357677434796,0.34788617263184646,0.24696713605412887,0.7849574673932057,0.02734235345826146
78,0,0,0.009343378859300148,0.5388036953192135,0.7427352781154688,0.9784276576133601,0.4622452096083483,0.31079081950144327,0.8345249798059388,0.022652055274389526
79,0,0,0.0015676937304555088,0.2821867039658494,0.7436134251342039,0.9742783795103221,0.4928920491763582,0.24115884156705786,0.7887977073137619,0.017907334614850775
80,0,0,0.005305511725879096,0.12731122549558951,0.744188131064382,0.9653363188530111,0.5074640979939358,0.2830776046764832,0.7757206181420255,0.022177873843439
81,0,0,0.011876591743303534,0.07423362366035968,0.7440467100089547,0.964934481056346,0.4997945356391875,0.24041444592399466,0.7725395348754059,0.023616169956609197
82,1,0,0.015826492046183804,0.061391114826685314,0.7439068706384532,0.5693848417890714,0.9174750072597735,0.2715169701496505,0.4128937056384582,0.023982733740215867
83,0,0,0.11197172532055928,0.05863496622324054,0.7438426476691772,0.3945715753384706,0.9553678441144731,0.24579155696315563,0.6590425482889761,0.12164211198777403
84,0,0,0.3312063237002541,0.058066353883483794,0.7369101443474216,0.17935144668891234,0.9198120345490738,0.26618585826503177,0.7515179332269474,0.041988090330937984
85,0,1,0.8119952044092702,0.8180097998506902,0.7406395830851027,0.9271177744568254,0.3419663590308374,0.2497790957051879,0.8006982492406692,0.02662565794125336
86,0,0,0.02823472437973681,0.5373158406063543,0.742756112505324,0.9770196197851938,0.44222518380043735,0.3081654489166638,0.8546908977619792,0.021030849827023797
87,0,0,0.0017474173590375326,0.2810110765804081,0.7437330035380504,0.9760191798537694,0.4525524233671837,0.2431002040960159,0.7959763311153242,0.016270904192337902
88,0,0,0.00529514866126187,0.12675571160574223,0.7443357530158591,0.9709928870308773,0.45366321210162086,0.28135803982108487,0.7776973288978577,0.021430090900510932
89,1,0,0.011581562739830426,0.07404581636141176,0.7441397784883093,0.6450600307616822,0.902141327675187,0.24170458855358085,0.4138509325083497,0.023392272218659867
90,0,0,0.07370049210314507,0.06132777511189867,0.7439481997159817,0.48700125905059743,0.9525489111451801,0.27043684210873875,0.6587776714210816,0.12113008963928519
91,0,0,0.20276399236801906,0.058612275828620254,0.7369762740007963,0.2706964587041637,0.9190690369427194,0.24662914834014357,0.7468943650876234,0.04203239935109563
92,0,1,0.5894134017531061,0.8182825988836524,0.7406548020706061,0.9506879468109339,0.34467721199225954,0.26549871947093473,0.7862063711641266,0.027208245229841412
93,0,0,0.008403905785429294,0.5375615572281538,0.7427193077676117,0.9799970913998745,0.4571376855798689,0.29430192019237844,0.8331895756977012,0.022518512561688863
94,0,0,0.0015574523631074952,0.2812323321577551,0.7436184043981039,0.9740850143228094,0.4876398809445804,0.2539753554620541,0.7883487226857007,0.01801979795235184
95,0,0,0.005334793236597275,0.12690141447865744,0.7441816139585626,0.9669768377446085,0.501383938523818,0.2722381143815588,0.7755966811359511,0.022225555953520684
96,1,0,0.011805394075187972,0.07412710333744629,0.7440415716653284,0.5877247262356967,0.9208911787353348,0.24879452532502674,0.413056242123973,0.023630283686889787
97,0,0,0.09587551837102784,0.06136869195603131,0.7439044657485564,0.40079853220977857,0.9565207279530515,0.26461287799874883,0.6585286308202293,0.1215459696201546
98,0,0,0.3041791496132655,0.058630739936149735,0.736934326780916,0.18968412525153838,0.9205210674249362,0.25119940759915754,0.7494614676790553,0.04208628289206643
99,0,1,0.7813469662805949,0.8183184211019353,0.7406393468782616,0.9281162986389617,0.3443495440641309,0.2617774414563205,0.7974363316155425,0.02688395868014411
100,0,0,0.024167388035557083,0.5376113906364098,0.7427378667215838,0.9775072386413352,0.4477078805838219,0.29755701921162553,0.8516216027396353,0.021357978141619934
101,0,0,0.0017056625483576429,0.281255915238725,0.7437050106153046,0.9749501719099682,0.4615501896956859,0.2513992534859634,0.7947726751817595,0.016510575508096727
102,0,0,0.0053158143135144074,0.12687261874450387,0.7443112541651529,0.9702874080893659,0.46528855963071064,0.27438606782102015,0.7773654882974474,0.021553483162650728
103,1,0,0.011616336117516774,0.07408347943879558,0.744124384298532,0.6292250668380354,0.90700175905105,0.24711253346721856,0.4137275730999416,0.02342969733286358
104,0,0,0.07928935026339975,0.061339710064589534,0.7439413364687623,0.4651610516490192,0.9535992164826017,0.26598585604310326,0.6587390227071976,0.12119458312732138
105,0,0,0.225826403569097,0.05861634416992227,0.7369697465095059,0.24698121502150722,0.9194488661285778,0.2501158735752196,0.7475501524656577,0.04204075659519001
106,0,1,0.6446033880187659,0.8182888576109035,0.7406523990550871,0.9451474786668812,0.34460288583610854,0.2626560770052682,0.78881822845807,0.0271249956909481
107,0,0,0.011351370931899259,0.537569964769636,0.7427245042096879,0.9793237302743245,0.4549432534128835,0.2967852953585733,0.8385385735364788,0.022243158302021643
108,0,0,0.0015858070182734592,0.28123462032199864,0.7436391732123702,0.9743744744044196,0.48069566429147986,0.252006794739511,0.7900574423043617,0.017568743775595655
109,1,0,0.005327958573839091,0.12689307258171104,0.7442189566306171,0.606732115790096,0.9206486171511074,0.2738776363508058,0.41800118649776713,0.02204445593748345
110,0,0,0.06748099834182761,0.07411452261386088,0.7440645513960308,0.4379408321041621,0.9578021102982451,0.24751072127132923,0.6593553417884994,0.11897435608539107
111,0,0,0.22854813830893905,0.06136054305538664,0.7371627498505032,0.21243010815616067,0.9216188525089029,0.2656615947426032,0.7463224050137302,0.041891560634655746
112,0,1,0.6832535032148922,0.8197387210360082,0.7407165180430638,0.9370143647401168,0.3484088183360235,0.2503722624200523,0.7887833290924227,0.02727986226536726
113,0,0,0.014202909266032442,0.5388924494718773,0.742731306370022,0.9775419137300032,0.45978140727895367,0.30774283909335315,0.8418116855618495,0.02224794231229507
114,0,0,0.0016126081556103236,0.28225916591362626,0.7436407109455355,0.9742567749081649,0.4840683726468932,0.24351152460402678,0.7912074706729222,0.017299218700008327
115,0,0,0.005305611678727702,0.1273299392992909,0.7442382785334511,0.966733272698819,0.49506013015521977,0.28108299942753584,0.7763838706276761,0.02192362808819346
116,1,0,0.011794633261807706,0.07422461935237491,0.7440783436473446,0.5987078058581369,0.918516622956338,0.241946945484713,0.41335179306099346,0.023540786782261715
117,0,0,0.09118031974377115,0.0613817373228172,0.7439208682871653,0.4127517946845046,0.9560133370857876,0.27024658612864777,0.6586315623396061,0.12139112226829625
118,0,0,0.286844584728583,0.05862984549933262,0.7369499790406909,0.20141942569964322,0.9203211708028649,0.24678042202595168,0.7489342131851535,0.04206423545150626
119,0,1,0.7555082359366646,0.8183084860202077,0.7406452512873651,0.9313534592571531,0.3445227327816145,0.2653759745430651,0.7955258528709657,0.02695015842367878
120,0,0,0.020967103970229828,0.5375959410261001,0.7427348372585052,0.9780195716472802,0.449446583821326,0.29441045777904096,0.849161650865675,0.021551276109921618
121,0,0,0.001674462791777045,0.28124637378901035,0.743690603857829,0.9746579215002261,0.4655876547046791,0.25389099105891927,0.7938103457683776,0.0167047869741936
122,1,0,0.005322862562141111,0.12687501275900281,0.7442936770452936,0.6232279602033803,0.9143031192820835,0.27230905945808814,0.4194506527871199,0.02165265403157899
123,0,0,0.06248178476088274,0.07408899397822526,0.7441125927376517,0.4641377943738905,0.9563719249016016,0.24873745760338514,0.6598661776099027,0.11823209691560375
124,0,0,0.20224514784901826,0.06134368149028917,0.737229170750915,0.23675936843482884,0.9210049555499672,0.26465730210271676,0.7458759033116753,0.04178308797510577
125,0,1,0.6261588516707975,0.8196893822083879,0.7407426231813805,0.9438412240187021,0.34807432778978736,0.2511629758582428,0.7858819749019256,0.02733591074729283
126,0,0,0.010360522680917209,0.5388189912278183,0.7427345686813676,0.9783470892734661,0.4617218518611484,0.3070334890365365,0.8363230172694344,0.022553814766978045
127,0,0,0.0015761903720134137,0.2821992117263083,0.7436201290823286,0.9741110391290381,0.49081287710719873,0.2440562086828186,0.7893750936262066,0.01775536432458485
128,0,0,0.005309881631602122,0.1273135584004329,0.7442006321001956,0.9658184141771741,0.5045327167282541,0.28061790820611593,0.7758794137107241,0.022116648918552917
129,1,0,0.011848656110120157,0.07423076202978729,0.744054444891166,0.5876664757246941,0.9219332303691465,0.242304126267043,0.41316017550340095,0.023598097592797643
130,0,0,0.09587759259554832,0.0613886754002943,0.7439102680548891,0.3961630904391707,0.9567157211199574,0.2699515101967523,0.6585715161352674,0.12149147098595614
131,0,0,0.3090900982008321,0.05863368860550487,0.7369398439141822,0.1878515496244378,0.9205798336386595,0.2470109870056469,0.7494743713972679,0.042077231713280344
132,0,1,0.7870515954099047,0.8183167870629847,0.7406415186469831,0.9268481713858326,0.3444035960932146,0.2651876545635574,0.7979405663089892,0.026882256022818053
133,0,0,0.025003638926884765,0.5376076410367053,0.7427385861679087,0.977531825187645,0.44736518612957377,0.2945751164427081,0.8521765472646358,0.02130735507376358
134,0,0,0.0017126194778287166,0.2812524087632286,0.7437087631682643,0.974824138857167,0.4606967686657336,0.25376079917003636,0.7950010817959112,0.016467032588891456
135,0,0,0.005319447590887865,0.12686944039155582,0.7443153385888308,0.9705260456012258,0.4640961407397258,0.2724176589759616,0.7774283800628268,0.02153002860960437
136,1,0,0.011603091650177208,0.07408150578308963,0.7441271530320676,0.6296466416760477,0.9065060986983132,0.2486520215456395,0.4137521094134179,0.02342259935945896
137,0,0,0.07913174513003314,0.06133862714789965,0.7439425966144413,0.4670719238480093,0.9534914793728733,0.2647266398101646,0.6587458109624543,0.12118176535665769
138,0,0,0.2240245869864935,0.0586158325952626,0.7369710147266443,0.24831746843129845,0.9194093081539809,0.251107988650179,0.7475333652480168,0.04203926840142776
139,0,1,0.641001746585896,0.818287801224938,0.7406528563453428,0.9456166113435353,0.3445727503025976,0.2618507255738164,0.7886240404141988,0.027127112341152917
140,0,0,0.011125269352951911,0.537568493658872,0.7427244814773977,0.9793370424946074,0.45506427525883003,0.2974908872807127,0.8381887087741923,0.02226348693457836
141,0,0,0.0015839240307623536,0.28123349430874384,0.7436377393609634,0.9744030382206764,0.48112280895069487,0.2514491119581121,0.789942495156806,0.017597917662600604
142,0,0,0.0053271705384903886,0.1268932356598469,0.7442165165369751,0.9677192772494428,0.4923619031072548,0.2743431171656857,0.7760353176280392,0.022056584827194834
143,1,0,0.011762724088683932,0.07411524371812163,0.7440630291566005,0.5989880665530546,0.9176092405365922,0.24714718229421018,0.41322224470891145,0.023580367810748785
144,0,0,0.09109311096036263,0.061361057938293904,0.7439138752040468,0.41687109691431357,0.9558455851184555,0.2659592893215291,0.6585812407988553,0.12145898796334316
145,0,0,0.28257978631354297,0.0586270152862321,0.7369431739499923,0.20329844140737563,0.9202734372139338,0.2501379503303669,0.7489089738040261,0.042074906316896483
146,0,1,0.7497903698301585,0.8183109633134602,0.7406426074540904,0.9324429246615946,0.34448957539691194,0.26263874383269353,0.7950805329479944,0.026953434930503367
147,0,0,0.02027938344404314,0.5376009726756595,0.7427338766925555,0.9780070265523075,0.449766842491265,0.29680182193861787,0.8486082219096758,0.021596491379140558
148,0,0,0.0016687863200689436,0.28125107514369774,0.7436871644394786,0.9747558403250077,0.4664148868125543,0.2519954343717821,0.7935967261961872,0.01674879787798011
149,0,0,0.005319976311760554,0.1268785602679515,0.7442896456959451,0.9696983491089435,0.4719849075519127,0.27388807195384485,0.7770413741029728,0.02167473502419263
150,1,0,0.011649777647985016,0.07409105055155919,0.7441099348454867,0.6216257133178699,0.9097330127955442,0.24750177651812724,0.41360464002203373,0.023466313126268425
151,0,0,0.08211631956183503,0.06134475702374909,0.7439347899295423,0.4530702683782205,0.9541867589876107,0.2656675766764024,0.6587003332805207,0.12125885876796443
152,0,0,0.23912658986500623,0.05861887894771043,0.736963323177261,0.2353330352092556,0.9196646264256587,0.2503666856304596,0.7478757625567002,0.04204912035660979
153,0,1,0.6726338479640863,0.8182941757704969,0.7406500244730341,0.9420295501028123,0.3445951885436631,0.2624524800932647,0.7903001407415973,0.027083790265754262
154,0,0,0.013238653205650559,0.5375774436928837,0.7427267490055266,0.9789969232422576,0.45373987411946015,0.29696392221526574,0.8412344420178994,0.022088437909782998
155,0,0,0.001603378792670875,0.28123860199985856,0.7436506566927795,0.9744708577766721,0.4770839863722919,0.25186596755419244,0.790956775322683,0.01734554422611924
156,0,0,0.00532584998793212,0.1268896188037964,0.7442377657054646,0.9682888666170483,0.48675220772937733,0.27399538225067555,0.7763144353228033,0.021949822245364414
157,0,0,0.011730119568921496,0.0741083841314624,0.7440763651102292,0.9676069360695171,0.4746813040065453,0.2474185378937698,0.7727057735886199,0.023548664287986375
158,1,0,0.01561835433160989,0.0613564271288943,0.7439197708757723,0.6022613093605872,0.9079432221368506,0.2657367009646145,0.41293460735627235,0.02396350128817442
159,0,0,0.09656433791966881,0.05862471402915005,0.7438475491409663,0.44117356679017244,0.9533929496155942,0.25031290035043335,0.6590274321189542,0.12162041131663204
160,0,0,0.26644692129840575,0.058063110062639506,0.7369130671655283,0.21939820278571173,0.9191215027369202,0.26249649291485744,0.7496903759861319,0.04199071967670578
161,0,1,0.7189008001151918,0.8180061791317219,0.7406402082730227,0.9392364659318181,0.34256732872673085,0.2526906607790189,0.7936153223473451,0.02685434175568605
162,0,0,0.01687988119185677,0.537311746502794,0.7427401891806218,0.9784264462053462,0.4486218520644176,0.30556703668422674,0.8457824835698124,0.0217451290237496
163,0,0,0.0016395750493146332,0.28102092018710334,0.7436784660791906,0.9754048184005156,0.46728599796029596,0.24511150617562202,0.7925150918611656,0.016974832503361015
164,0,0,0.005307869103107705,0.12678435259537107,0.7442714062900392,0.9692256776836969,0.47383926287925,0.2796555760105199,0.7767434738964731,0.021786900536683744
165,0,0,0.011681294823809562,0.07407124365454527,0.7440970491468664,0.9697938245875681,0.4590692861759705,0.24301766787533882,0.7728222030843188,0.02350002229530936
166,1,0,0.01545056733873634,0.061343371571130956,0.7439288776750685,0.6182328981553437,0.9015288208933657,0.26935275659653946,0.4129714927511203,0.023950029582413178
167,0,0,0.08975606403819533,0.05861990578050717,0.7438510018631972,0.4697337570328498,0.952016491047904,0.2474760486332759,0.6590166284338961,0.12160098370723015
168,0,0,0.23334132705168778,0.05806133322878067,0.736915421800536,0.2447262902777948,0.9186372400776476,0.26480683720199927,0.748878742358299,0.04199254590498966
169,0,1,0.6563023123257886,0.8180037415093202,0.7406407325873189,0.9464437177900449,0.3426446012480562,0.250864554690257,0.789955176920749,0.026956519413722513
170,0,0,0.011966268813420628,0.5373088860720989,0.7427331419464378,0.9790833080706755,0.4516600538599044,0.307195010235748,0.839777884297702,0.02212336263911226
171,0,0,0.0015946179182576542,0.2810244613442058,0.7436499650816771,0.9752624495471001,0.4757445112197991,0.24384976713332385,0.7904447678187755,0.017465507802192144
172,0,0,0.0053101497865861306,0.12679863924207194,0.7442291638052442,0.968028692015337,0.485532470881906,0.2807234101906284,0.7761736843666484,0.02200359870080935
173,1,0,0.011749267899826835,0.07408674826197563,0.744070226016655,0.6097157480566996,0.915085657351693,0.24219523224909908,0.41327237365691266,0.023564645780766738
174,0,0,0.08675478304746725,0.06135306270771439,0.7439169595276132,0.4298495152674434,0.955329664172836,0.2700332546918472,0.6585970458997092,0.12143270875095562
175,0,0,0.26537002129166476,0.05862462760229216,0.7369459144974593,0.21593031150000946,0.9200894234702515,0.246945267120879,0.7483976350632909,0.042071487126859014
176,0,1,0.7207734867293216,0.8183079469475905,0.7406436100411867,0.9359306972305497,0.34466780166307415,0.2652408702940682,0.7931706448240772,0.02701795439944688
177,0,0,0.017290267209216604,0.5375970773012035,0.742729612103367,0.9784868758567794,0.45151401973096505,0.2945281868856001,0.8458456992226798,0.02179182732293023
178,0,0,0.001640159639899526,0.28125153500402966,0.7436722737252673,0.97450538736113,0.47071568418513693,0.2537975004323551,0.7925740804891915,0.016970024245058658
179,0,0,0.005325731560823764,0.1268854362341901,0.7442700404427226,0.9692422198223307,0.4779008137727451,0.2723870898525433,0.7767596171227464,0.02178082276946698
180,0,0,0.01167571293482234,0.07409831262226473,0.7440970996707069,0.9687965051843396,0.46386584704390404,0.24867685683696214,0.7728286404563705,0.02349819438715994
181,1,0,0.015524181762698217,0.06134935944964916,0.7439290198523549,0.6152664672080871,0.9035300883252328,0.2647073157026098,0.41297309048068803,0.02394929173220961
182,0,0,0.09100331210219464,0.05862114589571941,0.7438510927933324,0.46132795132714854,0.9524481813583285,0.2511238253233772,0.6590276489964684,0.12160013668864894
183,0,0,0.24208543202806404,0.05806157414733304,0.7369155077626973,0.23819993324638705,0.9187875285973497,0.261838183845022,0.7490302327818017,0.04199040301673384
184,0,1,0.6733135613933933,0.8180038277423112,0.7406409080779134,0.9443816345668391,0.34269414303404155,0.2532124858210203,0.7909101853821319,0.02693740351888095
185,0,0,0.013147893912012052,0.5373087919258978,0.7427345359206746,0.9789759990533509,0.450948682091065,0.30510252913708885,0.8414198107356341,0.02202411273999801
186,0,0,0.0016049150576836345,0.2810232476336886,0.7436573186553713,0.9752083466938871,0.47357095236718105,0.24547211962606078,0.7909954651609172,0.0173299917655745
187,0,0,0.005311933727461348,0.12679482512471485,0.7442406884656383,0.9684162439134801,0.4825104177551025,0.2793510354851777,0.7763251645635699,0.021945716951121526
188,1,0,0.011727284768658851,0.07408254004417952,0.74407745727346,0.6124838885382393,0.9139263810106019,0.2432533524025593,0.413330385115614,0.023547446429574896
189,0,0,0.08565820011406894,0.06135044365149769,0.7439201569657852,0.43503748515215995,0.955086207174093,0.2691588521489898,0.6586144246810217,0.12140233913218056
190,0,0,0.2592927727099329,0.05862335672748184,0.7369489788054497,0.22019296524937115,0.9200001569871201,0.24762796799234174,0.7482722392377121,0.042067707796698946
191,0,1,0.7102528353682734,0.8183053747626914,0.7406447279693051,0.937309683417695,0.34466409091728006,0.26468296603299535,0.7925073353739226,0.027033773394691204
192,0,0,0.016308044159045063,0.5375934908291148,0.7427288072834031,0.9786055484137537,0.4520436856650579,0.2950146108490683,0.8448399654446324,0.02186002391349629
193,0,0,0.0016311973741660827,0.2812494031887885,0.7436672632895789,0.9744916176003529,0.4721562915529996,0.2534110058315768,0.792211875047937,0.01705125921363888
194,0,0,0.005325878007908496,0.12688677487858951,0.7442629669026655,0.9690315345486642,0.47989933389674,0.27270845826777707,0.7766598913250173,0.02181853974609758
195,1,0,0.011687699698985874,0.07410063128691273,0.7440925078899596,0.6122852660076268,0.9128674405240864,0.24842510552645092,0.4134601151960729,0.02350948994813513
196,0,0,0.08571522569528167,0.06135094412670614,0.7439269633036798,0.43876548953497657,0.9548528216871023,0.2649130773021185,0.6586546478310296,0.12133446591027085
197,0,0,0.2557844061701735,0.05862194206056193,0.7369557320302925,0.22192461291111554,0.9199090525280716,0.25096160118817157,0.7482909378275184,0.04205899459395875
198,0,1,0.7048347690106676,0.8183004992849551,0.7406472188706079,0.9382757387136756,0.3445524779459493,0.26196979681131105,0.7921472716671997,0.02703133176863497
199,0,0,0.015804217204411625,0.5375863184306814,0.7427296668720641,0.9785885034326907,0.452201706964046,0.29738727097596707,0.8443161179075753,0.021897050775535
200,0,0,0.0016272966312278465,0.2812431188278438,0.7436649000034933,0.9746055785345389,0.47276630035439415,0.25153192591631385,0.7920238411414184,0.01709373109480986
201,1,0,0.005322901092872915,0.12688515523663116,0.7442593390992458,0.6147390125172483,0.9173746056343905,0.2742745143080657,0.4187597209397837,0.021838147318710463
202,0,0,0.06500900770255028,0.07410121144424418,0.7440901343884883,0.4514726024602662,0.9570685070717821,0.24720029990360337,0.6596223792996202,0.11858537098088352
203,0,0,0.21476346430909882,0.06135162619694641,0.7371976732810588,0.22438865684600748,0.9213033097211029,0.2659149840802086,0.7461059856582968,0.041834810286230366
204,0,1,0.6547846118720493,0.8197127513621192,0.7407302240172189,0.9405591508843457,0.34822715706460555,0.2501723000140259,0.7872710401882812,0.02730697765918648
205,0,0,0.012129293731979494,0.5388538194409113,0.7427331819011586,0.9779346255177676,0.46078401341708275,0.3079199736441026,0.8390798821608775,0.022406849182128184
206,0,0,0.0015931764870985553,0.2822275051882548,0.7436300681649487,0.9742094563894153,0.48746779728704737,0.24337256993081718,0.7902800491293606,0.01752483137290028
207,0,0,0.005307080007453908,0.12732118687716304,0.7442195315042237,0.9662490213237682,0.4998373710434119,0.2811989485913264,0.7761285410109482,0.022021076943003554
208,0,0,0.01182317492767403,0.07422752078940825,0.744066349585288,0.966022324744798,0.49042428235664864,0.24185726634468505,0.7726523646523265,0.02356977558663695
209,1,0,0.015738718846239418,0.061385179015233,0.7439155325106824,0.5812079915615718,0.9140182781622618,0.2703209605239239,0.4129285145953124,0.023969674076558315
210,0,0,0.10618921409046364,0.0586317691832049,0.7438459490212224,0.4116688163675265,0.9546584870162754,0.2467226126778406,0.6590423763360087,0.12162376269030088
211,0,0,0.3063768341556793,0.05806494967276287,0.7369123795874939,0.19307423542601962,0.9195633933356782,0.26542336986543313,0.7508347030958227,0.04198787497081463
212,0,1,0.7807898782761106,0.8180076477614672,0.7406402187253078,0.931577913285116,0.3422010870217448,0.250378955544314,0.7980087989865114,0.02671091808023624
213,0,0,0.02373281102997265,0.5373131413410452,0.7427502870274989,0.9775228957808592,0.44465939206496696,0.30762901730082476,0.8516908011986307,0.021299312367312563
214,0,0,0.0017043118066215608,0.28101374342997915,0.7437125503497463,0.975807471835611,0.45783555336372855,0.24351441002582727,0.794745610349259,0.01650485353166881
215,0,0,0.005299378817951281,0.12676601554044,0.7443137285862201,0.9703521525221757,0.46087527758989116,0.28100695832932143,0.7773579775688448,0.02155618673851011
216,0,0,0.01161762739921448,0.07405465081638203,0.7441248754219266,0.9716024197967589,0.4433482335221259,0.24197521115129697,0.7729908042763947,0.02343054438407319
217,1,0,0.015310577413332796,0.06133320685561877,0.7439414122084888,0.635377100842351,0.8946563623369262,0.2702133973668034,0.4130259862565993,0.023930541897189784
218,0,0,0.08294633628552245,0.058614946007385794,0.7438558204646188,0.49889145315069217,0.9504968138983475,0.2468036669130588,0.6590159926550523,0.12157230169453301
219,0,0,0.20272551405818842,0.05805922207568018,0.7369188199404605,0.2736407535515197,0.9180967832700467,0.26535611327387765,0.7480682003811936,0.041992280218855885
220,0,1,0.5864290066414831,0.8180004832161297,0.740641694553685,0.9534730267580563,0.3426609862405228,0.2504316055940076,0.7865122669379602,0.02705891831504631
221,0,0,0.008177796489338673,0.5373047997417628,0.7427261998476454,0.9797703777400709,0.45445481558448125,0.30758152468068345,0.8329941278361321,0.02248505884619917
222,0,0,0.0015594016505025082,0.28102696310701664,0.7436226523665015,0.9750800292606674,0.48456161123756886,0.24355066796071698,0.7882736035862837,0.018036233014810537
223,0,0,0.005313782103842219,0.1268119514523581,0.7441816299050847,0.9668012158382703,0.4977484467314527,0.2809770060357781,0.7755763436095381,0.022233525934557862
224,0,0,0.011819463620709987,0.07410346862087908,0.7440410169337447,0.9663851428046688,0.48828096902959567,0.2420007258173119,0.7725006000320161,0.023632601606189994
225,1,0,0.015719101864018894,0.061363581284289315,0.7439041503815476,0.5839361029192793,0.9132462318263258,0.2701951038979083,0.41287011614606145,0.023987245255061043
226,0,0,0.10490064515262924,0.05862972469136691,0.7438415820884596,0.41570187357735616,0.9545071365474668,0.2468195856393201,0.6590189624782746,0.12165439221728569
227,0,0,0.30075250165417106,0.058065486410776676,0.7369089688343347,0.19637103762827293,0.9195157889566012,0.26534393651294574,0.750675404882782,0.041992818187809734
228,0,1,0.7730585121993251,0.8180100113949754,0.7406389222695106,0.932622587558793,0.34226707264746,0.25044153947463615,0.7973946862536524,0.026730878766614303
229,0,0,0.022736802565533256,0.5373167082707828,0.7427485241704023,0.9776343497085472,0.4452307573221596,0.30757324199582503,0.8509500524699605,0.021361085513691216
230,0,0,0.0016948833881487524,0.28101795969466636,0.7437077275894066,0.9757604661774043,0.45910754639697265,0.24355771171907817,0.7944528163689045,0.016563100073434336
231,0,0,0.005300227951065072,0.12676997383915434,0.7443083190580448,0.9701927431302769,0.462612224851873,0.28097050380519845,0.7772772804080582,0.021586310605108395
232,1,0,0.011626529166878874,0.0740571976176684,0.7441212743377185,0.6352032347688237,0.905942098040733,0.24200347800213523,0.4136915524144548,0.02343965549745306
233,0,0,0.07714687356602187,0.061334610738340546,0.7439397816945764,0.47085305516531006,0.9533804953347498,0.27019015866039425,0.6587277425508546,0.121213385873239
234,0,0,0.21905542592383168,0.05861560850058273,0.736967968400517,0.2542803378885232,0.9193743871924961,0.24682186757667388,0.747291144370014,0.04204319579187152
235,0,1,0.6283282198112826,0.818289507159972,0.7406517329542874,0.9466511134114811,0.3447133322404056,0.2653412654846563,0.7880363818920495,0.027157897167990164
236,0,0,0.01039584812693448,0.5375712567904501,0.7427220043800478,0.9795874122939601,0.45570428089001846,0.29443955579082476,0.8369732504807926,0.022325296044177906
237,0,0,0.0015761694186459466,0.28123767180090553,0.7436327164076435,0.9741942207736618,0.48286875704537463,0.2538664987728558,0.7895486900552224,0.01769958869282588
238,1,0,0.005332357499321785,0.1268972706332793,0.7442080055426044,0.6053197277233974,0.9215182274540198,0.2723289175089201,0.41780516794167605,0.02209820000906427
239,0,0,0.06792592919118062,0.07411867453124614,0.7440577679840585,0.43443931794593876,0.9579943027045736,0.2487231056764907,0.6592867571861146,0.11907507113025725
240,0,0,0.23204063564529326,0.0613630455818301,0.7371536624153819,0.20983379044917425,0.9217010493160885,0.26467070986550106,0.746355238736719,0.04190615894755332
241,0,1,0.6897999120643143,0.8197455817994104,0.7407129634665214,0.9360895394414344,0.3484735778935046,0.25115346125164245,0.7891594781917047,0.027275804300489127
242,0,0,0.014734993868630544,0.5389025880879607,0.7427306106047684,0.9774729360426301,0.45955522803431487,0.3070454792296818,0.8424404369008032,0.02220860866167538
243,0,0,0.0016173733830509333,0.28226764272540955,0.7436432814969924,0.9742327160182259,0.48329186948889447,0.24405143840719196,0.7914262181489214,0.017247681281482647
244,1,0,0.005306174276430723,0.12733240825976444,0.7442425991860422,0.5996368221369967,0.9212896233838197,0.28062598844107883,0.41852956146611703,0.021900716803010277
245,0,0,0.06960537651069369,0.07422407016043617,0.7440811395967282,0.4322931683053915,0.9578717398960813,0.24229891453859065,0.6595387717927528,0.11870328186156179
246,0,0,0.2353806154357465,0.06138096325213539,0.7371867403388337,0.20576859047278637,0.9216068577951526,0.26995543374670133,0.7466310988716237,0.041852518123408664
247,0,1,0.6976574444722736,0.8197359806773197,0.7407259374608871,0.935608519992019,0.3481721524289926,0.24700750581145758,0.7895825912743742,0.027240160022161775
248,0,0,0.01535365514893207,0.5388803506017565,0.7427367015422489,0.9772411179121026,0.45885613309403334,0.31075818473687966,0.8431865341413941,0.022164218350999482
249,0,0,0.0016244419778147054,0.28224530567749806,0.7436480765308995,0.9744868723473159,0.4818527208393709,0.24118800143180236,0.7916842453081709,0.01718673394014924
250,0,0,0.005300260307014881,0.1273206974190169,0.7442481913706055,0.9669032804459792,0.49204281962736307,0.2830562552011572,0.7765152536541048,0.021873720389745735
251,1,0,0.0117850923419423,0.0742194168710361,0.7440845719314987,0.6030444477483864,0.9174062409613892,0.2404313092064609,0.41340105329211513,0.023525885618651855
252,0,0,0.08939820581988976,0.061379130621170036,0.7439236283459966,0.4183305374662542,0.9557843986445502,0.27150215471960204,0.6586476157241491,0.12136533055726176
253,0,0,0.2793784437064589,0.05862867489122903,0.7369525939042391,0.2065657338972845,0.9202375119393129,0.24580243006007094,0.7487270887182049,0.0420607756120066
254,0,1,0.7436746227524011,0.8183062418131362,0.7406462218605511,0.9328646370273989,0.3445851120251343,0.26617658843656894,0.7947040004293473,0.026976253379798726
255,0,0,0.01964056263823249,0.5375928167024634,0.742733268464718,0.9782142762917299,0.4501811559070033,0.29371304040232177,0.8480346498758212,0.0216349376689934
256,0,0,0.0016618174102108793,0.2812452269384306,0.7436842973334064,0.9745660959345903,0.46736663333423384,0.25444548759552543,0.7933828194116797,0.016794484112822097
257,1,0,0.005324943813480579,0.12687735269622996,0.7442856542346603,0.6216425254989137,0.9150699220196291,0.2718482514812838,0.41928506880883165,0.021696879322491477
258,0,0,0.06294706977827487,0.07409184047083109,0.744107283469108,0.4611011425019399,0.9565458900103991,0.2490990316607231,0.6598080522719502,0.11831666899282146
259,0,0,0.20508153094468853,0.06134555031287458,0.7372216494287087,0.23404066590915865,0.9210788967299323,0.26436234611739856,0.7459143295830614,0.04179541849696814
260,0,1,0.6326330816208955,0.8196949466722571,0.7407396638409758,0.9430638330870235,0.34812591169557067,0.2513958950958047,0.786193663325402,0.027331109595345505
261,0,0,0.01073863313373771,0.5388272912600066,0.7427340895730151,0.9782711122197062,0.4615318402706991,0.30682596068761137,0.8369493069050383,0.02252076838482093
262,0,0,0.0015797031600853844,0.2822060761884922,0.7436223179060223,0.9741099618591111,0.49008027208942034,0.2442173261430705,0.7895784376092657,0.01770273507554514
263,0,0,0.005309843118410952,0.1273155092905663,0.7442049247364962,0.9659325152102389,0.5035003939344602,0.2804818761186001,0.7759353765071175,0.02209513256489696
264,1,0,0.011841932887603974,0.0742300835566774,0.7440571354479177,0.5887897788915701,0.9215671304166612,0.24240902606741255,0.41318149832712325,0.023591732209860317
265,0,0,0.09538952052220932,0.06138789716541105,0.7439114553709184,0.39793564536257137,0.9566408662862544,0.26986474539333205,0.6585780970612384,0.12148030127823395
266,0,0,0.3066826350069407,0.0586332578971345,0.73694097413378,0.18922607127147464,0.9205522580168152,0.24707865706213586,0.749418382964475,0.04207580483430538
267,0,1,0.7838656723805433,0.8183158601590745,0.7406419333094055,0.9273309302803058,0.3444151183822472,0.2651323106770742,0.7976808974733056,0.026889285798315746
268,0,0,0.024560450468010746,0.5376063367447287,0.7427382058480733,0.9775809749170875,0.4475874049162714,0.294623312282909,0.8518711846584384,0.021333453340019657
269,0,0,0.001708425797804285,0.28125170521503573,0.743706825984732,0.9748097262063568,0.46120522452990437,0.25372243828044616,0.7948771710786519,0.01649096883267523
270,0,0,0.005319722243275487,0.1268700093477278,0.7443131278734496,0.9704598152737796,0.464796027360468,0.2724495189987878,0.7773942169260966,0.021542751849215332
271,0,0,0.011606840406038968,0.07408227004268582,0.7441256524553638,0.9706101716233068,0.447935976413156,0.24862708114854246,0.7730030564109902,0.023426454621351966
272,1,0,0.015382731453070762,0.06133914637241267,0.7439419130645292,0.6331961770793427,0.896687905323631,0.26474705093493733,0.41302900231550776,0.023929133889090338
273,0,0,0.08380513590877045,0.05861609560870057,0.7438560571750812,0.4909334199008972,0.9509479517765304,0.2510919138221621,0.6590273067803502,0.12157070254841265
274,0,0,0.20994330748778475,0.058059411649534896,0.7369190004514417,0.2673200954613841,0.918254826166377,0.26186377604025945,0.7481738434060968,0.04199007037835929
275,0,1,0.6027445640416886,0.818000483029789,0.7406419010237374,0.951659261067103,0.3427524108153737,0.2531920633467438,0.7873051435812783,0.02704553072801612
276,0,0,0.00894678277483638,0.5373045917122138,0.7427271991911452,0.9797062068793331,0.4539226716991755,0.3051204878500542,0.8345960241876611,0.0224013293994901
277,0,0,0.001565904798061452,0.2810259836931029,0.7436288077897817,0.9749920433255994,0.4826295583759775,0.24545793730988505,0.7887745473117073,0.017899844087524423
278,1,0,0.005316348320547565,0.12680877406701632,0.7441928876134666,0.6019809339199242,0.921604270079907,0.27936317518911563,0.4175076226312261,0.022180233885824192
279,0,0,0.0690115397496991,0.07409950184293838,0.7440478532987471,0.43414463200053677,0.9580463824979677,0.24324472788765736,0.6591794151392266,0.11922810792933547
280,0,0,0.23328693789502708,0.061361107431711484,0.7371399635972745,0.20751451303493276,0.9217427999915823,0.26916694582331824,0.746453190401399,0.04192895445015276
281,0,1,0.6935997908868091,0.8197526758468265,0.7407075492301698,0.9359915760596694,0.34844575649429405,0.2476222226499236,0.7893161313206112,0.02726351640393541
282,0,0,0.015020014017773066,0.5389148209727621,0.7427299806868803,0.9772887085632552,0.45939747383160234,0.310207105212066,0.8427916181355714,0.022192170144199455
283,0,0,0.001621069402103318,0.2822776988194738,0.7436442623728635,0.9744047467825317,0.4828224944826614,0.24161324156143124,0.7915470541570395,0.017218992909178298
284,1,0,0.005301484445442577,0.1273362680441012,0.7442448804923967,0.5990008945259051,0.9211001621822821,0.2826962636984504,0.41857635547715405,0.021888069077255396
285,0,0,0.06980903754316614,0.0742244562739921,0.7440826544703639,0.4328554078511226,0.9578294619048799,0.24070807229820845,0.6595546226253257,0.11867930362373263
286,0,0,0.23505811825991682,0.06138069546696552,0.7371888756908955,0.20567115483237988,0.9215886699254631,0.2712728448594978,0.7466601641778148,0.04184913847728798
287,0,1,0.6974209037313994,0.8197345506520828,0.7407267691029039,0.9357625786107662,0.3481310578330966,0.24598090880476106,0.7895563126607088,0.02723642736678386
288,0,0,0.015324278845104868,0.5388781460384896,0.7427371938809921,0.9772106255739563,0.458828651102811,0.31168136206301544,0.8431613011111803,0.022166929392418634
289,0,0,0.0016244693689866376,0.2822431827675435,0.7436480217657081,0.9745376742388376,0.48184017773387483,0.2404797438098034,0.7916746414301179,0.017188798603367417
290,1,0,0.005298975693871263,0.12731981414491692,0.7442480315428036,0.5995462743898882,0.9207283416213732,0.28365953351566886,0.41862568820837054,0.021874723155373428
291,0,0,0.06963678221764322,0.0742192277354845,0.7440844576167241,0.43444540247581126,0.9577510758105169,0.23996933862754605,0.6595716786999345,0.11865402860761225
292,0,0,0.23348245664545872,0.06137911534775523,0.7371911842774942,0.2067542133241141,0.9215574444248318,0.2718856635842644,0.7466446392251641,0.04184550925578241
293,0,1,0.6946105553103075,0.8197322705208699,0.7407276664708546,0.93617784514083,0.348108589518078,0.2455042696877778,0.7893867195456646,0.027238372565674872
294,0,0,0.015082989388461143,0.5388750622466297,0.7427373047183359,0.9772350412780072,0.45893871146404835,0.3121103926679696,0.8428909445470489,0.02218462353982815
295,0,0,0.0016223405236381464,0.28224068723230566,0.7436468097428738,0.9745531297373767,0.48218944450016477,0.24015096764202037,0.7915793820723563,0.01721087083002565
296,0,0,0.005298567302517998,0.1273192921807041,0.7442461505831715,0.9667932306914,0.4925261558741788,0.28393975183749803,0.7764864165920145,0.021884683350867122
297,1,0,0.01179145108507701,0.07421961302964993,0.7440832414213608,0.602899327882768,0.917586748882584,0.2397549574442772,0.41338980153982574,0.02352915553194442
298,0,0,0.08945965949804975,0.061379484511968785,0.7439230326512402,0.4175970172179068,0.9558221134815711,0.2720637766378231,0.6586445428981554,0.12137121653897975
299,0,0,0.2801788848434195,0.05862888320094946,0.7369520067370666,0.20614627958404133,0.9202513964155482,0.24536589841476253,0.7487334880017443,0.0420614507301062
300,0,1,0.7448352519672384,0.818306714532877,0.7406460111211874,0.9326676994540019,0.34459532260465314,0.26653448472553665,0.7947881755637615,0.026975451810336785
301,0,0,0.019771638421613984,0.53759348114961,0.7427332667018091,0.9782095648712401,0.4501254490036184,0.2934016775850018,0.8481462124787821,0.02162636770709408
302,0,0,0.0016629388505654853,0.28124574537756664,0.7436848986072663,0.9745539594472319,0.46721065260197253,0.25469341497335213,0.7934251449522002,0.016785582258325406
303,0,0,0.005325285920058035,0.12687730404116182,0.7442864436865021,0.9697483131884109,0.4730634227442966,0.27164243211527517,0.7769940037511089,0.02169249688221105
304,1,0,0.01164722779155753,0.07409160832083123,0.7441078080576881,0.6194163556528512,0.9101646431593859,0.24926058187967592,0.4135873945854225,0.023471669632721643
305,0,0,0.08295141365691829,0.06134537654203957,0.7439338286563936,0.4508632710376302,0.9542786246730575,0.26423054323288925,0.6586938766284249,0.12126788579963048
306,0,0,0.24190424437425193,0.05861922533482764,0.736962409335447,0.23270446472731,0.9196984004667941,0.2514999673044797,0.7479733687250925,0.04205049323076244
307,0,1,0.6785573984615333,0.8182949242244512,0.7406496736955208,0.9414407490650907,0.344559698344215,0.26153317863293074,0.7906163656850833,0.027071440160768262
308,0,0,0.01367077687270974,0.5375785129407484,0.7427275214664624,0.9788966301663262,0.4534432863134561,0.2977698261909331,0.8418000922467771,0.02205553275024776
309,0,0,0.0016076393007073053,0.2812388016632563,0.7436531801686059,0.9745347664683819,0.4762741993581513,0.2512294547626629,0.7911488880168966,0.017299064468004804
310,1,0,0.005324283035933319,0.12688857187914046,0.7442417187879431,0.6109669019195916,0.918839085890958,0.2745269282969517,0.41842197782177415,0.02192966709572495
311,0,0,0.06616280691515176,0.07410700928165348,0.7440788666053391,0.4454137285886747,0.9573979341993809,0.24700346804415932,0.6595033678839384,0.11875842137682167
312,0,0,0.22090032082952993,0.0613555389969114,0.7371821688019842,0.2188456977789566,0.921444924207803,0.2660765460631726,0.7462086897523518,0.04186008911335369
313,0,1,0.6678545140120988,0.8197242550181572,0.7407241332677904,0.9389771240810902,0.34830454331191574,0.2500453851915355,0.7879469456487374,0.027294091719015246
314,0,0,0.013038398502810298,0.5388709508531514,0.7427324073018051,0.9777499360349392,0.46033135974109596,0.308034173686487,0.8403348667229716,0.022335684781052922
315,0,0,0.001601765369843525,0.2822414987484199,0.7436348524299728,0.9742408909306869,0.4859152122111732,0.24328527650177587,0.7907019285030061,0.017420839354885056
316,0,0,0.005306153912430234,0.1273250191142025,0.7442281393446051,0.9664616031866502,0.49765672330226673,0.2812738077366054,0.7762446873757339,0.02197668570736043
317,0,0,0.011810627037117091,0.07422613922976269,0.7440718320232423,0.9663643367950545,0.48774669333768506,0.2417998881275672,0.7726843306363684,0.023556584124910497
318,1,0,0.015711496421655993,0.06138359353973751,0.743917967327143,0.5843507234448773,0.9130067622311213,0.2703683664649564,0.4129387727527183,0.023965975010186803
319,0,0,0.10469524929040983,0.05863088818287635,0.743846878981308,0.4165469851223027,0.9544488861781982,0.24668556459640048,0.6590421330934861,0.12161836101253459
320,0,0,0.2996493532684917,0.05806455824659265,0.7369130258609385,0.1970299678889716,0.9194898409729353,0.2654536262477096,0.7506579219350598,0.04198784882394429
321,0,1,0.7715108535357009,0.8180070338759646,0.7406403999514709,0.9328517016676791,0.3422519872627624,0.25035510962994495,0.7972775681240203,0.026733022026499215
322,0,0,0.022540599681119107,0.5373123714640605,0.7427487812781328,0.9776565241707719,0.44530654990317164,0.30765028831142144,0.8508025640889147,0.02137287450240487
323,0,0,0.0016930729044881236,0.28101437661632694,0.7437069706563547,0.9757596017939222,0.45931500359438093,0.24349792925581054,0.7943946998365609,0.016574718676639927
324,0,0,0.005300288950928771,0.12676878641339545,0.744307296388083,0.9701632876831436,0.4629030099323354,0.28102096603740484,0.7772612670575211,0.021592295178890525
325,0,0,0.011628275445622692,0.07405716816979971,0.7441205732331599,0.9713390162283899,0.4458010025933109,0.24196458038598861,0.7729642284405553,0.023441463948949602
326,1,0,0.015330979016640186,0.06133476766054889,0.7439394618178697,0.6326545856462061,0.8957558594166146,0.2702223378637964,0.4130174904045994,0.023933612373594128
327,0,0,0.08399475718593133,0.0586157133030207,0.7438550680087914,0.49432898758884597,0.9507429339622249,0.24679677912690864,0.659015889561696,0.12157677416178425
328,0,0,0.2072969498809074,0.05805955022448044,0.7369182897588739,0.268921912807857,0.9181845824667455,0.2653617903887117,0.7481930442666487,0.04199236076103852
329,0,1,0.5976472524066335,0.818000990873576,0.7406415417007879,0.9523987837442031,0.3426633288122647,0.2504271526030178,0.7870299546521806,0.027043122053495957
330,0,0,0.008691662960263231,0.5373054394055254,0.7427272695269826,0.9796632456444467,0.45404005187156304,0.3075855351906254,0.8340909096326213,0.0224303032481188
331,0,0,0.0015642409252535961,0.2810265854109841,0.743626792404539,0.9751099159050135,0.48317920067613285,0.2435476025330149,0.7886153500545307,0.017942756238358823
332,1,0,0.005313159068967179,0.12680993416950692,0.7441893239794578,0.6005313445884145,0.9218297619263913,0.2809795819975986,0.41744651058138893,0.022197153114619145
333,0,0,0.06947696881503465,0.07410079825609174,0.7440456857768782,0.4330249777892131,0.9580973688788678,0.24199863514305847,0.6591573804517783,0.11925956329342231
334,0,0,0.23470586097340335,0.061361900358662375,0.7371371115718633,0.2060999085292588,0.9217654960200758,0.2701966795233711,0.7465023119741604,0.04193363582421059
335,0,1,0.6966007841009761,0.8197548332203934,0.7407064265698072,0.9357005352798357,0.3484340663236545,0.24681826537009957,0.7894780770610008,0.027257295913032747
336,0,0,0.015265307372752895,0.5389180140022105,0.7427301085760407,0.9772171684756639,0.45925332118222467,0.3109294459395519,0.8430764668022653,0.022175236089577027
337,0,0,0.001623610579039709,0.28228008389276615,0.7436454867841752,0.9744516323761268,0.4824210778777498,0.24105854016490896,0.7916464992798565,0.017195737259646928
338,0,0,0.005300263217329352,0.12733673724639397,0.7442468478424824,0.9668111170244656,0.49275516810371583,0.28316855703385635,0.7765048656954824,0.021877668213345445
339,1,0,0.011789536666159634,0.07422403296375836,0.7440839253481663,0.6022720071540163,0.9176655132604693,0.2403461313914601,0.41339709399869606,0.0235270634760616
340,0,0,0.08971303479879612,0.06138030510863586,0.7439233677148969,0.4170772511164555,0.9558370526922412,0.27157310936926893,0.65864684807219,0.12136740268063995
341,0,0,0.28095846706909355,0.058628982644954655,0.7369523729329892,0.20553027071352648,0.9202561003158009,0.245747311528904,0.7487642992761441,0.04206095243454006
342,0,1,0.7461591865734907,0.818306550974171,0.7406461480180739,0.932526890236887,0.34457773667943403,0.26622177728098123,0.7948764320144743,0.026971559598292207
343,0,0,0.019914096699423123,0.5375931868496665,0.742733578461903,0.9781810999478301,0.45003368620282286,0.29367373147401404,0.8482718198536743,0.021617364046226682
344,0,0,0.0016643613203873582,0.2812452611956254,0.7436856166848181,0.9745752730069582,0.467000522543382,0.25447679504028853,0.7934722610086437,0.016775568871717966
345,1,0,0.005324776607821828,0.12687677547105555,0.7442873431859854,0.6220346769856562,0.9149122420704849,0.27182225409921096,0.4193196930323857,0.021687618700647417
346,0,0,0.06283176191181297,0.07409121887701844,0.744108397694305,0.46173986997829747,0.9565100897414525,0.24911940223146817,0.6598202449159095,0.1182989798731626
347,0,0,0.20446831902461346,0.061345152742129865,0.7372232236481141,0.2346491476887825,0.9210636284975279,0.2643456905105632,0.7459041480302917,0.041792832389866884
348,0,1,0.631213211753065,0.8196937783813191,0.7407402836115685,0.9432284267339135,0.34811691655967675,0.25140902419247624,0.7861258105692407,0.02733238774315215
349,0,0,0.010654865481040304,0.5388255501921904,0.742734170720954,0.9782900371014803,0.4615758468939752,0.30681417296731406,0.8368122282600001,0.022527960087414062
350,0,0,0.0015789069616399514,0.2822046521207701,0.743621835197178,0.9741069756437934,0.490243499807347,0.24422636042764392,0.789533837185371,0.017714240907619465
351,0,0,0.005309933888206336,0.12731511744531185,0.7442039851305882,0.9659099294252439,0.5037298532826634,0.2804741428646572,0.7759230999391679,0.022099849825330146
352,1,0,0.01184326720084872,0.07423024137145369,0.7440565459867423,0.588522807458544,0.9216486053103938,0.24241496341528887,0.4131768333243782,0.023593128419879393
353,0,0,0.09550521048950564,0.061388069698433134,0.7439111951321454,0.39753640818232017,0.9566575251983109,0.2698598463219561,0.658576637879147,0.12148274503799715
354,0,0,0.3072300965745525,0.05863335271648027,0.7369407267271262,0.18890750001249806,0.9205583943869927,0.2470824901202678,0.7494316846448852,0.042076120764256576
355,0,0,0.7845982549383447,0.059613622647242154,0.7406418422856426,0.0832737879403521,0.8787430278619237,0.2651291828282925,0.7977401130349643,0.026887615305553284
356,0,0,0.9853402841423372,0.05898807723067604,0.7427382982981268,0.062444904612704986,0.8356183972990663,0.250695751286816,0.8519413490615946,0.021327498598139358
357,0,0,0.9951386258176961,0.05838610171729614,0.7437072695480005,0.06519449984493095,0.7763501032045027,0.26220621406783096,0.8767488883260705,0.0164854661087125
358,0,0,0.9953257779531928,0.058043948381838135,0.744313635609058,0.0853209332972772,0.7072735782353291,0.25293855589540826,0.8815494175322949,0.014635663494489791
359,0,0,0.9948509157189989,0.057838039570655815,0.7446099405155334,0.11922933304931833,0.6315026867445603,0.26033679357108785,0.8823473801554848,0.014297744483061604
360,1,0,0.9938993967099884,0.05772956407282766,0.7447150138377892,0.011404284861646673,0.9346679532132482,0.2543930562243879,0.608718322432468,0.014242180477458717
361,0,0,0.9964181244746632,0.057683724191193574,0.7447477670137045,0.03457327453984801,0.9244611591636044,0.2591457926822222,0.8299235263625946,0.051090818502545154
362,0,0,0.9960311191019371,0.05766692656672112,0.7421678995199611,0.04071138011643618,0.8502141872551464,0.2553334166083302,0.8737344561417185,0.018473457295976395
363,0,1,0.995886274377691,0.8145867503923658,0.7437505661755175,0.8928744116057232,0.20058061932639656,0.25838555778035976,0.881112849189953,0.014855937791830226
364,0,0,0.08112226410610202,0.5309026648061108,0.7444397576868035,0.9851834562936828,0.23731757410030124,0.3003106142864997,0.8823129157442694,0.01432840250211227
365,0,0,0.002258001374613024,0.2746902935984584,0.7446661150446543,0.9900235517903007,0.2213433759147522,0.24886439609048824,0.8081730541350199,0.01424465188494037
366,0,0,0.005110478899964876,0.12367699132981344,0.7447341625039003,0.9897826137376212,0.2095206048786006,0.27612457089796033,0.7810494074097236,0.020220783980285085
367,0,0,0.010706324035824036,0.0731279871147609,0.74433414902832,0.9908403052757726,0.1924128005386814,0.24558484625881552,0.7739865124992583,0.023017761876959093
